t_ms,wx,wy,wz,p_x,p_y,p_z,v_x,v_y,v_z,a_x,a_y,a_z,d_theta,d_alpha,d_beta,q_w,q_x,q_y,q_z
718191.0,0.000201,0.000845,8.8e-05,0.0,0.0,0.0,0.0,0.0,0.0,-5.846142,0.057428,0.0,0.0,0.0,0.0,1.0,1e-06,3e-06,0.0
718293.0,0.000507,0.001761,0.001309,0.0,0.0,0.0,0.0,0.0,0.0,-9.73721,0.107715,0.0,0.0,0.0,0.0,1.0,-2.7e-05,7e-06,1.6e-05
718393.0,0.000201,-0.001599,-0.000523,0.0,0.0,0.0,0.0,0.0,0.0,-9.742339,0.108106,0.0,0.0,0.0,0.0,1.0,-9.3e-05,-5.4e-05,1e-06
718495.0,-0.00102,-0.001294,0.000699,0.0,0.0,0.0,0.0,0.0,0.0,-9.740848,0.101163,0.0,0.0,0.0,0.0,1.0,-0.000107,-0.000109,-4e-06
718597.0,-0.00041,0.002677,8.8e-05,0.0,0.01009,0.002415,0.0,0.003041,0.000695,-9.73526,0.098753,0.0,0.0,0.0,0.0,1.0,-0.000125,-0.000117,4e-06
718701.0,-0.000715,0.000234,-0.000523,0.005163,0.011179,-0.0028,0.001973,0.003336,-0.001261,-9.737076,0.097698,0.0,0.0,0.0,0.0,1.0,-0.000117,-0.000107,-1.5e-05
718803.0,0.000812,0.000539,-0.000218,0.005688,0.001093,0.00105,0.002124,-0.001515,0.000536,-9.738975,0.098665,0.0,0.0,0.0,0.0,1.0,-0.000113,-8.2e-05,-2e-05
718905.0,-0.001326,-0.001294,-0.000523,0.005738,0.010303,0.000209,0.002038,0.003336,8.2e-05,-9.736847,0.105422,0.0,0.0,0.0,0.0,1.0,-0.000129,-0.000107,-2.2e-05
719007.0,-0.003464,-0.000683,-0.000523,0.010962,0.011226,-0.002454,0.004951,0.003675,-0.001439,-9.736419,0.109815,0.0,0.0,0.0,0.0,1.0,-0.000222,-0.000198,-2.1e-05
719109.0,-0.00041,-0.000683,0.000393,0.011505,0.011331,0.001983,0.004974,0.003504,0.001394,-9.737327,0.106897,0.0,0.0,0.0,0.0,1.0,-0.00026,-0.000205,-1.6e-05
719214.0,0.001423,0.002372,-0.000523,0.011556,0.011336,-0.00381,0.004661,0.003263,-0.002507,-9.739709,0.099959,0.0,0.0,0.0,0.0,1.0,-0.000254,-0.000153,-5e-06
719316.0,-0.00041,-0.000683,-0.000523,0.016841,0.011331,0.001748,0.008152,0.003017,0.001634,-9.737696,0.104218,0.0,0.0,0.0,0.0,1.0,-0.000263,-0.000127,-1.7e-05
719418.0,-0.001326,-0.000988,-0.000218,0.017318,0.011298,-0.005619,0.007893,0.002767,-0.00384,-9.738776,0.097939,0.0,0.0,0.0,0.0,1.0,-0.000225,-0.000111,-0.0
719520.0,-0.000104,-0.000683,-0.000523,0.017378,0.0113,-0.005335,0.00732,0.002551,-0.003328,-9.730994,0.102736,0.0,0.0,0.0,0.0,1.0,-0.000192,-0.000121,1.9e-05
719622.0,-0.00102,-0.000377,-0.000218,0.022721,0.011301,0.001503,0.010931,0.002347,0.002238,-9.736506,0.109329,0.0,0.0,0.0,0.0,1.0,-0.000255,-0.000169,3e-06
719728.0,0.000201,-7.2e-05,0.001004,0.023257,0.00065,-0.00565,0.010437,-0.006384,-0.003607,-9.741108,0.102845,0.0,0.0,0.0,0.0,1.0,-0.000267,-0.000204,8e-06
719830.0,-0.000715,-7.2e-05,0.000699,0.023286,0.01023,-0.007066,0.009577,0.002087,-0.004461,-9.742807,0.106963,0.0,0.0,0.0,0.0,1.0,-0.00025,-0.000186,3.1e-05
719932.0,0.002339,-0.000377,-0.000829,0.028678,0.011249,-0.00735,0.013236,0.002755,-0.004321,-9.738137,0.098612,0.0,0.0,0.0,0.0,1.0,-0.000227,-0.000141,1.9e-05
720034.0,-0.00102,0.000845,0.000393,0.023717,0.011337,-0.006506,0.008005,0.002595,-0.003267,-9.741094,0.095966,0.0,0.0,0.0,0.0,1.0,-0.000219,-9.6e-05,1.7e-05
720136.0,-0.00102,-0.001294,8.8e-05,0.02317,0.011331,-0.009796,0.006871,0.00237,-0.005697,-9.735396,0.098709,0.0,0.0,0.0,0.0,1.0,-0.000204,-0.000111,3.3e-05
720240.0,-0.00041,-7.2e-05,8.8e-05,0.028531,0.011315,-0.004311,0.010824,0.002147,-0.000596,-9.742373,0.107772,0.0,0.0,0.0,0.0,1.0,-0.000254,-0.000143,4.5e-05
720342.0,0.001423,0.000539,0.000393,0.029042,0.011308,-0.010987,0.010293,0.001944,-0.00643,-9.735268,0.09978,0.0,0.0,0.0,0.0,1.0,-0.000278,-0.000168,3.4e-05
720445.0,0.000201,0.002677,-0.000829,0.029022,0.011293,-0.009777,0.009384,0.001763,-0.004861,-9.739966,0.10534,0.0,0.0,0.0,0.0,1.0,-0.000292,-0.000165,1.2e-05
720547.0,0.000507,0.000539,0.000699,0.034485,0.011287,-0.011269,0.013212,0.001605,-0.005698,-9.739465,0.095709,0.0,0.0,0.0,0.0,1.0,-0.000272,-0.000161,1.3e-05
720649.0,-0.00102,-0.001294,0.000393,0.034953,0.011273,-0.01153,0.012466,0.001454,-0.005429,-9.739133,0.10094,0.0,0.0,0.0,0.0,1.0,-0.00024,-0.000185,2.7e-05
720755.0,0.001118,-0.002515,-0.000829,0.029405,0.011264,-0.005365,0.006643,0.001316,0.000223,-9.742208,0.097507,0.0,0.0,0.0,0.0,1.0,-0.000234,-0.000181,1.6e-05
720857.0,-0.000715,0.000539,-0.000829,0.028813,0.011257,-0.009426,0.005537,0.001193,-0.003275,-9.740234,0.103233,0.0,0.0,0.0,0.0,1.0,-0.00026,-0.000276,3e-05
720959.0,-0.00041,0.002677,-0.00144,0.028694,0.011244,-0.006691,0.004953,0.001078,-0.000677,-9.739633,0.103985,0.0,0.0,0.0,0.0,1.0,-0.000227,-0.000271,2.4e-05
721061.0,-0.00102,-0.000683,8.8e-05,0.033844,0.022259,-0.006235,0.008891,0.010372,5.9e-05,-9.738867,0.096579,0.0,0.0,0.0,0.0,1.0,-0.000205,-0.000245,2.8e-05
721164.0,0.001118,0.000234,-0.000523,0.033893,0.012248,-0.010133,0.008088,4.6e-05,-0.00353,-9.735167,0.099897,0.0,0.0,0.0,0.0,1.0,-0.000192,-0.000159,1.5e-05
721268.0,0.001118,0.000845,0.000393,0.033939,0.021353,-0.011742,0.007326,0.008688,-0.00469,-9.736099,0.097486,0.0,0.0,0.0,0.0,1.0,-0.000234,-0.000184,1.2e-05
721370.0,-0.001326,-0.002515,-0.000523,0.033883,0.022262,-0.002947,0.006578,0.008709,0.003855,-9.742736,0.101117,0.0,0.0,0.0,0.0,1.0,-0.000289,-0.000241,1e-05
721473.0,-0.00102,-0.00221,-0.000523,0.039032,0.022396,-0.002082,0.010747,0.008005,0.004288,-9.739297,0.105497,0.0,0.0,0.0,0.0,1.0,-0.000272,-0.000215,-4e-06
721575.0,0.001423,0.00115,-0.000523,0.034475,0.022438,0.001386,0.005484,0.007282,0.007071,-9.737026,0.104161,0.0,0.0,0.0,0.0,1.0,-0.000244,-0.000223,-1.8e-05
721677.0,0.001118,0.001455,0.001309,0.039145,0.02242,0.011195,0.0093,0.006574,0.01541,-9.743622,0.094485,0.0,0.0,0.0,0.0,1.0,-0.000241,-0.000225,-3.6e-05
721782.0,0.001118,-7.2e-05,8.8e-05,0.039653,0.03268,0.016502,0.008858,0.015603,0.018839,-9.740979,0.094362,0.0,0.0,0.0,0.0,1.0,-0.000228,-0.00022,1e-06
721884.0,-0.000715,-0.000377,-0.001134,0.039727,0.023532,0.019287,0.008093,0.005722,0.019619,-9.738865,0.111561,0.0,0.0,0.0,0.0,1.0,-0.000214,-0.000241,2.7e-05
721986.0,0.001118,-0.001294,-0.000218,0.044936,0.032866,0.029812,0.012104,0.013729,0.027335,-9.737338,0.119875,0.0,0.0,0.0,0.0,1.0,-0.00019,-0.000202,3.9e-05
722089.0,-0.00041,0.000845,-0.000829,0.045426,0.033768,0.031818,0.011417,0.013266,0.026615,-9.739649,0.102159,0.0,0.0,0.0,0.0,1.0,-0.000238,-0.000229,-5e-06
722190.0,0.000201,0.001455,0.000699,0.045425,0.0338,0.03877,0.01036,0.012069,0.030484,-9.740615,0.096628,0.0,0.0,0.0,0.0,1.0,-0.000244,-0.000231,-4e-06
722294.0,-0.00041,-0.000377,0.001004,0.045473,0.033858,0.041928,0.009363,0.01091,0.030467,-9.738546,0.101611,0.0,0.0,0.0,0.0,1.0,-0.000206,-0.000209,2e-06
722396.0,-0.000715,-0.000988,-0.000523,0.045429,0.033808,0.047463,0.008456,0.009854,0.032654,-9.743046,0.103607,0.0,0.0,0.0,0.0,1.0,-0.000185,-0.000194,-5e-06
722498.0,-0.00041,0.003593,-0.000218,0.045444,0.033825,0.055315,0.007687,0.008959,0.036688,-9.737941,0.098563,0.0,0.0,0.0,0.0,1.0,-0.000248,-0.000267,-5e-06
722601.0,-0.000104,0.000539,-0.000829,0.045409,0.033784,0.056759,0.006945,0.008094,0.034624,-9.742925,0.105258,0.0,0.0,0.0,0.0,1.0,-0.000316,-0.000311,-1.2e-05
722703.0,-0.00041,-0.001904,-0.000523,0.050705,0.044244,0.062119,0.011097,0.016814,0.03625,-9.733335,0.104779,0.0,0.0,0.0,0.0,1.0,-0.000315,-0.000313,-1.8e-05
722806.0,0.000201,0.001455,0.000393,0.051216,0.034762,0.066433,0.01052,0.006648,0.036755,-9.736057,0.103154,0.0,0.0,0.0,0.0,1.0,-0.00031,-0.000278,-6e-06
722909.0,-0.00041,0.000539,0.001004,0.051278,0.044324,0.066455,0.009609,0.014631,0.033434,-9.741987,0.100608,0.0,0.0,0.0,0.0,1.0,-0.000282,-0.000293,-1e-05
723011.0,-0.00041,0.000234,-0.000829,0.051232,0.045269,0.065388,0.008696,0.014145,0.029492,-9.738,0.101419,0.0,0.0,0.0,0.0,1.0,-0.000281,-0.000294,-1.6e-05
723113.0,-0.001326,-0.001294,-0.00144,0.05653,0.045286,0.072698,0.012661,0.012859,0.033304,-9.739861,0.106311,0.0,0.0,0.0,0.0,1.0,-0.000294,-0.000305,-2.7e-05
723217.0,-0.001326,-0.001904,-0.000218,0.0571,0.045323,0.083605,0.011986,0.01169,0.039865,-9.737506,0.098355,0.0,0.0,0.0,0.0,1.0,-0.000298,-0.000341,-4.9e-05
723320.0,-0.00041,0.000845,0.001004,0.057063,0.045231,0.08813,0.010839,0.01052,0.040245,-9.740314,0.096605,0.0,0.0,0.0,0.0,1.0,-0.000292,-0.000331,-3.9e-05
723422.0,0.000507,0.001761,8.8e-05,0.062369,0.045153,0.096492,0.0146,0.009488,0.044014,-9.743204,0.099955,0.0,0.0,0.0,0.0,1.0,-0.000275,-0.000331,-5.3e-05
723525.0,0.000201,-0.001904,8.8e-05,0.062902,0.055769,0.100698,0.013743,0.018095,0.043749,-9.739341,0.101137,0.0,0.0,0.0,0.0,1.0,-0.000296,-0.000355,-5.7e-05
723627.0,-0.000104,-0.00221,8.8e-05,0.062876,0.046112,0.102143,0.012481,0.007956,0.041107,-9.734371,0.102689,0.0,0.0,0.0,0.0,1.0,-0.000292,-0.00038,-5.8e-05
723731.0,-0.000104,-7.2e-05,-0.000829,0.06289,0.055852,0.105914,0.011349,0.015825,0.040671,-9.736046,0.108659,0.0,0.0,0.0,0.0,1.0,-0.000287,-0.000376,-5.4e-05
723833.0,0.000812,0.002372,-0.001745,0.062839,0.056824,0.112551,0.010259,0.015244,0.042875,-9.743106,0.107198,0.0,0.0,0.0,0.0,1.0,-0.00032,-0.000426,-5.6e-05
723935.0,-0.001937,-0.001294,-0.000218,0.06276,0.056818,0.117096,0.009277,0.013882,0.043022,-9.737879,0.104731,0.0,0.0,0.0,0.0,1.0,-0.000322,-0.000421,-4.4e-05
724037.0,-0.002548,-0.000683,-0.001134,0.068156,0.056721,0.122064,0.013166,0.012555,0.043513,-9.736089,0.101989,0.0,0.0,0.0,0.0,1.0,-0.000319,-0.000384,-5.1e-05
724140.0,-0.000104,0.001455,0.000699,0.07414,0.056686,0.11947,0.017259,0.011389,0.03737,-9.745106,0.099176,0.0,0.0,0.0,0.0,1.0,-0.000343,-0.000392,-6.1e-05
724243.0,0.000201,-7.2e-05,0.000393,0.069157,0.056601,0.118633,0.011381,0.010295,0.033337,-9.74241,0.099623,0.0,0.0,0.0,0.0,1.0,-0.000384,-0.000459,-4.3e-05
724345.0,-0.002242,-0.001599,8.8e-05,0.068557,0.056502,0.119058,0.009767,0.009243,0.030659,-9.742101,0.100693,0.0,0.0,0.0,0.0,1.0,-0.000365,-0.000404,-1.8e-05
724448.0,-0.000715,-0.000988,0.001309,0.068415,0.056418,0.126802,0.008766,0.008338,0.034629,-9.740024,0.113832,0.0,0.0,0.0,0.0,1.0,-0.000393,-0.000421,-4e-06
724550.0,0.001423,0.002372,-0.000218,0.073886,0.056398,0.127399,0.012722,0.00758,0.032097,-9.741584,0.10545,0.0,0.0,0.0,0.0,1.0,-0.000433,-0.000396,-1.2e-05
724653.0,-0.000104,-0.000988,0.000699,0.074356,0.067252,0.131633,0.012002,0.016291,0.032907,-9.739512,0.094613,0.0,0.0,0.0,0.0,1.0,-0.000442,-0.000445,-4.4e-05
724758.0,0.000507,-0.000377,-0.000218,0.073361,0.066944,0.135975,0.009985,0.014448,0.033988,-9.743933,0.095046,0.0,0.0,0.0,0.0,1.0,-0.000459,-0.000459,-5.5e-05
724860.0,0.000201,0.000845,-0.001134,0.074381,0.06842,0.139448,0.009985,0.014448,0.033988,-9.733774,0.105616,0.0,0.0,0.0,0.0,1.0,-0.000501,-0.000454,-5.8e-05
724962.0,0.001118,-7.2e-05,0.000393,0.073883,0.066923,0.139099,0.008437,0.011807,0.030685,-9.739462,0.099662,0.0,0.0,0.0,0.0,1.0,-0.000493,-0.000472,-4.6e-05
725064.0,-0.000104,-0.000377,-0.000218,0.078503,0.066914,0.144499,0.011956,0.010665,0.03277,-9.741814,0.100955,0.0,0.0,0.0,0.0,1.0,-0.000496,-0.000462,-3.5e-05
725167.0,0.000201,-7.2e-05,-0.000218,0.07903,0.066966,0.141628,0.011299,0.009688,0.027003,-9.738343,0.100641,0.0,0.0,0.0,0.0,1.0,-0.000444,-0.000448,-6.7e-05
725271.0,0.000507,-0.000683,8.8e-05,0.079123,0.07718,0.146815,0.010268,0.018428,0.029218,-9.737906,0.097733,0.0,0.0,0.0,0.0,1.0,-0.000498,-0.000472,-8.5e-05
725374.0,0.000201,0.000234,-0.000829,0.084227,0.078128,0.150129,0.014027,0.017551,0.029506,-9.742537,0.110394,0.0,0.0,0.0,0.0,1.0,-0.000488,-0.000497,-8.7e-05
725476.0,0.001118,-0.000683,-0.000523,0.084771,0.078292,0.146763,0.013196,0.016028,0.023625,-9.734194,0.109909,0.0,0.0,0.0,0.0,1.0,-0.000474,-0.00052,-6.8e-05
725578.0,0.000507,-0.001294,8.8e-05,0.090045,0.078358,0.156801,0.016824,0.014578,0.03059,-9.738396,0.10215,0.0,0.0,0.0,0.0,1.0,-0.000459,-0.000524,-6.1e-05
725681.0,-0.00041,0.000539,-0.000523,0.085354,0.07832,0.162959,0.010913,0.013167,0.033346,-9.741134,0.105503,0.0,0.0,0.0,0.0,1.0,-0.000435,-0.000501,-8.7e-05
725785.0,0.001118,-0.000683,-0.000218,0.084912,0.088649,0.167581,0.009435,0.021548,0.034404,-9.73912,0.098194,0.0,0.0,0.0,0.0,1.0,-0.000438,-0.000505,-9.5e-05
725887.0,-0.00041,0.000234,-0.000218,0.084824,0.079325,0.174219,0.008479,0.011026,0.037249,-9.737273,0.101113,0.0,0.0,0.0,0.0,1.0,-0.000466,-0.000501,-0.000106
725989.0,0.002034,0.000234,-0.000523,0.090028,0.088698,0.181279,0.012453,0.018583,0.040184,-9.736113,0.104817,0.0,0.0,0.0,0.0,1.0,-0.00044,-0.0005,-0.000102
726091.0,-0.00041,-7.2e-05,8.8e-05,0.090586,0.089693,0.182756,0.011798,0.017754,0.037804,-9.738662,0.108796,0.0,0.0,0.0,0.0,1.0,-0.000452,-0.000467,-9.3e-05
726198.0,0.001423,0.000234,-0.000523,0.09064,0.089791,0.189765,0.010709,0.01613,0.040488,-9.737673,0.106449,0.0,0.0,0.0,0.0,1.0,-0.000431,-0.000468,-0.000111
726302.0,-0.001631,-0.000988,-0.000523,0.090676,0.100269,0.192918,0.009669,0.024574,0.039476,-9.73922,0.101558,0.0,0.0,0.0,0.0,1.0,-0.000455,-0.000457,-0.00014
726404.0,0.001728,0.000539,-0.000523,0.090568,0.090668,0.199931,0.008687,0.013712,0.042133,-9.745877,0.104199,0.0,0.0,0.0,0.0,1.0,-0.000448,-0.000463,-0.000141
726507.0,0.001423,-0.000988,0.000699,0.090575,0.100238,0.204697,0.007889,0.02109,0.042533,-9.737059,0.105391,0.0,0.0,0.0,0.0,1.0,-0.000451,-0.000471,-0.000152
726609.0,0.001728,-0.00221,0.000699,0.095897,0.101272,0.209898,0.011945,0.020083,0.04329,-9.740293,0.110693,0.0,0.0,0.0,0.0,1.0,-0.000469,-0.000483,-0.000141
726711.0,0.000507,0.002066,0.001309,0.0964,0.101267,0.219253,0.011303,0.018246,0.047647,-9.738096,0.103422,0.0,0.0,0.0,0.0,1.0,-0.000423,-0.000421,-0.000142
726816.0,0.000812,-7.2e-05,-0.000218,0.101813,0.101279,0.221129,0.015145,0.016528,0.044875,-9.742928,0.106982,0.0,0.0,0.0,0.0,1.0,-0.000389,-0.000381,-0.000157
726917.0,0.001118,0.000234,8.8e-05,0.096916,0.101171,0.228912,0.009442,0.014944,0.047703,-9.742571,0.104871,0.0,0.0,0.0,0.0,1.0,-0.000369,-0.000352,-0.000178
727019.0,-0.001326,-7.2e-05,-0.000523,0.096366,0.111695,0.228443,0.008092,0.022969,0.042999,-9.737791,0.103916,0.0,0.0,0.0,0.0,1.0,-0.000325,-0.000354,-0.000183
727122.0,0.000201,-7.2e-05,0.000393,0.101692,0.102145,0.228354,0.012087,0.0124,0.03906,-9.741934,0.106079,0.0,0.0,0.0,0.0,1.0,-0.00035,-0.00041,-0.000171
727224.0,0.000201,0.000539,-0.000523,0.102189,0.101044,0.227197,0.011434,0.01031,0.034562,-9.745705,0.105408,0.0,0.0,0.0,0.0,1.0,-0.000363,-0.000401,-0.00019
727328.0,0.001118,0.000234,8.8e-05,0.102223,0.100918,0.226048,0.010392,0.009229,0.030344,-9.738662,0.104524,0.0,0.0,0.0,0.0,1.0,-0.000369,-0.000363,-0.000202
727429.0,0.001423,0.001761,0.00192,0.102092,0.111523,0.232366,0.009349,0.017712,0.033154,-9.744492,0.100196,0.0,0.0,0.0,0.0,1.0,-0.000365,-0.000308,-0.000204
727532.0,-0.00041,0.000539,-0.000218,0.102088,0.101856,0.224973,0.008502,0.007588,0.023759,-9.74088,0.104855,0.0,0.0,0.0,0.0,1.0,-0.000337,-0.000332,-0.00019
727634.0,-0.00102,-0.001599,-0.000523,0.107507,0.11155,0.23633,0.012544,0.015511,0.031589,-9.743141,0.104635,0.0,0.0,0.0,0.0,1.0,-0.000359,-0.000377,-0.000205
727738.0,-0.001631,-0.000377,-0.000829,0.102537,0.112498,0.230643,0.007051,0.014927,0.023811,-9.740641,0.109225,0.0,0.0,0.0,0.0,1.0,-0.0004,-0.000428,-0.000231
727840.0,0.000812,-0.000988,-0.000218,0.107487,0.112542,0.234647,0.010806,0.013615,0.025193,-9.737466,0.108491,0.0,0.0,0.0,0.0,1.0,-0.000435,-0.000443,-0.000249
727943.0,0.000812,0.000539,-0.000218,0.107919,0.112427,0.23701,0.010213,0.012288,0.025002,-9.739045,0.107412,0.0,0.0,0.0,0.0,1.0,-0.000418,-0.000414,-0.000247
728045.0,0.000201,-0.000377,-0.000829,0.113392,0.112331,0.239062,0.01406,0.011105,0.024554,-9.741361,0.102507,0.0,0.0,0.0,0.0,1.0,-0.000408,-0.00042,-0.000252
728148.0,-0.00041,-0.000683,-0.000523,0.113915,0.1123,0.244662,0.013262,0.010087,0.027217,-9.73805,0.108965,0.0,0.0,0.0,0.0,1.0,-0.000433,-0.000442,-0.00024
728251.0,-0.00102,-0.00221,-0.000218,0.108329,0.112215,0.24826,0.007227,0.00911,0.027891,-9.739395,0.106137,0.0,0.0,0.0,0.0,1.0,-0.000421,-0.000415,-0.000247
728354.0,0.001423,-0.001294,8.8e-05,0.113275,0.112179,0.248015,0.01108,0.008221,0.025099,-9.735369,0.105166,0.0,0.0,0.0,0.0,1.0,-0.00043,-0.000458,-0.000278
728456.0,0.001118,0.002372,8.8e-05,0.119215,0.123028,0.256459,0.015224,0.016857,0.03013,-9.741673,0.10433,0.0,0.0,0.0,0.0,1.0,-0.000408,-0.00047,-0.000264
728559.0,-0.000104,-0.001294,0.000699,0.119755,0.12403,0.257126,0.014352,0.016237,0.028081,-9.738664,0.113136,0.0,0.0,0.0,0.0,1.0,-0.00037,-0.00044,-0.000228
728661.0,0.001118,0.000539,-0.000523,0.122998,0.122601,0.258994,0.01639,0.013506,0.026978,-9.736744,0.106641,0.0,0.0,0.0,0.0,1.0,-0.00033,-0.000435,-0.000212
728766.0,-0.001326,0.000539,-0.000523,0.118905,0.122595,0.256236,0.010826,0.012139,0.02171,-9.739504,0.108412,0.0,0.0,0.0,0.0,1.0,-0.000336,-0.00045,-0.000225
728869.0,-0.00041,0.000539,-0.000829,0.123661,0.122651,0.263908,0.014229,0.011029,0.026737,-9.738606,0.107569,0.0,0.0,0.0,0.0,1.0,-0.000357,-0.000468,-0.000255
728971.0,-0.001326,-7.2e-05,0.000393,0.129285,0.1328,0.269542,0.018115,0.019435,0.02941,-9.738836,0.098222,0.0,0.0,0.0,0.0,1.0,-0.000352,-0.000461,-0.000248
729073.0,0.000812,-0.000377,-0.000218,0.129929,0.123737,0.260106,0.016997,0.009187,0.018011,-9.737453,0.104436,0.0,0.0,0.0,0.0,1.0,-0.000314,-0.000421,-0.000242
729176.0,0.000507,0.002372,-0.000218,0.129953,0.122736,0.267971,0.015406,0.007387,0.023525,-9.741262,0.105135,0.0,0.0,0.0,0.0,1.0,-0.000294,-0.000402,-0.000219
729281.0,-0.000715,0.000845,-0.000523,0.130013,0.122663,0.273739,0.013926,0.006581,0.026594,-9.736603,0.108773,0.0,0.0,0.0,0.0,1.0,-0.000291,-0.000363,-0.000197
729383.0,0.001118,-0.000988,-0.000218,0.129888,0.122593,0.272166,0.012498,0.005896,0.022673,-9.742797,0.10719,0.0,0.0,0.0,0.0,1.0,-0.0003,-0.000355,-0.000196
729485.0,-0.001326,0.000234,0.000699,0.12993,0.122611,0.277725,0.011357,0.005356,0.025626,-9.737387,0.121172,0.0,0.0,0.0,0.0,1.0,-0.000304,-0.000335,-0.000199
729587.0,-0.000104,-0.001294,8.8e-05,0.129964,0.122627,0.278096,0.010332,0.004873,0.023606,-9.741887,0.105662,0.0,0.0,0.0,0.0,1.0,-0.000301,-0.000338,-0.000199
729689.0,-0.000104,0.002372,8.8e-05,0.135157,0.122608,0.278882,0.014139,0.004398,0.022132,-9.738192,0.087228,0.0,0.0,0.0,0.0,1.0,-0.000309,-0.000338,-0.000198
729795.0,0.002339,0.001761,-0.000523,0.135724,0.122619,0.279093,0.013277,0.003975,0.020179,-9.741941,0.101179,0.0,0.0,0.0,0.0,1.0,-0.00032,-0.000342,-0.000198
729897.0,-0.000104,-0.003126,-0.000523,0.135801,0.122625,0.280806,0.01211,0.00361,0.019861,-9.737577,0.120307,0.0,0.0,0.0,0.0,1.0,-0.000307,-0.000308,-0.000191
729999.0,-0.000104,-0.000683,0.000699,0.135747,0.122607,0.28189,0.010947,0.003262,0.019023,-9.737555,0.108927,0.0,0.0,0.0,0.0,1.0,-0.000264,-0.000266,-0.000184
730101.0,0.002034,-0.000988,0.001004,0.135698,0.122592,0.280328,0.009884,0.002945,0.015875,-9.73711,0.102664,0.0,0.0,0.0,0.0,1.0,-0.000274,-0.000355,-0.000202
730202.0,0.000201,-7.2e-05,8.8e-05,0.135692,0.12259,0.280846,0.008976,0.002675,0.014909,-9.742191,0.091842,0.0,0.0,0.0,0.0,1.0,-0.000294,-0.000374,-0.000221
730307.0,-0.000715,-0.000683,-0.000523,0.13567,0.122584,0.278378,0.008062,0.002402,0.011151,-9.740095,0.096842,0.0,0.0,0.0,0.0,1.0,-0.000231,-0.000338,-0.000217
730409.0,0.002034,0.000234,-0.00144,0.135618,0.122568,0.283733,0.007271,0.002166,0.014924,-9.73991,0.114911,0.0,0.0,0.0,0.0,1.0,-0.0002,-0.000299,-0.00016
730511.0,0.000812,0.000845,0.00192,0.135621,0.122569,0.284803,0.006612,0.00197,0.014525,-9.738207,0.10887,0.0,0.0,0.0,0.0,1.0,-0.000153,-0.000269,-0.000139
730613.0,0.001118,0.000234,8.8e-05,0.135581,0.111992,0.276382,0.005974,-0.00765,0.005785,-9.739394,0.095575,0.0,0.0,0.0,0.0,1.0,-0.000223,-0.000322,-0.000159
730715.0,-0.000715,-0.001599,-0.000523,0.135586,0.12148,0.276416,0.005439,0.001439,0.005298,-9.735352,0.093487,0.0,0.0,0.0,0.0,1.0,-0.000294,-0.000385,-0.000176
730820.0,-0.00041,-0.001599,-0.001134,0.130194,0.111857,0.269557,1.9e-05,-0.007447,-0.00134,-9.739286,0.092915,0.0,0.0,0.0,0.0,1.0,-0.000282,-0.000359,-0.000207
730922.0,0.002034,-7.2e-05,-0.000523,0.129617,0.11088,0.266395,-0.000493,-0.007638,-0.003993,-9.737873,0.109686,0.0,0.0,0.0,0.0,1.0,-0.000251,-0.000326,-0.000219
731024.0,-0.000104,0.001455,8.8e-05,0.129561,0.121507,0.265787,-0.000498,0.00237,-0.004166,-9.74061,0.108949,0.0,0.0,0.0,0.0,1.0,-0.000245,-0.000341,-0.000229
731126.0,-0.001937,-0.001904,-0.000218,0.129556,0.11189,0.259651,-0.000457,-0.006397,-0.009178,-9.735623,0.120545,0.0,0.0,0.0,0.0,1.0,-0.000244,-0.000363,-0.000239
731228.0,-0.001631,-0.00221,0.000393,0.129559,0.110909,0.253225,-0.000413,-0.006686,-0.013972,-9.738364,0.107866,0.0,0.0,0.0,0.0,1.0,-0.000245,-0.000378,-0.000249
731333.0,0.000812,0.001761,-0.000523,0.124117,0.110849,0.255506,-0.005212,-0.006119,-0.010687,-9.734941,0.10025,0.0,0.0,0.0,0.0,1.0,-0.000262,-0.000418,-0.000262
731435.0,0.00295,0.002677,-0.000218,0.129048,0.110889,0.251699,-0.000384,-0.005531,-0.013062,-9.739179,0.097255,0.0,0.0,0.0,0.0,1.0,-0.000269,-0.00043,-0.000251
731537.0,-0.001326,0.000234,0.000393,0.129544,0.110899,0.243178,9e-05,-0.00502,-0.019344,-9.73882,0.100752,0.0,0.0,0.0,0.0,1.0,-0.000256,-0.00041,-0.00024
731640.0,-0.002548,-0.001599,8.8e-05,0.124132,0.110905,0.24143,-0.004632,-0.004567,-0.019142,-9.739655,0.113721,0.0,0.0,0.0,0.0,1.0,-0.000255,-0.000401,-0.000229
731741.0,0.000812,-0.000683,-0.000829,0.123595,0.110948,0.240374,-0.00469,-0.004124,-0.018376,-9.735185,0.10692,0.0,0.0,0.0,0.0,1.0,-0.00024,-0.000411,-0.00022
731846.0,0.000812,0.000234,0.000699,0.123548,0.110959,0.235815,-0.0043,-0.003735,-0.02068,-9.735803,0.106447,0.0,0.0,0.0,0.0,1.0,-0.000259,-0.000449,-0.000186
731948.0,-0.000104,-7.2e-05,0.000699,0.118052,0.110992,0.2324,-0.008671,-0.003376,-0.021792,-9.735369,0.105313,0.0,0.0,0.0,0.0,1.0,-0.000248,-0.000436,-0.000148
732050.0,0.002034,-0.000377,-0.000523,0.1231,0.111022,0.231014,-0.003523,-0.00305,-0.021065,-9.735402,0.105807,0.0,0.0,0.0,0.0,1.0,-0.000163,-0.000364,-0.000142
732153.0,-0.000104,0.000234,0.000393,0.118082,0.11103,0.232541,-0.007545,-0.002773,-0.017919,-9.735016,0.100615,0.0,0.0,0.0,0.0,1.0,-0.000154,-0.000352,-0.000153
732255.0,0.002339,-7.2e-05,-0.000218,0.117618,0.111058,0.224154,-0.007278,-0.002503,-0.023519,-9.736732,0.103838,0.0,0.0,0.0,0.0,1.0,-0.00013,-0.000349,-0.000145
732357.0,-0.001326,-0.000377,0.001004,0.117638,0.111084,0.227124,-0.006591,-0.00225,-0.018758,-9.738441,0.104721,0.0,0.0,0.0,0.0,1.0,-0.00015,-0.000365,-0.000117
732460.0,0.001118,0.00115,-0.001134,0.117699,0.111107,0.22169,-0.005957,-0.002032,-0.021752,-9.734828,0.105671,0.0,0.0,0.0,0.0,1.0,-0.000144,-0.000345,-9.9e-05
732562.0,0.001728,-7.2e-05,-0.000829,0.11264,0.111301,0.215471,-0.009765,-0.001678,-0.025484,-9.735423,0.105449,0.0,0.0,0.0,0.0,1.0,-0.000118,-0.000355,-9.6e-05
732664.0,0.000507,0.00115,0.000699,0.112592,0.111302,0.218703,-0.008873,-0.001516,-0.020086,-9.738576,0.106549,0.0,0.0,0.0,0.0,1.0,-0.000157,-0.000381,-0.000103
732769.0,0.001118,-0.000377,0.001004,0.112541,0.111294,0.212735,-0.008029,-0.00137,-0.023709,-9.742054,0.102634,0.0,0.0,0.0,0.0,1.0,-0.000135,-0.000417,-7.4e-05
732871.0,-0.000104,-0.000683,0.000699,0.107411,0.101125,0.213229,-0.012051,-0.010728,-0.021021,-9.736224,0.10455,0.0,0.0,0.0,0.0,1.0,-0.000154,-0.000452,-2.5e-05
732973.0,-0.001326,0.00115,-0.000829,0.106842,0.110222,0.211621,-0.011438,-0.001272,-0.020527,-9.738071,0.112255,0.0,0.0,0.0,0.0,1.0,-0.000155,-0.000438,-3e-06
733075.0,0.000201,0.002372,-0.000218,0.10681,0.111205,0.210533,-0.010394,-0.000246,-0.019614,-9.736341,0.111833,0.0,0.0,0.0,0.0,1.0,-9.2e-05,-0.000419,-2e-06
733177.0,0.001423,-7.2e-05,-0.000829,0.106832,0.101076,0.207067,-0.009388,-0.009632,-0.020958,-9.738977,0.108447,0.0,0.0,0.0,0.0,1.0,-6.6e-05,-0.000371,-2.4e-05
733282.0,-0.001937,-0.00221,0.001004,0.106799,0.11025,0.204663,-0.008495,-3.5e-05,-0.021158,-9.735938,0.099421,0.0,0.0,0.0,0.0,1.0,-9.2e-05,-0.000427,-5.8e-05
733384.0,-0.00102,-0.00221,-0.000218,0.101666,0.100953,0.199357,-0.012436,-0.008631,-0.024028,-9.734976,0.096026,0.0,0.0,0.0,0.0,1.0,-0.000133,-0.000445,-6.6e-05
733487.0,0.000812,0.000234,8.8e-05,0.101058,0.099985,0.191587,-0.011824,-0.008711,-0.028879,-9.740744,0.104869,0.0,0.0,0.0,0.0,1.0,-0.00014,-0.000491,-7.6e-05
733589.0,0.001423,0.002066,-0.000829,0.095807,0.110257,0.192538,-0.015536,0.001549,-0.025327,-9.744543,0.101266,0.0,0.0,0.0,0.0,1.0,-0.000154,-0.000484,-8.9e-05
733691.0,0.000201,0.000539,8.8e-05,0.095233,0.100957,0.188513,-0.014604,-0.007112,-0.026621,-9.738958,0.113764,0.0,0.0,0.0,0.0,1.0,-0.000129,-0.000471,-9.5e-05
733796.0,-0.00041,-0.000683,0.000699,0.095225,0.099981,0.187786,-0.013201,-0.007325,-0.024745,-9.741123,0.105234,0.0,0.0,0.0,0.0,1.0,-0.000108,-0.000448,-0.000113
733898.0,0.000201,-0.000683,-0.000218,0.095212,0.099876,0.180936,-0.011976,-0.006735,-0.028658,-9.738858,0.106201,0.0,0.0,0.0,0.0,1.0,-0.0001,-0.000461,-0.000101
734001.0,-0.001937,0.002066,0.000393,0.095267,0.099897,0.176273,-0.010812,-0.00609,-0.030207,-9.738438,0.099571,0.0,0.0,0.0,0.0,1.0,-0.000107,-0.000471,-0.00011
734103.0,0.001118,0.001761,-0.000218,0.089964,0.09989,0.178688,-0.014611,-0.005533,-0.025285,-9.731139,0.101117,0.0,0.0,0.0,0.0,1.0,-7.3e-05,-0.000474,-0.000125
734210.0,-0.002548,-0.000377,-0.000829,0.089408,0.099895,0.170712,-0.013716,-0.005001,-0.029959,-9.740154,0.102246,0.0,0.0,0.0,0.0,1.0,-7.4e-05,-0.000473,-0.00017
734314.0,0.000812,0.002677,-0.000829,0.089402,0.099913,0.167543,-0.012367,-0.00449,-0.029992,-9.738045,0.105101,0.0,0.0,0.0,0.0,1.0,-9e-05,-0.00049,-0.000202
734416.0,-0.00041,0.000234,0.000393,0.08413,0.099944,0.167961,-0.015959,-0.004051,-0.026892,-9.738093,0.106814,0.0,0.0,0.0,0.0,1.0,-0.000136,-0.000509,-0.000206
734519.0,-0.000104,-0.001904,0.000393,0.083576,0.099942,0.166318,-0.015003,-0.003686,-0.025918,-9.737821,0.109786,0.0,0.0,0.0,0.0,1.0,-0.000124,-0.000532,-0.000193
734621.0,-0.002853,-0.000988,-0.000218,0.083541,0.099947,0.159196,-0.013667,-0.003345,-0.029866,-9.739326,0.105153,0.0,0.0,0.0,0.0,1.0,-0.000155,-0.000572,-0.000188
734723.0,0.001423,0.000845,-0.000829,0.078225,0.099971,0.158787,-0.01713,-0.003023,-0.027561,-9.739069,0.110349,0.0,0.0,0.0,0.0,1.0,-0.000186,-0.000598,-0.000228
734828.0,-0.00102,-0.001904,-0.000523,0.07778,0.099989,0.1502,-0.015927,-0.002724,-0.032588,-9.740697,0.099842,0.0,0.0,0.0,0.0,1.0,-0.000192,-0.000626,-0.000285
734930.0,0.000201,-0.000988,-0.000829,0.077747,0.099993,0.153708,-0.014516,-0.002474,-0.026608,-9.739273,0.112914,0.0,0.0,0.0,0.0,1.0,-0.000175,-0.000621,-0.000287
735032.0,0.000812,0.001455,0.001004,0.072345,0.1,0.144155,-0.017991,-0.002244,-0.032594,-9.737961,0.105506,0.0,0.0,0.0,0.0,1.0,-0.000144,-0.000618,-0.000259
735134.0,0.000812,0.002983,8.8e-05,0.071894,0.100017,0.144145,-0.016786,-0.002031,-0.029738,-9.741959,0.112707,0.0,0.0,0.0,0.0,1.0,-0.000114,-0.000615,-0.000245
735236.0,-0.001326,-0.002515,-0.001134,0.071966,0.100032,0.139114,-0.015226,-0.001836,-0.031458,-9.742535,0.10496,0.0,0.0,0.0,0.0,1.0,-0.000104,-0.000648,-0.000239
735337.0,0.000812,0.000234,-0.000829,0.070433,0.099847,0.135947,-0.015226,-0.001836,-0.031458,-9.742772,0.119006,0.0,0.0,0.0,0.0,1.0,-0.00011,-0.00067,-0.000253
735439.0,0.000812,-7.2e-05,-0.000218,0.066563,0.100069,0.129065,-0.0172,-0.001485,-0.034555,-9.741718,0.113975,0.0,0.0,0.0,0.0,1.0,-0.000101,-0.000662,-0.000267
735541.0,0.002339,-0.001904,0.000393,0.066203,0.100065,0.127035,-0.015979,-0.001357,-0.033267,-9.738795,0.11591,0.0,0.0,0.0,0.0,1.0,-2.3e-05,-0.000608,-0.000254
735644.0,0.000507,0.000234,-0.000218,0.066312,0.100077,0.126924,-0.014451,-0.001224,-0.030415,-9.741433,0.101657,0.0,0.0,0.0,0.0,1.0,-1.8e-05,-0.000614,-0.000264
735746.0,-0.001326,-0.000377,0.000393,0.060841,0.100079,0.119076,-0.017907,-0.001114,-0.034467,-9.743429,0.105314,0.0,0.0,0.0,0.0,1.0,-4.5e-05,-0.000653,-0.000285
735846.0,-0.000715,-0.000988,-0.001745,0.059051,0.099968,0.11563,-0.017907,-0.001114,-0.034467,-9.73875,0.107666,0.0,0.0,0.0,0.0,1.0,-6.4e-05,-0.00063,-0.000314
735949.0,-0.002242,-0.00221,0.000699,0.054742,0.100098,0.109146,-0.019991,-0.000908,-0.036932,-9.736241,0.115898,0.0,0.0,0.0,0.0,1.0,-6.7e-05,-0.000663,-0.000316
736052.0,0.001118,0.003288,0.001309,0.054587,0.100107,0.106652,-0.018352,-0.00082,-0.035824,-9.735778,0.120674,0.0,0.0,0.0,0.0,1.0,-6.4e-05,-0.000641,-0.000301
736154.0,0.001423,0.00115,0.000393,0.054611,0.10011,0.105364,-0.016721,-0.000745,-0.033814,-9.740649,0.114573,0.0,0.0,0.0,0.0,1.0,-6.7e-05,-0.000681,-0.000274
736254.0,-0.002548,-0.002515,-0.002356,0.049246,0.100119,0.100162,-0.019894,-0.000674,-0.035356,-9.742707,0.102301,0.0,0.0,0.0,0.0,1.0,-8.8e-05,-0.000688,-0.000314
736358.0,-0.001631,-0.00221,-0.000523,0.048799,0.100123,0.093081,-0.018442,-0.000608,-0.038315,-9.739835,0.099456,0.0,0.0,0.0,0.0,1.0,-8.1e-05,-0.000676,-0.000342
736461.0,-0.000104,0.000539,-0.000218,0.04897,0.089119,0.097419,-0.016643,-0.010148,-0.031176,-9.741583,0.105061,0.0,0.0,0.0,0.0,1.0,-0.000131,-0.000714,-0.00037
736564.0,-0.000104,-0.000683,-0.000829,0.044929,0.090034,0.089126,-0.01857,-0.008979,-0.035538,-9.74242,0.105164,0.0,0.0,0.0,0.0,1.0,-0.000153,-0.000777,-0.000378
736666.0,0.000507,-0.000377,-0.000523,0.044777,0.089007,0.084085,-0.01694,-0.009078,-0.036822,-9.738019,0.113334,0.0,0.0,0.0,0.0,1.0,-0.00013,-0.000766,-0.000364
736768.0,0.002339,0.000539,0.000393,0.039654,0.099092,0.079866,-0.0201,0.00117,-0.037248,-9.738308,0.110518,0.0,0.0,0.0,0.0,1.0,-8.1e-05,-0.000723,-0.000342
736872.0,-0.00041,0.00115,0.001004,0.039167,0.089935,0.083228,-0.0186,-0.007559,-0.030548,-9.734523,0.112205,0.0,0.0,0.0,0.0,1.0,-7.1e-05,-0.000727,-0.00035
736974.0,-0.001326,-0.000377,-0.000218,0.033893,0.09915,0.079706,-0.021735,0.001733,-0.030911,-9.737765,0.099358,0.0,0.0,0.0,0.0,1.0,-9e-05,-0.000714,-0.000373
737076.0,-0.001326,-0.002821,0.000393,0.033392,0.100137,0.079096,-0.020136,0.002485,-0.028569,-9.742192,0.103536,0.0,0.0,0.0,0.0,1.0,-9e-05,-0.000738,-0.000372
737178.0,-0.00041,-0.000683,-0.000523,0.028091,0.09002,0.075601,-0.023134,-0.007092,-0.029099,-9.733983,0.108729,0.0,0.0,0.0,0.0,1.0,-8.7e-05,-0.00072,-0.000356
737283.0,0.003561,0.002677,0.000393,0.027539,0.088935,0.067414,-0.021421,-0.007408,-0.033769,-9.734613,0.115349,0.0,0.0,0.0,0.0,1.0,-5.7e-05,-0.000671,-0.00034
737385.0,-0.00102,0.002066,-0.000218,0.027597,0.099159,0.074315,-0.019318,0.002885,-0.024205,-9.74191,0.106761,0.0,0.0,0.0,0.0,1.0,-2.1e-05,-0.000582,-0.000328
737487.0,0.000812,0.000539,-0.000218,0.027542,0.100197,0.068998,-0.017565,0.003568,-0.026796,-9.73667,0.123353,0.0,0.0,0.0,0.0,1.0,2.1e-05,-0.000541,-0.000316
737589.0,-0.002242,-0.001599,-0.000829,0.022263,0.089971,0.065356,-0.020753,-0.006139,-0.027607,-9.736032,0.128836,0.0,0.0,0.0,0.0,1.0,4.2e-05,-0.000565,-0.000302
737691.0,-0.001631,-0.001599,0.002226,0.021793,0.088901,0.066431,-0.019242,-0.006544,-0.024083,-9.737985,0.117635,0.0,0.0,0.0,0.0,1.0,1.9e-05,-0.00057,-0.000344
737796.0,0.003561,0.002066,-0.000218,0.021763,0.099226,0.063309,-0.017439,0.003445,-0.024619,-9.734847,0.085193,0.0,0.0,0.0,0.0,1.0,-4.4e-05,-0.000615,-0.000353
737898.0,0.000812,-0.000988,-0.00205,0.021778,0.100266,0.050144,-0.015762,0.004085,-0.034386,-9.742899,0.098509,0.0,0.0,0.0,0.0,1.0,-7.7e-05,-0.000678,-0.000374
738001.0,-0.00102,0.001455,0.000699,0.021859,0.089899,0.050968,-0.014227,-0.005705,-0.030487,-9.735654,0.107555,0.0,0.0,0.0,0.0,1.0,-4e-05,-0.000603,-0.00037
738103.0,-0.00041,-0.001294,0.000699,0.021845,0.088846,0.050263,-0.012921,-0.006131,-0.028326,-9.730231,0.116127,0.0,0.0,0.0,0.0,1.0,-5.3e-05,-0.000603,-0.000358
738205.0,0.000201,0.001455,-0.000218,0.021909,0.088764,0.047736,-0.011675,-0.00564,-0.027998,-9.743831,0.114644,0.0,0.0,0.0,0.0,1.0,-6.3e-05,-0.000645,-0.000375
738308.0,-0.003158,-0.001599,0.001004,0.01663,0.088769,0.046461,-0.015473,-0.005098,-0.026538,-9.740335,0.10853,0.0,0.0,0.0,0.0,1.0,-0.000107,-0.000712,-0.000382
738410.0,-0.001326,-7.2e-05,0.000393,0.021507,0.099332,0.041298,-0.009581,0.005011,-0.028746,-9.736477,0.103526,0.0,0.0,0.0,0.0,1.0,-8.5e-05,-0.000695,-0.00036
738512.0,0.000507,-7.2e-05,-0.000829,0.021988,0.100397,0.050422,-0.00828,0.005508,-0.01808,-9.739301,0.108244,0.0,0.0,0.0,0.0,1.0,-5.9e-05,-0.000679,-0.00037
738614.0,0.000507,-7.2e-05,-0.000523,0.016741,0.100478,0.046487,-0.012218,0.005076,-0.019927,-9.735466,0.109301,0.0,0.0,0.0,0.0,1.0,-1e-06,-0.000608,-0.000378
738716.0,0.001423,0.000234,0.001309,0.010851,0.089925,0.048248,-0.016352,-0.004792,-0.016579,-9.740074,0.115393,0.0,0.0,0.0,0.0,1.0,1e-06,-0.000621,-0.000362
738816.0,0.001118,-0.000683,0.000393,0.010373,0.099441,0.053074,-0.015324,0.004155,-0.01085,-9.734663,0.113707,0.0,0.0,0.0,0.0,1.0,4e-06,-0.000636,-0.000357
738917.0,-0.000715,-0.001904,-0.001134,0.010358,0.100385,0.043825,-0.013922,0.00463,-0.01816,-9.741481,0.112246,0.0,0.0,0.0,0.0,1.0,-7.3e-05,-0.000722,-0.000362
739019.0,-0.002242,0.000234,-0.000523,0.021114,0.089863,0.033363,-0.003092,-0.005148,-0.025736,-9.740256,0.104764,0.0,0.0,0.0,0.0,1.0,-8.5e-05,-0.000705,-0.000391
739121.0,-0.000715,0.000845,-0.000218,0.011472,0.088765,0.031335,-0.011281,-0.00565,-0.025215,-9.735953,0.098828,0.0,0.0,0.0,0.0,1.0,-9.1e-05,-0.000685,-0.000423
739223.0,0.000201,-0.000377,-0.00144,0.015988,0.088695,0.03976,-0.006257,-0.005203,-0.015586,-9.742657,0.10907,0.0,0.0,0.0,0.0,1.0,-0.00011,-0.000723,-0.000419
739328.0,-0.001937,-0.001599,-0.000523,0.011051,0.088709,0.033714,-0.010053,-0.004709,-0.019455,-9.740584,0.116253,0.0,0.0,0.0,0.0,1.0,-0.000109,-0.000705,-0.000422
739429.0,-0.00102,-0.00221,8.8e-05,0.010637,0.08875,0.030084,-0.009511,-0.004245,-0.020916,-9.738559,0.11687,0.0,0.0,0.0,0.0,1.0,-0.000115,-0.000708,-0.000442
739531.0,0.001728,0.000539,-0.000523,0.010602,0.088757,0.03541,-0.008674,-0.003852,-0.014341,-9.737138,0.108066,0.0,0.0,0.0,0.0,1.0,-0.000156,-0.00077,-0.000482
739634.0,0.000812,0.001761,-0.001745,0.010609,0.088762,0.034825,-0.007884,-0.003499,-0.013569,-9.740545,0.103484,0.0,0.0,0.0,0.0,1.0,-0.000224,-0.000799,-0.000503
739736.0,-0.001326,-0.00221,8.8e-05,0.010671,0.099585,0.040055,-0.00713,0.006268,-0.007853,-9.73388,0.114841,0.0,0.0,0.0,0.0,1.0,-0.000224,-0.000765,-0.000501
739841.0,0.001728,0.001761,-0.000829,0.010712,0.100647,0.044644,-0.006434,0.006621,-0.00315,-9.738634,0.114674,0.0,0.0,0.0,0.0,1.0,-0.000213,-0.000715,-0.000497
739943.0,-0.00041,0.000539,-0.000218,0.016217,0.100727,0.042954,-0.000946,0.00609,-0.004352,-9.744755,0.116729,0.0,0.0,0.0,0.0,1.0,-0.000238,-0.000778,-0.000463
740045.0,-0.00102,0.001455,-0.000829,0.011308,0.100726,0.041737,-0.005123,0.005548,-0.005015,-9.740148,0.113885,0.0,0.0,0.0,0.0,1.0,-0.000279,-0.000832,-0.000502
740147.0,-0.000104,-0.001904,-0.000829,0.016359,0.100673,0.046831,-0.000282,0.005011,-0.0002,-9.739137,0.109606,0.0,0.0,0.0,0.0,0.999999,-0.000299,-0.000848,-0.000552
740247.0,0.000507,0.000234,-0.000523,0.01135,0.100617,0.041671,-0.004613,0.004526,-0.004619,-9.733559,0.103591,0.0,0.0,0.0,0.0,0.999999,-0.000299,-0.000829,-0.000546
740352.0,-0.00041,0.000845,0.000699,0.010863,0.100595,0.039786,-0.004616,0.004084,-0.005853,-9.738392,0.108283,0.0,0.0,0.0,0.0,0.999999,-0.000291,-0.000895,-0.000535
740454.0,0.000812,-0.000377,-0.000218,0.010865,0.100546,0.033267,-0.0042,0.003674,-0.011003,-9.735809,0.113176,0.0,0.0,0.0,0.0,0.999999,-0.000247,-0.000885,-0.000506
740556.0,-0.000104,-0.000988,-0.000218,0.010873,0.100534,0.028488,-0.003826,0.003342,-0.014114,-9.735585,0.115536,0.0,0.0,0.0,0.0,0.999999,-0.000249,-0.000912,-0.000502
740658.0,-0.00102,-0.000988,0.001309,0.005345,0.100504,0.02939,-0.008223,0.003023,-0.012123,-9.736531,0.111978,0.0,0.0,0.0,0.0,0.999999,-0.000239,-0.000927,-0.00052
740761.0,0.000812,0.000234,0.000393,0.00556,0.100215,0.031897,-0.007275,0.002494,-0.008906,-9.7372,0.110675,0.0,0.0,0.0,0.0,0.999999,-0.000247,-0.000925,-0.000533
740865.0,-0.00041,0.000234,0.000699,0.005558,0.100214,0.029356,-0.00655,0.002243,-0.010416,-9.735458,0.105123,0.0,0.0,0.0,0.0,0.999999,-0.000253,-0.000901,-0.000535
740968.0,-0.00041,0.000539,0.000393,0.005529,0.100224,0.030445,-0.00595,0.002038,-0.008421,-9.741862,0.111693,0.0,0.0,0.0,0.0,0.999999,-0.00026,-0.00092,-0.000511
741070.0,-0.001937,-0.000988,-0.000523,0.005539,0.10022,0.03153,-0.005373,0.00184,-0.006627,-9.738333,0.114964,0.0,0.0,0.0,0.0,0.999999,-0.00027,-0.00093,-0.000528
741172.0,0.000201,0.002372,-0.000829,0.005516,0.100228,0.030904,-0.004882,0.001672,-0.006578,-9.739866,0.108307,0.0,0.0,0.0,0.0,0.999999,-0.000293,-0.00091,-0.000568
741274.0,0.000201,0.000539,-0.000523,0.010707,0.100223,0.026662,0.0004,0.001509,-0.009855,-9.745689,0.108704,0.0,0.0,0.0,0.0,0.999999,-0.000342,-0.000946,-0.000589
741379.0,0.000201,-0.001904,0.000393,0.00605,0.10022,0.024179,-0.004014,0.001359,-0.011205,-9.738545,0.12084,0.0,0.0,0.0,0.0,0.999999,-0.000282,-0.000936,-0.000568
741481.0,0.000201,-0.000988,8.8e-05,0.005567,0.100225,0.02778,-0.004082,0.001234,-0.006858,-9.731952,0.125228,0.0,0.0,0.0,0.0,0.999999,-0.000234,-0.000924,-0.000562
741583.0,0.001423,0.002983,8.8e-05,0.005529,0.110508,0.026909,-0.003731,0.010622,-0.007013,-9.734917,0.122001,0.0,0.0,0.0,0.0,0.999999,-0.000236,-0.000956,-0.000576
741685.0,0.000507,0.000234,-0.000218,0.015925,0.101295,0.024234,0.006192,0.001139,-0.008794,-9.743015,0.110184,0.0,0.0,0.0,0.0,0.999999,-0.000222,-0.000972,-0.000631
741787.0,0.000812,0.000234,-0.000218,0.011783,0.110645,0.025385,0.00182,0.009597,-0.006938,-9.742823,0.104139,0.0,0.0,0.0,0.0,0.999999,-0.00024,-0.001023,-0.000653
741891.0,-0.001937,-0.00221,-0.000218,0.016607,0.111613,0.026437,0.006124,0.009571,-0.005316,-9.733064,0.115481,0.0,0.0,0.0,0.0,0.999999,-0.000218,-0.001034,-0.000642
741993.0,0.000201,-7.2e-05,-0.000218,0.011834,0.111673,0.023324,0.001209,0.008739,-0.007634,-9.738381,0.117624,0.0,0.0,0.0,0.0,0.999999,-0.000251,-0.00108,-0.00064
742095.0,-0.000104,0.002372,8.8e-05,0.021876,0.101247,0.030309,0.010263,-0.001593,-0.000629,-9.736767,0.108088,0.0,0.0,0.0,0.0,0.999999,-0.000247,-0.001109,-0.000685
742198.0,0.001423,0.00115,-0.000829,0.01765,0.100192,0.030021,0.00546,-0.002405,-0.000831,-9.74135,0.115101,0.0,0.0,0.0,0.0,0.999999,-0.000257,-0.001119,-0.000726
742300.0,0.001728,0.000539,-0.000218,0.022464,0.100086,0.033327,0.009462,-0.002273,0.002308,-9.738955,0.112036,0.0,0.0,0.0,0.0,0.999999,-0.000244,-0.001122,-0.000762
742402.0,-0.000104,-0.001294,0.000699,0.022859,0.110563,0.034844,0.008935,0.007569,0.003474,-9.733601,0.130878,0.0,0.0,0.0,0.0,0.999999,-0.000251,-0.001137,-0.000732
742504.0,-0.00041,-0.000683,-0.001134,0.022973,0.11162,0.034323,0.008213,0.007825,0.00269,-9.738661,0.125987,0.0,0.0,0.0,0.0,0.999999,-0.000232,-0.001161,-0.000721
742607.0,-0.001937,0.00115,-0.000523,0.028258,0.111694,0.042688,0.012208,0.007171,0.009885,-9.745385,0.118487,0.0,0.0,0.0,0.0,0.999999,-0.000264,-0.001179,-0.000758
742709.0,0.000812,-0.001599,-0.001134,0.028804,0.111709,0.040126,0.011574,0.006523,0.006707,-9.740219,0.112194,0.0,0.0,0.0,0.0,0.999999,-0.000291,-0.001159,-0.000794
742814.0,0.000201,-7.2e-05,0.000393,0.028818,0.101096,0.040409,0.010512,-0.003538,0.00634,-9.739966,0.112362,0.0,0.0,0.0,0.0,0.999999,-0.000289,-0.001118,-0.000784
742916.0,0.001423,-0.000988,8.8e-05,0.0288,0.110611,0.038745,0.009522,0.005429,0.004272,-9.735415,0.118566,0.0,0.0,0.0,0.0,0.999999,-0.000295,-0.001125,-0.000779
743018.0,-0.000715,-0.000683,-0.000218,0.028738,0.111594,0.046963,0.008596,0.005809,0.011143,-9.735229,0.114698,0.0,0.0,0.0,0.0,0.999999,-0.000262,-0.00115,-0.000765
743120.0,0.000507,-0.000683,0.001004,0.028731,0.111692,0.042599,0.007809,0.005369,0.006303,-9.738211,0.116696,0.0,0.0,0.0,0.0,0.999999,-0.000328,-0.001191,-0.000761
743222.0,-0.002242,0.001455,8.8e-05,0.02868,0.111668,0.05114,0.007056,0.004861,0.013212,-9.735758,0.116005,0.0,0.0,0.0,0.0,0.999999,-0.000304,-0.001192,-0.000791
743322.0,0.001118,0.001455,-0.000829,0.034006,0.111622,0.052716,0.011172,0.00439,0.013444,-9.735066,0.12166,0.0,0.0,0.0,0.0,0.999999,-0.000302,-0.001194,-0.0008
743423.0,0.000812,-0.000683,0.001309,0.029058,0.11158,0.052916,0.005656,0.003948,0.012401,-9.740839,0.110794,0.0,0.0,0.0,0.0,0.999999,-0.000294,-0.001214,-0.000799
743526.0,0.001423,-0.000683,8.8e-05,0.03394,0.111576,0.060654,0.009493,0.003585,0.018107,-9.733027,0.115709,0.0,0.0,0.0,0.0,0.999999,-0.000275,-0.00122,-0.000792
743628.0,-0.001631,-0.00221,-0.00144,0.029056,0.111575,0.060535,0.004352,0.003262,0.016397,-9.740169,0.11708,0.0,0.0,0.0,0.0,0.999999,-0.000303,-0.001262,-0.00081
743730.0,-0.001326,-0.000988,-0.000829,0.033934,0.111548,0.062968,0.00829,0.002941,0.01706,-9.745508,0.125521,0.0,0.0,0.0,0.0,0.999999,-0.000342,-0.001302,-0.00082
743835.0,-0.001326,-0.000683,-0.000218,0.034441,0.122316,0.064346,0.007969,0.012141,0.016697,-9.738965,0.12057,0.0,0.0,0.0,0.0,0.999999,-0.000331,-0.001264,-0.000837
743938.0,0.001423,0.000234,-0.000523,0.034413,0.112524,0.076704,0.007217,0.002314,0.026057,-9.73792,0.117028,0.0,0.0,0.0,0.0,0.999999,-0.000339,-0.001265,-0.000838
744040.0,0.000201,0.000845,8.8e-05,0.034401,0.122342,0.072144,0.00656,0.010701,0.0198,-9.737475,0.114216,0.0,0.0,0.0,0.0,0.999999,-0.000325,-0.001236,-0.000832
744142.0,0.000507,0.000234,-0.000218,0.039838,0.123298,0.076268,0.010722,0.010582,0.021616,-9.736768,0.116019,0.0,0.0,0.0,0.0,0.999999,-0.000309,-0.001177,-0.000824
744243.0,-0.001326,-0.001599,-0.000218,0.034802,0.123304,0.071636,0.005399,0.009658,0.015752,-9.740748,0.115645,0.0,0.0,0.0,0.0,0.999999,-0.000314,-0.001215,-0.000838
744348.0,0.001118,-0.000377,8.8e-05,0.039775,0.123267,0.077665,0.009381,0.00871,0.019643,-9.746364,0.114603,0.0,0.0,0.0,0.0,0.999999,-0.000317,-0.001228,-0.000845
744451.0,-0.00102,-0.000988,0.000393,0.04026,0.134109,0.081445,0.008956,0.017502,0.021181,-9.739487,0.119226,0.0,0.0,0.0,0.0,0.999999,-0.000325,-0.001195,-0.000853
744553.0,-0.00041,-0.000683,0.000393,0.045757,0.146026,0.106769,0.012917,0.026257,0.041027,-9.734898,0.119819,0.0,0.0,0.0,0.0,0.999999,-0.000325,-0.001195,-0.000843
744656.0,-0.000104,0.001455,0.000393,0.046292,0.147187,0.129295,0.012242,0.024948,0.056545,-9.74122,0.123221,0.0,0.0,0.0,0.0,0.999999,-0.000314,-0.001234,-0.000865
744758.0,-0.000104,-0.000683,0.001309,0.051796,0.16906,0.151247,0.015895,0.041557,0.07027,-9.738564,0.115829,0.0,0.0,0.0,0.0,0.999999,-0.0003,-0.001244,-0.00085
744858.0,-0.00041,-0.000377,-0.000829,0.052156,0.17075,0.163624,0.014844,0.039456,0.074883,-9.736338,0.112718,0.0,0.0,0.0,0.0,0.999999,-0.00029,-0.001284,-0.00086
744959.0,-0.000104,0.000539,8.8e-05,0.057652,0.181649,0.174494,0.018359,0.045527,0.077705,-9.739378,0.117457,0.0,0.0,0.0,0.0,0.999999,-0.000269,-0.001334,-0.000858
745062.0,-0.00041,0.000539,8.8e-05,0.061598,0.188576,0.200436,0.020329,0.047817,0.093367,-9.739269,0.123493,0.0,0.0,0.0,0.0,0.999999,-0.000271,-0.001326,-0.000859
745164.0,0.000201,0.000234,8.8e-05,0.062134,0.18963,0.21,0.018883,0.04422,0.093368,-9.737777,0.118648,0.0,0.0,0.0,0.0,0.999999,-0.000249,-0.001275,-0.000876
745266.0,-0.000104,0.000539,8.8e-05,0.062169,0.189691,0.222368,0.017116,0.040063,0.096004,-9.736956,0.11641,0.0,0.0,0.0,0.0,0.999999,-0.000271,-0.001272,-0.000884
745371.0,-0.001326,-0.000988,-0.000523,0.067279,0.199782,0.225513,0.020281,0.045691,0.089566,-9.73807,0.107607,0.0,0.0,0.0,0.0,0.999999,-0.000315,-0.001298,-0.000911
745473.0,-0.002548,-7.2e-05,0.000393,0.067886,0.201006,0.241099,0.018899,0.042443,0.095505,-9.739588,0.116552,0.0,0.0,0.0,0.0,0.999999,-0.000337,-0.001372,-0.000906
745575.0,-0.00041,-7.2e-05,-0.000218,0.073164,0.211454,0.250305,0.022013,0.048127,0.094984,-9.729688,0.11911,0.0,0.0,0.0,0.0,0.999999,-0.000388,-0.001398,-0.000908
745678.0,-0.000715,-0.000988,-0.000829,0.073671,0.212445,0.261798,0.020392,0.044475,0.09661,-9.735229,0.124525,0.0,0.0,0.0,0.0,0.999999,-0.000387,-0.001441,-0.000917
745780.0,-0.001326,-0.000377,-0.000218,0.068618,0.222928,0.270103,0.013777,0.049978,0.095175,-9.730289,0.123001,0.0,0.0,0.0,0.0,0.999999,-0.000392,-0.001394,-0.000931
745885.0,-0.00041,0.000234,-0.000523,0.073316,0.224174,0.281098,0.016841,0.046202,0.096097,-9.738479,0.117947,0.0,0.0,0.0,0.0,0.999999,-0.000428,-0.001398,-0.000954
745987.0,0.000812,-0.000683,8.8e-05,0.073757,0.224133,0.28124,0.015666,0.041832,0.0873,-9.739697,0.116969,0.0,0.0,0.0,0.0,0.999998,-0.000475,-0.001428,-0.000965
746089.0,-0.000104,-7.2e-05,-0.000523,0.073747,0.223983,0.285924,0.014192,0.037784,0.083473,-9.733804,0.119007,0.0,0.0,0.0,0.0,0.999998,-0.00046,-0.001436,-0.000968
746192.0,-0.00041,-0.001599,0.000393,0.079021,0.224077,0.285364,0.017685,0.034332,0.075248,-9.736111,0.119485,0.0,0.0,0.0,0.0,0.999998,-0.000463,-0.001498,-0.000985
746293.0,-0.000104,0.000234,-0.000218,0.074273,0.223953,0.2899,0.0115,0.030935,0.0724,-9.735839,0.12484,0.0,0.0,0.0,0.0,0.999998,-0.000436,-0.001504,-0.000998
746397.0,-0.001326,0.000845,0.000393,0.078985,0.234216,0.292174,0.014744,0.037433,0.067565,-9.737069,0.121446,0.0,0.0,0.0,0.0,0.999998,-0.000425,-0.001485,-0.000998
746499.0,-0.000104,-0.000683,0.001004,0.079489,0.235325,0.292694,0.013845,0.034996,0.061886,-9.737128,0.125526,0.0,0.0,0.0,0.0,0.999998,-0.000423,-0.001488,-0.000991
746602.0,-0.001326,-0.001294,-0.000523,0.08477,0.235278,0.294143,0.017332,0.031715,0.057516,-9.735697,0.119542,0.0,0.0,0.0,0.0,0.999998,-0.000428,-0.001519,-0.000999
746704.0,-0.001631,0.000234,-0.000829,0.08533,0.235324,0.294481,0.016236,0.028826,0.05257,-9.736644,0.117494,0.0,0.0,0.0,0.0,0.999998,-0.000485,-0.001546,-0.001001
746806.0,-0.000104,0.000234,-0.001134,0.085303,0.235174,0.300168,0.014729,0.026059,0.052864,-9.737488,0.11631,0.0,0.0,0.0,0.0,0.999998,-0.000521,-0.001547,-0.001021
746910.0,-0.001326,-7.2e-05,-0.000218,0.090642,0.235188,0.302184,0.018197,0.023603,0.049736,-9.744618,0.117238,0.0,0.0,0.0,0.0,0.999998,-0.00056,-0.001498,-0.001036
747011.0,0.000507,-7.2e-05,0.000699,0.091103,0.245614,0.305668,0.016958,0.030762,0.048348,-9.739309,0.124014,0.0,0.0,0.0,0.0,0.999998,-0.000511,-0.001508,-0.001027
747114.0,-0.00102,-0.000683,0.001004,0.091062,0.246504,0.304383,0.015368,0.028742,0.042833,-9.740169,0.122023,0.0,0.0,0.0,0.0,0.999998,-0.000541,-0.001533,-0.001018
747216.0,0.000812,-0.000377,-0.001745,0.096421,0.246622,0.312656,0.018753,0.02622,0.04627,-9.735135,0.116145,0.0,0.0,0.0,0.0,0.999998,-0.000536,-0.001556,-0.001034
747320.0,-0.000715,0.000539,-0.00144,0.096912,0.246514,0.312429,0.017454,0.023698,0.041837,-9.73688,0.116148,0.0,0.0,0.0,0.0,0.999998,-0.00054,-0.001526,-0.001034
747422.0,0.000201,0.001455,0.000393,0.102203,0.256949,0.315467,0.020632,0.030956,0.040738,-9.732695,0.119772,0.0,0.0,0.0,0.0,0.999998,-0.000535,-0.001523,-0.001038
747524.0,0.000201,0.000845,8.8e-05,0.10274,0.258005,0.317774,0.01923,0.029074,0.039098,-9.73604,0.126006,0.0,0.0,0.0,0.0,0.999998,-0.000536,-0.001516,-0.001033
747627.0,-0.000104,-0.000683,0.001309,0.102772,0.258079,0.319891,0.017512,0.026501,0.037449,-9.736226,0.125759,0.0,0.0,0.0,0.0,0.999998,-0.00053,-0.001497,-0.001046
747729.0,-0.000715,0.00115,8.8e-05,0.10809,0.257901,0.325258,0.020619,0.023949,0.038784,-9.73526,0.12042,0.0,0.0,0.0,0.0,0.999998,-0.000551,-0.001537,-0.001044
747833.0,-0.000104,-0.001294,0.000699,0.108539,0.257783,0.325283,0.019127,0.021654,0.035295,-9.743206,0.118212,0.0,0.0,0.0,0.0,0.999998,-0.000575,-0.001537,-0.001042
747935.0,0.000201,0.000845,0.000699,0.108504,0.268438,0.326861,0.017338,0.029263,0.033502,-9.739985,0.116402,0.0,0.0,0.0,0.0,0.999998,-0.000565,-0.001527,-0.001035
748038.0,0.001728,0.000234,-0.00144,0.113848,0.269371,0.328685,0.020455,0.027455,0.032106,-9.735988,0.119988,0.0,0.0,0.0,0.0,0.999998,-0.000532,-0.001532,-0.001048
748140.0,-0.000715,-0.00221,-0.000523,0.114352,0.26942,0.333331,0.019066,0.025041,0.033293,-9.737881,0.124363,0.0,0.0,0.0,0.0,0.999998,-0.000534,-0.001563,-0.001071
748241.0,0.000507,-7.2e-05,-0.000218,0.114219,0.26918,0.337471,0.017269,0.022623,0.033971,-9.73018,0.121797,0.0,0.0,0.0,0.0,0.999998,-0.000536,-0.001601,-0.001072
748345.0,0.000507,0.000539,-0.000218,0.114141,0.26907,0.340798,0.015563,0.020382,0.033766,-9.737563,0.120782,0.0,0.0,0.0,0.0,0.999998,-0.000506,-0.001583,-0.001072
748448.0,-0.001631,0.001455,8.8e-05,0.113964,0.268837,0.347269,0.013999,0.018333,0.036402,-9.737287,0.122559,0.0,0.0,0.0,0.0,0.999998,-0.000501,-0.001563,-0.001076
748550.0,-0.00102,-0.000988,-0.000523,0.119426,0.279653,0.348491,0.017482,0.026061,0.034253,-9.734601,0.119365,0.0,0.0,0.0,0.0,0.999998,-0.000514,-0.001583,-0.001091
748653.0,-0.000715,0.000539,-0.001134,0.11444,0.280748,0.355674,0.011654,0.024704,0.037373,-9.735964,0.11472,0.0,0.0,0.0,0.0,0.999998,-0.000512,-0.001579,-0.001115
748755.0,-0.00041,-7.2e-05,-0.000523,0.119348,0.280614,0.361229,0.014854,0.022426,0.038862,-9.739989,0.121728,0.0,0.0,0.0,0.0,0.999998,-0.000509,-0.001559,-0.00111
748859.0,-0.000104,0.00115,0.000393,0.119749,0.280462,0.363875,0.013868,0.020288,0.03766,-9.737661,0.117192,0.0,0.0,0.0,0.0,0.999998,-0.000483,-0.001554,-0.001123
748962.0,0.001118,0.000845,-0.000218,0.118449,0.288532,0.366929,0.011434,0.025855,0.03697,-9.745153,0.125471,0.0,0.0,0.0,0.0,0.999998,-0.000483,-0.001597,-0.00111
749064.0,-0.00102,0.000234,8.8e-05,0.12356,0.289591,0.370948,0.015122,0.024368,0.037186,-9.733055,0.125959,0.0,0.0,0.0,0.0,0.999998,-0.000505,-0.001601,-0.001122
749167.0,-0.000104,-7.2e-05,0.000699,0.119033,0.289821,0.374343,0.009438,0.022244,0.036797,-9.738927,0.12018,0.0,0.0,0.0,0.0,0.999998,-0.000528,-0.001603,-0.001137
749269.0,0.000812,0.00115,-0.000218,0.128818,0.299959,0.379028,0.017665,0.029587,0.037665,-9.739172,0.127131,0.0,0.0,0.0,0.0,0.999998,-0.000526,-0.001613,-0.001149
749374.0,-0.001326,-0.000683,0.000699,0.129787,0.300949,0.382371,0.01682,0.027569,0.037087,-9.735138,0.117704,0.0,0.0,0.0,0.0,0.999998,-0.000544,-0.00162,-0.001157
749476.0,0.000812,-7.2e-05,0.000393,0.129947,0.301152,0.388048,0.015362,0.025124,0.038819,-9.734416,0.123021,0.0,0.0,0.0,0.0,0.999998,-0.000506,-0.001628,-0.001154
749579.0,-0.00102,0.000234,-0.00144,0.130012,0.301252,0.3959,0.013969,0.022839,0.042363,-9.738083,0.122405,0.0,0.0,0.0,0.0,0.999998,-0.000511,-0.001621,-0.001158
749680.0,-0.00102,-0.000683,8.8e-05,0.135172,0.301176,0.399012,0.017414,0.02063,0.041275,-9.73879,0.119829,0.0,0.0,0.0,0.0,0.999998,-0.000511,-0.00165,-0.001165
749783.0,-0.00041,-0.000988,-0.000218,0.140858,0.311405,0.39784,0.021014,0.028117,0.036352,-9.737867,0.12636,0.0,0.0,0.0,0.0,0.999998,-0.000528,-0.001648,-0.001176
749887.0,0.000201,-0.001599,-0.000523,0.141502,0.312532,0.401018,0.019562,0.026423,0.035782,-9.736877,0.124329,0.0,0.0,0.0,0.0,0.999998,-0.000509,-0.001625,-0.001181
749989.0,-0.001937,-0.000683,0.000393,0.146717,0.312534,0.405664,0.022521,0.023948,0.036687,-9.737456,0.126185,0.0,0.0,0.0,0.0,0.999998,-0.000522,-0.001637,-0.001166
750092.0,0.000507,-0.001599,0.001309,0.147312,0.322948,0.407503,0.02096,0.031216,0.034958,-9.738301,0.123968,0.0,0.0,0.0,0.0,0.999998,-0.0005,-0.001625,-0.001167
750193.0,-0.000104,0.002066,0.000699,0.147284,0.323931,0.408539,0.018995,0.02922,0.032691,-9.74119,0.121518,0.0,0.0,0.0,0.0,0.999998,-0.000468,-0.001612,-0.001168
750295.0,0.000201,0.000234,8.8e-05,0.147213,0.323924,0.414465,0.017094,0.026395,0.035143,-9.736043,0.127202,0.0,0.0,0.0,0.0,0.999998,-0.000482,-0.00162,-0.001181
750400.0,-0.001326,0.000845,-0.000218,0.152415,0.323829,0.41893,0.020244,0.023722,0.035835,-9.741353,0.123458,0.0,0.0,0.0,0.0,0.999998,-0.000484,-0.001592,-0.00119
750502.0,0.000812,-7.2e-05,-0.00144,0.152965,0.32385,0.422337,0.018869,0.021545,0.035611,-9.739549,0.128286,0.0,0.0,0.0,0.0,0.999998,-0.000471,-0.001586,-0.001206
750605.0,0.001118,-0.000683,-0.000829,0.153051,0.323884,0.425588,0.017216,0.0196,0.035264,-9.737532,0.128018,0.0,0.0,0.0,0.0,0.999998,-0.000475,-0.001652,-0.001226
750707.0,-0.00041,-0.001294,0.000393,0.152966,0.334294,0.426047,0.015549,0.027161,0.032454,-9.736066,0.12551,0.0,0.0,0.0,0.0,0.999998,-0.000502,-0.001628,-0.00123
750809.0,0.001118,0.002066,-0.000829,0.152973,0.335371,0.437155,0.014126,0.025631,0.039367,-9.733699,0.121936,0.0,0.0,0.0,0.0,0.999998,-0.000474,-0.001599,-0.001242
750913.0,0.001118,0.000539,-0.000523,0.15824,0.335329,0.435804,0.017569,0.023179,0.034498,-9.735353,0.120062,0.0,0.0,0.0,0.0,0.999998,-0.000505,-0.001607,-0.001248
751015.0,0.000201,-0.000377,-0.000829,0.158797,0.335361,0.442368,0.016476,0.021115,0.037161,-9.735915,0.126591,0.0,0.0,0.0,0.0,0.999998,-0.000515,-0.001596,-0.001259
751117.0,-0.00041,-0.000377,-0.000829,0.158739,0.335212,0.444313,0.014931,0.01907,0.035549,-9.739914,0.135608,0.0,0.0,0.0,0.0,0.999998,-0.000485,-0.001591,-0.001258
751219.0,-0.00102,0.000539,-0.000829,0.158644,0.335083,0.446197,0.013487,0.017218,0.034011,-9.741786,0.130538,0.0,0.0,0.0,0.0,0.999998,-0.000512,-0.00161,-0.001285
751321.0,0.000201,0.001455,-0.000523,0.158653,0.345719,0.444887,0.012278,0.025049,0.029834,-9.735149,0.124974,0.0,0.0,0.0,0.0,0.999998,-0.000454,-0.001575,-0.001293
751425.0,-0.000104,-0.000377,8.8e-05,0.163899,0.34652,0.446794,0.015859,0.023436,0.028784,-9.73813,0.120906,0.0,0.0,0.0,0.0,0.999998,-0.000405,-0.001579,-0.001284
751527.0,0.001728,-0.000377,0.000699,0.164497,0.346747,0.454986,0.014943,0.021496,0.033415,-9.743845,0.124161,0.0,0.0,0.0,0.0,0.999998,-0.00037,-0.001562,-0.001257
751629.0,-0.000715,-0.001599,-0.000218,0.164452,0.346609,0.450436,0.013569,0.019455,0.026505,-9.736357,0.132933,0.0,0.0,0.0,0.0,0.999998,-0.000357,-0.001576,-0.001262
751731.0,-0.000104,-0.000683,-0.001745,0.169791,0.357205,0.454549,0.017066,0.02707,0.027731,-9.741424,0.129302,0.0,0.0,0.0,0.0,0.999998,-0.000364,-0.001574,-0.001286
751836.0,-0.00102,-0.001294,8.8e-05,0.170345,0.358298,0.458851,0.015973,0.025526,0.028952,-9.734623,0.126558,0.0,0.0,0.0,0.0,0.999998,-0.00039,-0.001579,-0.001315
751939.0,-0.000104,-7.2e-05,0.001004,0.17025,0.358169,0.462081,0.014431,0.023082,0.029178,-9.73769,0.12267,0.0,0.0,0.0,0.0,0.999998,-0.000336,-0.001592,-0.001339
752041.0,0.001118,-7.2e-05,-0.000218,0.175686,0.35812,0.460924,0.017906,0.020973,0.02559,-9.743896,0.121742,0.0,0.0,0.0,0.0,0.999998,-0.000297,-0.00157,-0.001338
752144.0,-0.00102,-0.000377,0.000699,0.176106,0.36879,0.463953,0.016659,0.028459,0.025937,-9.734842,0.123313,0.0,0.0,0.0,0.0,0.999998,-0.00028,-0.001536,-0.001337
752245.0,-0.001326,0.000234,-0.000218,0.176115,0.369802,0.467109,0.015206,0.026842,0.026395,-9.736655,0.127211,0.0,0.0,0.0,0.0,0.999998,-0.000295,-0.00154,-0.001344
752349.0,-0.000715,0.000845,-0.000523,0.181562,0.369762,0.466743,0.018681,0.024276,0.023622,-9.736273,0.136642,0.0,0.0,0.0,0.0,0.999998,-0.000287,-0.00156,-0.00134
752452.0,0.002034,-0.000683,0.000393,0.181924,0.369477,0.475235,0.017303,0.021819,0.028916,-9.736861,0.140001,0.0,0.0,0.0,0.0,0.999998,-0.00024,-0.00157,-0.001339
752555.0,0.000201,-0.000377,0.000699,0.18194,0.380339,0.475107,0.015803,0.029191,0.026297,-9.735752,0.129764,0.0,0.0,0.0,0.0,0.999998,-0.000235,-0.001588,-0.001327
752657.0,-0.000104,-7.2e-05,0.001004,0.187358,0.381233,0.478378,0.019054,0.027391,0.026782,-9.742339,0.110985,0.0,0.0,0.0,0.0,0.999998,-0.000271,-0.001591,-0.001325
752759.0,-0.000715,-0.000377,-0.000523,0.193282,0.381061,0.474329,0.022478,0.024838,0.021014,-9.741315,0.117062,0.0,0.0,0.0,0.0,0.999998,-0.000292,-0.001628,-0.001332
752859.0,-0.001631,-0.002515,-0.000829,0.193618,0.38076,0.479493,0.020847,0.022457,0.023634,-9.736073,0.119432,0.0,0.0,0.0,0.0,0.999998,-0.00032,-0.001646,-0.001337
752961.0,0.000201,-7.2e-05,-0.00205,0.196847,0.389808,0.485435,0.021923,0.028361,0.026795,-9.736465,0.128542,0.0,0.0,0.0,0.0,0.999998,-0.000323,-0.001644,-0.001339
753063.0,0.000201,0.001761,-0.000523,0.197377,0.389902,0.486396,0.020318,0.025731,0.025148,-9.735292,0.142205,0.0,0.0,0.0,0.0,0.999998,-0.000338,-0.001663,-0.001332
753166.0,0.000812,0.000539,-0.000829,0.19741,0.389885,0.49227,0.018399,0.023246,0.028201,-9.737672,0.148488,0.0,0.0,0.0,0.0,0.999998,-0.000309,-0.001629,-0.001341
753268.0,-0.000715,-0.001294,0.00192,0.202621,0.389995,0.492731,0.021509,0.02113,0.025967,-9.738608,0.133346,0.0,0.0,0.0,0.0,0.999998,-0.000318,-0.001621,-0.001384
753373.0,0.000507,-0.000377,0.000393,0.197865,0.389842,0.496733,0.014834,0.018874,0.027168,-9.742553,0.122913,0.0,0.0,0.0,0.0,0.999998,-0.000347,-0.001633,-0.001392
753475.0,-0.001631,-0.000988,0.001309,0.207722,0.400033,0.499229,0.022619,0.026586,0.026916,-9.745361,0.108975,0.0,0.0,0.0,0.0,0.999998,-0.000392,-0.001662,-0.001404
753577.0,-0.00041,0.000234,8.8e-05,0.203714,0.40122,0.502267,0.016725,0.025156,0.027175,-9.739222,0.107352,0.0,0.0,0.0,0.0,0.999998,-0.000384,-0.001685,-0.001412
753679.0,0.000812,-0.000377,-0.001745,0.208511,0.401427,0.502129,0.019577,0.022965,0.024507,-9.740689,0.121333,0.0,0.0,0.0,0.0,0.999998,-0.000351,-0.001657,-0.001389
753781.0,-0.00041,0.000845,-0.00144,0.208958,0.401368,0.50531,0.018159,0.020765,0.025134,-9.737822,0.141352,0.0,0.0,0.0,0.0,0.999998,-0.000366,-0.001637,-0.001388
753886.0,0.000507,-0.000683,-0.000829,0.214269,0.401426,0.505177,0.021362,0.018784,0.022584,-9.742463,0.139759,0.0,0.0,0.0,0.0,0.999998,-0.000353,-0.001674,-0.00141
753988.0,-0.00102,-0.000377,-0.000218,0.214759,0.401361,0.510053,0.019818,0.016974,0.02491,-9.738539,0.138559,0.0,0.0,0.0,0.0,0.999997,-0.000434,-0.001719,-0.001421
754090.0,0.000507,-0.001294,0.000393,0.214741,0.41164,0.510926,0.017945,0.024813,0.023396,-9.73718,0.125979,0.0,0.0,0.0,0.0,0.999997,-0.000423,-0.001702,-0.001402
754192.0,0.000201,0.001761,0.000699,0.214786,0.402401,0.51614,0.016306,0.014024,0.02595,-9.7377,0.118033,0.0,0.0,0.0,0.0,0.999997,-0.000434,-0.001708,-0.001419
754293.0,-0.000104,-0.000683,-0.001134,0.219975,0.401361,0.516282,0.01966,0.011703,0.023647,-9.741371,0.117196,0.0,0.0,0.0,0.0,0.999997,-0.000451,-0.001736,-0.001439
754397.0,-0.000104,-0.001904,-0.00144,0.215077,0.411549,0.516073,0.013237,0.019975,0.021192,-9.73561,0.123067,0.0,0.0,0.0,0.0,0.999997,-0.000452,-0.001689,-0.001467
754499.0,0.000201,0.00115,-0.00205,0.219945,0.412674,0.520329,0.016448,0.019151,0.023087,-9.737235,0.139246,0.0,0.0,0.0,0.0,0.999997,-0.000424,-0.00172,-0.001465
754602.0,0.000812,-0.001599,0.000699,0.220419,0.412705,0.522819,0.015351,0.017403,0.023194,-9.739163,0.150657,0.0,0.0,0.0,0.0,0.999997,-0.00046,-0.001772,-0.00147
754704.0,-0.00041,-0.000988,0.000699,0.220488,0.412732,0.527541,0.013992,0.015816,0.02529,-9.738476,0.12608,0.0,0.0,0.0,0.0,0.999997,-0.000428,-0.001738,-0.001467
754806.0,0.000507,0.001455,0.000393,0.220421,0.412651,0.528375,0.012659,0.014305,0.023753,-9.741055,0.118189,0.0,0.0,0.0,0.0,0.999997,-0.000347,-0.001678,-0.00149
754910.0,0.001728,0.002066,-0.001745,0.225759,0.412663,0.531957,0.016325,0.01295,0.024741,-9.743565,0.113141,0.0,0.0,0.0,0.0,0.999997,-0.000338,-0.001683,-0.001527
755012.0,-0.000104,-0.000377,-0.000829,0.226228,0.412582,0.52825,0.015261,0.011702,0.019238,-9.743696,0.13513,0.0,0.0,0.0,0.0,0.999997,-0.000342,-0.001705,-0.00152
755114.0,-0.000715,-7.2e-05,8.8e-05,0.226282,0.423144,0.525812,0.013916,0.020084,0.015347,-9.737488,0.137038,0.0,0.0,0.0,0.0,0.999997,-0.000364,-0.001719,-0.001491
755216.0,-0.001326,0.00115,-0.000829,0.226214,0.424171,0.528641,0.012599,0.019177,0.016449,-9.739181,0.141181,0.0,0.0,0.0,0.0,0.999997,-0.000366,-0.001715,-0.001501
755319.0,0.000507,0.000539,-0.000218,0.226123,0.424146,0.527371,0.011359,0.017391,0.01383,-9.734926,0.135278,0.0,0.0,0.0,0.0,0.999997,-0.000358,-0.001679,-0.001531
755424.0,0.002034,0.00115,-0.000218,0.226061,0.424062,0.528773,0.010222,0.015661,0.013782,-9.736959,0.124562,0.0,0.0,0.0,0.0,0.999997,-0.000356,-0.001702,-0.001556
755526.0,0.001423,-0.000377,8.8e-05,0.220668,0.424047,0.528178,0.004479,0.014218,0.012014,-9.737678,0.128018,0.0,0.0,0.0,0.0,0.999997,-0.000401,-0.001744,-0.001567
755628.0,-0.00041,-0.001294,8.8e-05,0.220083,0.424022,0.528024,0.003551,0.012902,0.010798,-9.739423,0.124979,0.0,0.0,0.0,0.0,0.999997,-0.000387,-0.001724,-0.00156
755731.0,0.00295,0.000845,-0.001745,0.220014,0.43474,0.531424,0.003168,0.021213,0.012802,-9.737107,0.139499,0.0,0.0,0.0,0.0,0.999997,-0.000399,-0.001788,-0.001562
755833.0,0.000812,0.004204,8.8e-05,0.2145,0.435603,0.533716,-0.001935,0.020074,0.013655,-9.738767,0.136776,0.0,0.0,0.0,0.0,0.999997,-0.000432,-0.001773,-0.001577
755938.0,-0.000104,0.000234,0.000699,0.219425,0.435668,0.533275,0.002682,0.018239,0.011995,-9.735652,0.134695,0.0,0.0,0.0,0.0,0.999997,-0.000394,-0.001738,-0.001575
756040.0,-0.002242,-0.00221,0.001004,0.21448,0.435632,0.534012,-0.001902,0.016569,0.011569,-9.736447,0.138013,0.0,0.0,0.0,0.0,0.999997,-0.000364,-0.001729,-0.001586
756142.0,0.000812,0.000845,0.000699,0.213965,0.435502,0.535826,-0.002179,0.01499,0.012111,-9.735512,0.129902,0.0,0.0,0.0,0.0,0.999997,-0.000341,-0.001706,-0.001603
756250.0,-0.001631,-7.2e-05,8.8e-05,0.219426,0.435537,0.534468,0.002738,0.013632,0.009843,-9.737262,0.129061,0.0,0.0,0.0,0.0,0.999997,-0.000399,-0.001786,-0.00162
756355.0,-0.001937,0.000845,-0.000523,0.214434,0.435459,0.529689,-0.001977,0.012284,0.004734,-9.741405,0.127318,0.0,0.0,0.0,0.0,0.999997,-0.000426,-0.001802,-0.001623
756457.0,-0.00041,0.000539,-0.000829,0.21394,0.435223,0.527701,-0.002232,0.010974,0.002587,-9.736433,0.128729,0.0,0.0,0.0,0.0,0.999997,-0.000385,-0.001753,-0.001642
756559.0,-0.000104,0.000234,-0.000829,0.208369,0.435186,0.530846,-0.006816,0.00998,0.005036,-9.73591,0.13746,0.0,0.0,0.0,0.0,0.999997,-0.000348,-0.001693,-0.00165
756662.0,0.001118,0.000234,0.000393,0.208411,0.434238,0.527982,-0.006148,0.008242,0.002176,-9.734721,0.144786,0.0,0.0,0.0,0.0,0.999997,-0.000335,-0.001717,-0.001656
756764.0,-0.001937,-0.001904,-0.000218,0.203291,0.434232,0.53131,-0.010348,0.007448,0.005041,-9.736334,0.130383,0.0,0.0,0.0,0.0,0.999997,-0.000391,-0.00178,-0.001651
756869.0,0.001118,-0.001904,8.8e-05,0.202713,0.434273,0.527919,-0.009861,0.006742,0.001372,-9.738082,0.13621,0.0,0.0,0.0,0.0,0.999997,-0.000377,-0.001817,-0.001632
756972.0,-0.00041,0.000539,-0.000218,0.197535,0.434255,0.528841,-0.013772,0.006078,0.002096,-9.73332,0.149127,0.0,0.0,0.0,0.0,0.999997,-0.000363,-0.001777,-0.001639
757074.0,0.001423,0.00115,0.000393,0.202103,0.434278,0.527392,-0.008224,0.005523,0.00057,-9.736583,0.140494,0.0,0.0,0.0,0.0,0.999997,-0.000389,-0.001776,-0.001657
757176.0,0.000812,-0.000377,0.00192,0.197439,0.434265,0.527911,-0.011765,0.004987,0.000992,-9.737829,0.114702,0.0,0.0,0.0,0.0,0.999997,-0.000319,-0.001658,-0.001667
757279.0,0.002034,0.002372,-0.000218,0.196994,0.434253,0.529668,-0.011061,0.004502,0.002509,-9.737212,0.110384,0.0,0.0,0.0,0.0,0.999997,-0.000257,-0.00167,-0.001666
757383.0,-0.000104,0.000539,-0.001745,0.19179,0.434243,0.530013,-0.014865,0.004053,0.002587,-9.73905,0.140843,0.0,0.0,0.0,0.0,0.999997,-0.000253,-0.001747,-0.001639
757485.0,0.000201,-0.002515,-0.001134,0.196301,0.434279,0.53174,-0.009302,0.003704,0.003921,-9.734922,0.161146,0.0,0.0,0.0,0.0,0.999997,-0.000195,-0.001698,-0.001644
757587.0,-0.00102,-0.001294,0.003447,0.191623,0.434267,0.529594,-0.012709,0.003347,0.001616,-9.736376,0.140348,0.0,0.0,0.0,0.0,0.999997,-0.000145,-0.001625,-0.001627
757689.0,-0.000104,0.000845,0.003142,0.191198,0.434254,0.532505,-0.011908,0.003021,0.004109,-9.737562,0.098151,0.0,0.0,0.0,0.0,0.999997,-0.000138,-0.001623,-0.001662
757791.0,0.001423,0.003899,-0.00144,0.191119,0.434261,0.533925,-0.010866,0.002745,0.005012,-9.746359,0.071944,0.0,0.0,0.0,0.0,0.999997,-0.00019,-0.001675,-0.001684
757891.0,-0.002242,-0.001294,-0.004799,0.191209,0.434237,0.534174,-0.009778,0.002469,0.004784,-9.741409,0.142118,0.0,0.0,0.0,0.0,0.999997,-0.000198,-0.001689,-0.001656
757993.0,-0.002548,-0.00221,-0.004188,0.191198,0.423896,0.535898,-0.008869,-0.007289,0.005909,-9.733903,0.209742,0.0,0.0,0.0,0.0,0.999997,-0.000157,-0.001623,-0.001615
758095.0,0.000507,-0.000988,0.002226,0.191235,0.422818,0.543803,-0.008005,-0.007591,0.012497,-9.732315,0.207981,0.0,0.0,0.0,0.0,0.999997,-0.000119,-0.001579,-0.001606
758198.0,0.001728,0.000539,0.006196,0.19122,0.412293,0.542883,-0.007275,-0.016446,0.010522,-9.733525,0.136915,0.0,0.0,0.0,0.0,0.999997,-0.000124,-0.001577,-0.001604
758298.0,0.002645,-7.2e-05,0.00528,0.196525,0.411241,0.54683,-0.001614,-0.015886,0.013194,-9.741272,0.06545,0.0,0.0,0.0,0.0,0.999997,-0.000105,-0.001597,-0.001583
758403.0,0.001728,0.000845,-0.000218,0.202405,0.411285,0.546676,0.003954,-0.014305,0.011787,-9.746542,0.072398,0.0,0.0,0.0,0.0,0.999998,-7.8e-05,-0.001568,-0.001536
758505.0,-0.00041,0.003899,-0.003883,0.20825,0.411179,0.548396,0.008891,-0.013076,0.01225,-9.740009,0.128358,0.0,0.0,0.0,0.0,0.999998,6.7e-05,-0.001457,-0.001447
758607.0,0.000507,0.001455,-0.003883,0.208864,0.400741,0.549535,0.008627,-0.021243,0.012151,-9.732617,0.162511,0.0,0.0,0.0,0.0,0.999998,0.000181,-0.001389,-0.00143
758710.0,0.003866,0.000539,0.00192,0.208938,0.399657,0.556542,0.007902,-0.020263,0.017251,-9.737791,0.191959,0.0,0.0,0.0,0.0,0.999998,0.000284,-0.001312,-0.001389
758812.0,0.004172,0.002983,0.00192,0.2089,0.39966,0.558756,0.007151,-0.018423,0.017654,-9.738233,0.16354,0.0,0.0,0.0,0.0,0.999998,0.000378,-0.001346,-0.001356
758913.0,0.006921,0.002372,-0.001134,0.209622,0.397799,0.560539,0.007151,-0.018423,0.017654,-9.733582,0.23192,0.0,0.0,0.0,0.0,0.999998,0.000553,-0.001313,-0.001265
759015.0,0.003866,-0.000683,-0.005716,0.208864,0.388627,0.564798,0.005856,-0.024766,0.019767,-9.725653,0.291964,0.0,0.0,0.0,0.0,0.999998,0.00067,-0.001266,-0.001242
759117.0,-0.002853,-0.009846,0.002226,0.208821,0.388173,0.567038,0.005293,-0.022945,0.019966,-9.723365,0.267092,0.0,0.0,0.0,0.0,0.999998,0.000709,-0.001196,-0.00135
759219.0,0.004477,0.001455,0.007723,0.208787,0.388261,0.56994,0.00478,-0.020777,0.02072,-9.730278,0.110076,0.0,0.0,0.0,0.0,0.999998,0.000733,-0.001101,-0.001505
759321.0,0.013335,0.010924,0.004975,0.214161,0.377641,0.574789,0.009119,-0.028321,0.023114,-9.753555,0.005407,0.0,0.0,0.0,0.0,0.999998,0.000641,-0.001277,-0.001537
759426.0,0.002645,-0.001294,-0.002967,0.209209,0.376862,0.576378,0.003791,-0.026345,0.022371,-9.750461,0.038608,0.0,0.0,0.0,0.0,0.999998,0.000696,-0.001296,-0.001376
759529.0,0.000507,-0.003432,-0.003578,0.214136,0.376623,0.579359,0.007831,-0.02416,0.02298,-9.730931,0.12329,0.0,0.0,0.0,0.0,0.999998,0.000882,-0.001149,-0.00126
759631.0,0.006615,0.004204,-0.003272,0.214643,0.37677,0.585907,0.007573,-0.021863,0.026614,-9.729777,0.182967,0.0,0.0,0.0,0.0,0.999998,0.000924,-0.001087,-0.00128
759733.0,0.001423,0.004815,-0.000829,0.214687,0.366064,0.587171,0.006932,-0.029311,0.025353,-9.736334,0.170189,0.0,0.0,0.0,0.0,0.999998,0.000758,-0.001257,-0.001391
759835.0,-0.003769,-0.004959,-0.000829,0.220097,0.365172,0.591568,0.011065,-0.027477,0.026933,-9.741539,0.110088,0.0,0.0,0.0,0.0,0.999998,0.000633,-0.001457,-0.001499
759935.0,0.001118,-0.003432,0.001004,0.221203,0.362426,0.594259,0.011065,-0.027477,0.026933,-9.737783,0.127413,0.0,0.0,0.0,0.0,0.999998,0.000615,-0.001487,-0.001466
760037.0,0.003256,0.002677,0.000393,0.220522,0.354127,0.591237,0.009524,-0.032139,0.022068,-9.729177,0.146282,0.0,0.0,0.0,0.0,0.999998,0.000691,-0.001437,-0.001439
760139.0,0.002645,0.00451,-0.000218,0.220523,0.353601,0.588476,0.008677,-0.029739,0.017765,-9.740789,0.136165,0.0,0.0,0.0,0.0,0.999998,0.000738,-0.00136,-0.00145
760241.0,-0.002242,-0.000377,-0.001134,0.220445,0.353813,0.593888,0.007838,-0.026912,0.020873,-9.740915,0.108645,0.0,0.0,0.0,0.0,0.999998,0.000824,-0.001219,-0.001507
760341.0,-0.000715,-0.002821,-0.003272,0.225861,0.343201,0.59481,0.012013,-0.034046,0.01983,-9.740085,0.113368,0.0,0.0,0.0,0.0,0.999998,0.000781,-0.001263,-0.00156
760441.0,-0.00102,-0.000377,-0.001134,0.22706,0.339801,0.59679,0.012013,-0.034046,0.01983,-9.740745,0.135342,0.0,0.0,0.0,0.0,0.999998,0.00066,-0.001429,-0.001555
760544.0,-0.00102,0.002677,-0.002356,0.22628,0.342537,0.598571,0.010308,-0.028769,0.019612,-9.740314,0.126036,0.0,0.0,0.0,0.0,0.999997,0.000614,-0.001551,-0.001537
760647.0,0.000812,0.002677,-0.00144,0.226285,0.342552,0.596284,0.009407,-0.02623,0.015978,-9.737164,0.122278,0.0,0.0,0.0,0.0,0.999997,0.000693,-0.001463,-0.001555
760748.0,0.001423,0.001455,8.8e-05,0.226199,0.342796,0.604486,0.008507,-0.023718,0.021577,-9.733871,0.12574,0.0,0.0,0.0,0.0,0.999998,0.000794,-0.001347,-0.001597
760851.0,-0.000715,0.001455,8.8e-05,0.22612,0.332095,0.599758,0.007681,-0.030882,0.01563,-9.73404,0.122698,0.0,0.0,0.0,0.0,0.999997,0.000818,-0.001323,-0.00163
760956.0,-0.003769,-0.002515,-0.001134,0.231659,0.330983,0.603238,0.01173,-0.029062,0.017187,-9.738345,0.128031,0.0,0.0,0.0,0.0,0.999997,0.000718,-0.001457,-0.001638
761059.0,-0.002548,-0.001904,-0.001134,0.231117,0.333692,0.603314,0.010163,-0.023987,0.01567,-9.738759,0.148455,0.0,0.0,0.0,0.0,0.999997,0.000622,-0.001591,-0.001626
761161.0,-0.00041,-0.001904,0.000699,0.231116,0.333709,0.603349,0.009183,-0.021661,0.014214,-9.733165,0.137844,0.0,0.0,0.0,0.0,0.999997,0.00057,-0.001612,-0.001633
761264.0,0.001728,0.003288,-0.000523,0.231106,0.333733,0.605784,0.00829,-0.019554,0.015121,-9.737286,0.128077,0.0,0.0,0.0,0.0,0.999997,0.000614,-0.001517,-0.001692
761365.0,0.000507,0.002372,-0.00205,0.23195,0.331743,0.607322,0.00829,-0.019554,0.015121,-9.738441,0.142743,0.0,0.0,0.0,0.0,0.999997,0.000609,-0.001495,-0.001696
761465.0,-0.002853,-0.002515,8.8e-05,0.236462,0.323156,0.609879,0.011633,-0.025575,0.016065,-9.741628,0.151777,0.0,0.0,0.0,0.0,0.999997,0.000588,-0.001526,-0.00168
761567.0,-0.000715,-0.001904,0.000393,0.236736,0.322618,0.610272,0.010779,-0.023636,0.014916,-9.734383,0.157654,0.0,0.0,0.0,0.0,0.999997,0.000543,-0.001616,-0.001675
761670.0,-0.002548,-0.000377,-0.000523,0.236816,0.322451,0.610409,0.009817,-0.02152,0.013629,-9.73631,0.155237,0.0,0.0,0.0,0.0,0.999997,0.000412,-0.001739,-0.001718
761772.0,0.001423,-7.2e-05,0.001004,0.241951,0.322481,0.616151,0.013659,-0.019451,0.017628,-9.741783,0.132236,0.0,0.0,0.0,0.0,0.999997,0.000356,-0.00179,-0.001785
761876.0,0.001728,0.000234,0.000393,0.237394,0.32237,0.615742,0.008098,-0.017669,0.015566,-9.73607,0.126893,0.0,0.0,0.0,0.0,0.999997,0.000386,-0.001684,-0.001821
761978.0,0.000201,-0.001294,0.000393,0.24722,0.322448,0.618869,0.016563,-0.0159,0.016994,-9.734704,0.141424,0.0,0.0,0.0,0.0,0.999997,0.00046,-0.001628,-0.001774
762081.0,0.001728,-0.001904,-0.000218,0.243099,0.312164,0.621191,0.01118,-0.023907,0.017524,-9.728879,0.138262,0.0,0.0,0.0,0.0,0.999997,0.000474,-0.001644,-0.001749
762183.0,0.000507,0.001761,-0.001134,0.247822,0.311143,0.624094,0.014484,-0.022597,0.01854,-9.740174,0.146852,0.0,0.0,0.0,0.0,0.999997,0.00041,-0.001708,-0.001749
762283.0,-0.00102,-0.002515,-0.000829,0.253446,0.311093,0.62049,0.018475,-0.020472,0.013392,-9.739403,0.148893,0.0,0.0,0.0,0.0,0.999997,0.000418,-0.001729,-0.001778
762388.0,0.000812,0.000234,-0.000218,0.248822,0.311096,0.62722,0.012484,-0.018512,0.018223,-9.733522,0.145897,0.0,0.0,0.0,0.0,0.999997,0.000424,-0.001711,-0.001792
762489.0,0.003866,0.003288,0.002226,0.253564,0.311094,0.622744,0.015718,-0.016765,0.012416,-9.737105,0.130592,0.0,0.0,0.0,0.0,0.999997,0.000462,-0.001652,-0.001782
762592.0,0.00295,0.001761,0.001004,0.254106,0.300719,0.625148,0.014742,-0.024672,0.013439,-9.736645,0.127268,0.0,0.0,0.0,0.0,0.999997,0.000538,-0.001622,-0.001738
762694.0,-0.002242,0.001455,-0.002661,0.254103,0.299705,0.626427,0.01338,-0.023315,0.013357,-9.739523,0.138952,0.0,0.0,0.0,0.0,0.999997,0.000571,-0.001545,-0.001749
762796.0,-0.002853,-0.003737,8.8e-05,0.259314,0.299694,0.62578,0.016881,-0.021157,0.011549,-9.732269,0.148016,0.0,0.0,0.0,0.0,0.999997,0.000532,-0.00159,-0.001775
762900.0,0.000812,0.002372,-0.001745,0.259913,0.299601,0.627371,0.015826,-0.019237,0.011894,-9.732598,0.142176,0.0,0.0,0.0,0.0,0.999997,0.000471,-0.001631,-0.001815
763003.0,0.005088,0.008175,-0.002356,0.259952,0.299622,0.627674,0.01436,-0.017392,0.011057,-9.736962,0.163541,0.0,0.0,0.0,0.0,0.999997,0.000436,-0.001695,-0.001788
763105.0,-0.002242,-7.2e-05,-0.003578,0.259881,0.299717,0.63192,0.012976,-0.01571,0.013834,-9.736885,0.201325,0.0,0.0,0.0,0.0,0.999997,0.000504,-0.001613,-0.00175
763207.0,-0.003769,-0.00557,-0.002356,0.259809,0.299804,0.634394,0.01172,-0.014188,0.014779,-9.733264,0.190944,0.0,0.0,0.0,0.0,0.999997,0.000557,-0.001525,-0.001783
763310.0,0.002034,0.000234,0.00192,0.259752,0.28936,0.633966,0.010586,-0.022283,0.013049,-9.734063,0.147803,0.0,0.0,0.0,0.0,0.999997,0.000517,-0.001544,-0.001855
763415.0,0.003256,0.003288,0.001615,0.265061,0.288347,0.635554,0.014348,-0.021097,0.013244,-9.740507,0.128112,0.0,0.0,0.0,0.0,0.999997,0.000403,-0.00172,-0.001911
763517.0,-0.00041,-0.004348,0.001309,0.265649,0.288167,0.630847,0.013539,-0.019277,0.007752,-9.740505,0.137766,0.0,0.0,0.0,0.0,0.999997,0.000414,-0.001749,-0.001911
763619.0,0.001728,-0.004042,0.00192,0.265621,0.288282,0.636612,0.012275,-0.01741,0.012149,-9.731712,0.12832,0.0,0.0,0.0,0.0,0.999997,0.000507,-0.001626,-0.001908
763722.0,0.00295,0.004204,0.001309,0.265617,0.288295,0.636039,0.011149,-0.015806,0.010546,-9.736613,0.090436,0.0,0.0,0.0,0.0,0.999997,0.00057,-0.00153,-0.001961
763824.0,-0.001631,0.000539,-0.000829,0.265542,0.27772,0.632383,0.010081,-0.023716,0.006415,-9.744146,0.098686,0.0,0.0,0.0,0.0,0.999997,0.000485,-0.001647,-0.002003
763929.0,-0.00438,-0.006486,-0.00144,0.265504,0.276724,0.638564,0.009115,-0.022398,0.011208,-9.736797,0.131947,0.0,0.0,0.0,0.0,0.999996,0.0004,-0.001783,-0.001994
764031.0,-0.002548,-0.002821,-0.000218,0.265514,0.276589,0.636367,0.008276,-0.020437,0.008214,-9.731731,0.155939,0.0,0.0,0.0,0.0,0.999996,0.000401,-0.001796,-0.001981
764133.0,0.00295,0.003899,0.000393,0.265443,0.276754,0.636671,0.007467,-0.01845,0.007746,-9.73767,0.144319,0.0,0.0,0.0,0.0,0.999996,0.000436,-0.001763,-0.001999
764235.0,0.003256,0.005121,8.8e-05,0.265384,0.276897,0.639295,0.006755,-0.016694,0.009328,-9.737876,0.09195,0.0,0.0,0.0,0.0,0.999996,0.000476,-0.001721,-0.002087
764336.0,0.000201,-0.00221,-0.002356,0.265336,0.277016,0.631945,0.006095,-0.015062,0.00194,-9.740284,0.105886,0.0,0.0,0.0,0.0,0.999996,0.000521,-0.001699,-0.002129
764441.0,-0.00041,-0.003432,-0.004188,0.265257,0.266387,0.634774,0.005463,-0.023019,0.004228,-9.730803,0.201955,0.0,0.0,0.0,0.0,0.999996,0.000502,-0.001758,-0.002074
764543.0,-0.00041,-0.000377,0.000699,0.26527,0.265292,0.634456,0.004977,-0.021893,0.00357,-9.727324,0.216851,0.0,0.0,0.0,0.0,0.999996,0.000508,-0.001812,-0.002042
764646.0,0.001728,0.002066,0.004364,0.270754,0.276093,0.635245,0.009291,-0.01058,0.003933,-9.736529,0.15312,0.0,0.0,0.0,0.0,0.999996,0.00048,-0.001857,-0.002094
764749.0,0.001728,0.001455,0.001615,0.265726,0.266421,0.635374,0.004104,-0.018022,0.003696,-9.744269,0.076498,0.0,0.0,0.0,0.0,0.999996,0.000427,-0.001868,-0.002196
764851.0,0.000507,-0.00221,-0.002356,0.270717,0.265598,0.637136,0.008053,-0.017137,0.004879,-9.737552,0.086297,0.0,0.0,0.0,0.0,0.999996,0.000467,-0.001767,-0.002267
764951.0,-0.003158,-0.001904,-0.005105,0.271181,0.265593,0.636583,0.007764,-0.015675,0.003995,-9.739021,0.149859,0.0,0.0,0.0,0.0,0.999996,0.000494,-0.001761,-0.002243
765052.0,0.001118,0.001761,-0.000523,0.271181,0.265691,0.636443,0.007066,-0.01418,0.003519,-9.732366,0.202753,0.0,0.0,0.0,0.0,0.999996,0.000451,-0.001861,-0.002193
765155.0,-0.002242,-0.002821,0.002837,0.271117,0.26583,0.632825,0.00639,-0.012814,0.000135,-9.733651,0.179721,0.0,0.0,0.0,0.0,0.999996,0.000369,-0.001964,-0.002168
765257.0,-0.003158,-0.002821,0.002226,0.271054,0.265957,0.632993,0.005774,-0.011577,0.000266,-9.736847,0.081108,0.0,0.0,0.0,0.0,0.999995,0.00028,-0.002006,-0.002278
765359.0,0.003256,0.005731,-0.003272,0.270992,0.266083,0.633912,0.005215,-0.010456,0.001026,-9.739534,0.072274,0.0,0.0,0.0,0.0,0.999995,0.000281,-0.002001,-0.002353
765464.0,0.000812,0.002983,-0.006326,0.2705,0.267069,0.632397,0.004289,-0.008599,-0.000479,-9.745514,0.150711,0.0,0.0,0.0,0.0,0.999995,0.000295,-0.002021,-0.002334
765566.0,-0.00102,-0.00221,-0.000218,0.270496,0.256965,0.630426,0.003875,-0.017235,-0.002256,-9.731528,0.238243,0.0,0.0,0.0,0.0,0.999995,0.000317,-0.002007,-0.002262
765668.0,-0.003158,-0.004348,0.004669,0.270514,0.255856,0.633284,0.00352,-0.016616,0.000601,-9.729942,0.193137,0.0,0.0,0.0,0.0,0.999995,0.000336,-0.001989,-0.002254
765771.0,0.001728,0.001455,0.003447,0.270507,0.255779,0.630594,0.003176,-0.015097,-0.001943,-9.737616,0.089635,0.0,0.0,0.0,0.0,0.999995,0.000295,-0.002017,-0.002319
765873.0,-0.00102,0.000539,-0.002967,0.275668,0.255709,0.631691,0.007674,-0.01373,-0.000754,-9.739289,0.073574,0.0,0.0,0.0,0.0,0.999995,0.000217,-0.002083,-0.002372
765977.0,0.000812,0.002066,-0.006326,0.276248,0.255657,0.628622,0.007469,-0.012435,-0.003524,-9.7441,0.133864,0.0,0.0,0.0,0.0,0.999995,0.000219,-0.002079,-0.002382
766079.0,-0.002242,-7.2e-05,-0.003272,0.271074,0.2557,0.622994,0.001973,-0.011218,-0.008346,-9.740026,0.200836,0.0,0.0,0.0,0.0,0.999995,0.00028,-0.001978,-0.002365
766181.0,0.000812,-0.001599,0.002531,0.270547,0.255734,0.628558,0.001304,-0.010139,-0.002521,-9.730456,0.206231,0.0,0.0,0.0,0.0,0.999995,0.000312,-0.00204,-0.002338
766281.0,-0.00102,-7.2e-05,0.004058,0.275677,0.255754,0.626362,0.006071,-0.009148,-0.004342,-9.732147,0.142466,0.0,0.0,0.0,0.0,0.999995,0.00031,-0.002085,-0.002337
766383.0,-0.000715,-0.000377,0.000699,0.27617,0.25584,0.625943,0.005954,-0.008207,-0.004321,-9.743608,0.087774,0.0,0.0,0.0,0.0,0.999995,0.000253,-0.00213,-0.002371
766487.0,0.002034,-0.000377,-0.00205,0.271102,0.245546,0.625003,0.000649,-0.01702,-0.004773,-9.736422,0.121422,0.0,0.0,0.0,0.0,0.999995,0.000264,-0.002111,-0.002387
766590.0,-0.001326,0.002372,-0.003883,0.275752,0.254782,0.62315,0.004835,-0.006992,-0.006007,-9.740322,0.15843,0.0,0.0,0.0,0.0,0.999995,0.000224,-0.00213,-0.002412
766692.0,0.001118,0.001455,-0.000829,0.271,0.245355,0.621937,4.3e-05,-0.014949,-0.006547,-9.734954,0.173912,0.0,0.0,0.0,0.0,0.999995,0.000236,-0.002115,-0.002408
766793.0,-0.001326,-0.000988,0.002531,0.275752,0.254808,0.621718,0.004352,-0.004989,-0.006146,-9.736642,0.175722,0.0,0.0,0.0,0.0,0.999995,0.000207,-0.002134,-0.0024
766898.0,-0.001631,-0.001904,0.001309,0.27095,0.245351,0.620844,-0.000436,-0.013128,-0.006354,-9.740027,0.13715,0.0,0.0,0.0,0.0,0.999995,0.000217,-0.002168,-0.002423
767000.0,0.001728,0.001455,-0.000218,0.275733,0.244401,0.619,0.004023,-0.012769,-0.007443,-9.741272,0.113265,0.0,0.0,0.0,0.0,0.999995,0.000157,-0.002202,-0.002444
767102.0,0.00295,0.002066,-0.000829,0.270958,0.244283,0.620297,-0.000666,-0.011695,-0.005602,-9.742585,0.134043,0.0,0.0,0.0,0.0,0.999995,0.000193,-0.002188,-0.002481
767205.0,0.001118,0.000234,-0.00205,0.275771,0.244333,0.618055,0.003736,-0.010569,-0.00709,-9.737494,0.157803,0.0,0.0,0.0,0.0,0.999995,0.000218,-0.00215,-0.002474
767307.0,0.002034,0.000234,-0.000523,0.270916,0.24439,0.620198,-0.000994,-0.009542,-0.00453,-9.734168,0.170995,0.0,0.0,0.0,0.0,0.999995,0.000274,-0.002092,-0.002466
767412.0,-0.00102,-0.001294,0.001004,0.270434,0.244474,0.619811,-0.001334,-0.008566,-0.004452,-9.734437,0.155526,0.0,0.0,0.0,0.0,0.999995,0.000257,-0.00209,-0.002481
767514.0,-0.001326,-0.001599,0.000699,0.275675,0.244435,0.615522,0.003629,-0.007792,-0.007934,-9.736442,0.142079,0.0,0.0,0.0,0.0,0.999995,0.000194,-0.002136,-0.002513
767617.0,-0.00102,-0.002821,-0.000829,0.270922,0.244436,0.619694,-0.00097,-0.007075,-0.003506,-9.739154,0.136146,0.0,0.0,0.0,0.0,0.999994,0.000122,-0.00223,-0.002545
767718.0,0.000507,-0.000377,-0.001745,0.270418,0.244482,0.619743,-0.001329,-0.006394,-0.003149,-9.736753,0.147306,0.0,0.0,0.0,0.0,0.999994,0.000105,-0.002215,-0.002575
767820.0,0.000201,0.000539,8.8e-05,0.275753,0.244524,0.614614,0.003551,-0.005775,-0.007387,-9.732126,0.168295,0.0,0.0,0.0,0.0,0.999994,0.000114,-0.002188,-0.002557
767925.0,-0.00041,-0.002515,0.001615,0.270911,0.244515,0.618726,-0.001086,-0.005246,-0.003096,-9.737988,0.15333,0.0,0.0,0.0,0.0,0.999994,0.000119,-0.00218,-0.00253
768027.0,-0.00041,-0.002515,0.001004,0.270396,0.244533,0.618741,-0.001451,-0.004747,-0.0028,-9.735531,0.15121,0.0,0.0,0.0,0.0,0.999994,0.00014,-0.002208,-0.002515
768129.0,-0.00041,0.000234,8.8e-05,0.275786,0.244568,0.619635,0.003408,-0.004293,-0.001775,-9.731514,0.137641,0.0,0.0,0.0,0.0,0.999994,8.4e-05,-0.002242,-0.002533
768231.0,-0.000104,0.002066,-0.001134,0.270867,0.233861,0.619827,-0.00126,-0.013392,-0.001449,-9.738717,0.13238,0.0,0.0,0.0,0.0,0.999994,1.8e-05,-0.002291,-0.002597
768332.0,0.000507,0.001761,-0.001134,0.270382,0.232871,0.620736,-0.001588,-0.013064,-0.000498,-9.740566,0.14935,0.0,0.0,0.0,0.0,0.999994,-3e-05,-0.002333,-0.002601
768437.0,-0.000104,0.001455,0.000393,0.270336,0.24358,0.622671,-0.001482,-0.002532,0.001221,-9.739266,0.155356,0.0,0.0,0.0,0.0,0.999994,2.5e-05,-0.002255,-0.002545
768539.0,-0.00041,0.00115,8.8e-05,0.270339,0.233913,0.629117,-0.001342,-0.011035,0.006847,-9.731842,0.170792,0.0,0.0,0.0,0.0,0.999994,1.5e-05,-0.002217,-0.002511
768641.0,-0.00041,0.001761,0.001004,0.270342,0.232903,0.622625,-0.001221,-0.010936,0.000645,-9.73433,0.158981,0.0,0.0,0.0,0.0,0.999994,2.8e-05,-0.002208,-0.00251
768744.0,-0.001631,-0.000988,8.8e-05,0.270351,0.24373,0.625641,-0.001105,-0.00062,0.003166,-9.740759,0.141728,0.0,0.0,0.0,0.0,0.999994,-6e-06,-0.002173,-0.002563
768846.0,-0.00041,0.000539,-0.001745,0.270353,0.233958,0.628857,-0.001004,-0.009046,0.005645,-9.738468,0.128746,0.0,0.0,0.0,0.0,0.999994,9e-06,-0.002145,-0.002647
768951.0,0.001118,0.000539,-0.000829,0.275902,0.232977,0.626835,0.003899,-0.009076,0.003405,-9.741705,0.137666,0.0,0.0,0.0,0.0,0.999994,4e-06,-0.002154,-0.002663
769053.0,0.001118,0.000845,-0.001134,0.276444,0.232915,0.629061,0.004024,-0.008321,0.005024,-9.736127,0.155074,0.0,0.0,0.0,0.0,0.999994,3.8e-05,-0.002156,-0.002636
769155.0,0.000201,-7.2e-05,-0.000829,0.270902,0.232991,0.630364,-0.001096,-0.007527,0.005698,-9.733855,0.174958,0.0,0.0,0.0,0.0,0.999994,7.8e-05,-0.002171,-0.002626
769257.0,0.002339,-7.2e-05,8.8e-05,0.275915,0.233065,0.629684,0.003306,-0.006805,0.004628,-9.732621,0.154037,0.0,0.0,0.0,0.0,0.999994,7.2e-05,-0.002169,-0.002633
769359.0,0.000812,0.000539,0.001004,0.27639,0.23313,0.637507,0.003424,-0.006153,0.010872,-9.738948,0.150616,0.0,0.0,0.0,0.0,0.999994,0.0001,-0.002157,-0.002661
769464.0,-0.001937,-0.00221,0.000393,0.270489,0.233713,0.637549,-0.001991,-0.005052,0.009755,-9.735215,0.150458,0.0,0.0,0.0,0.0,0.999994,8.8e-05,-0.002184,-0.0027
769567.0,0.002034,-0.000377,-0.000829,0.270436,0.233718,0.6381,-0.001849,-0.004558,0.009335,-9.740491,0.150229,0.0,0.0,0.0,0.0,0.999994,0.000102,-0.002216,-0.002712
769668.0,-0.00041,0.000845,0.000393,0.27554,0.233697,0.639058,0.003089,-0.004145,0.009342,-9.741431,0.137197,0.0,0.0,0.0,0.0,0.999994,9.5e-05,-0.002226,-0.002739
769771.0,-0.00102,0.00115,-0.000829,0.270934,0.233705,0.640873,-0.001511,-0.003742,0.010136,-9.734323,0.159407,0.0,0.0,0.0,0.0,0.999994,4.7e-05,-0.00226,-0.002718
769873.0,-0.00041,0.001761,-0.000829,0.270462,0.23369,0.642087,-0.001808,-0.003397,0.010298,-9.739854,0.15235,0.0,0.0,0.0,0.0,0.999994,3.8e-05,-0.002234,-0.002755
769977.0,-0.00102,-7.2e-05,-0.000829,0.270417,0.233698,0.643131,-0.001673,-0.003055,0.010269,-9.734188,0.154664,0.0,0.0,0.0,0.0,0.999994,2.4e-05,-0.002234,-0.002772
770080.0,-0.00041,0.000845,0.001004,0.275583,0.233688,0.640892,0.003264,-0.002775,0.007259,-9.736372,0.166596,0.0,0.0,0.0,0.0,0.999994,5e-06,-0.002227,-0.002745
770182.0,-0.00041,0.000234,0.00192,0.276128,0.233696,0.643715,0.00346,-0.002509,0.009152,-9.740081,0.148562,0.0,0.0,0.0,0.0,0.999994,4.8e-05,-0.00224,-0.002709
770282.0,-0.000104,-0.000377,-0.000218,0.270972,0.233717,0.645029,-0.001808,-0.002248,0.009526,-9.73948,0.140957,0.0,0.0,0.0,0.0,0.999994,3.6e-05,-0.002272,-0.00273
770384.0,-0.000715,-0.000377,-0.003578,0.270448,0.23371,0.642024,-0.002122,-0.002042,0.005889,-9.73871,0.14308,0.0,0.0,0.0,0.0,0.999994,-1.1e-05,-0.0023,-0.002784
770488.0,-0.002242,-0.001904,-0.001134,0.270386,0.233704,0.6414,-0.001974,-0.001851,0.004755,-9.738237,0.164543,0.0,0.0,0.0,0.0,0.999993,-3.9e-05,-0.002331,-0.002815
770590.0,-0.00041,0.000845,0.001004,0.270376,0.2337,0.637105,-0.001799,-0.001681,0.000436,-9.735728,0.171661,0.0,0.0,0.0,0.0,0.999993,-1.5e-05,-0.002321,-0.002793
770692.0,0.000812,0.000539,-0.000218,0.270383,0.233707,0.6404,-0.001625,-0.001518,0.003361,-9.740467,0.166729,0.0,0.0,0.0,0.0,0.999993,-2.5e-05,-0.002333,-0.002776
770794.0,0.001118,-7.2e-05,0.000699,0.275653,0.233713,0.640204,0.003298,-0.001373,0.002878,-9.740575,0.137559,0.0,0.0,0.0,0.0,0.999993,-5e-06,-0.002341,-0.002784
770896.0,0.001728,0.001455,-0.000829,0.270929,0.233712,0.641005,-0.001311,-0.001247,0.003335,-9.742378,0.113649,0.0,0.0,0.0,0.0,0.999993,8e-06,-0.002293,-0.002844
771000.0,-0.00102,0.001455,-0.000829,0.270427,0.233717,0.642003,-0.001646,-0.001123,0.003924,-9.734961,0.127797,0.0,0.0,0.0,0.0,0.999993,5.3e-05,-0.00226,-0.002857
771102.0,0.000201,0.000539,-0.00144,0.270374,0.233716,0.641361,-0.001542,-0.00102,0.002991,-9.73318,0.168246,0.0,0.0,0.0,0.0,0.999994,6.2e-05,-0.002271,-0.002812
771205.0,-0.00041,0.00115,8.8e-05,0.270376,0.233721,0.640357,-0.001398,-0.000921,0.001824,-9.733356,0.191685,0.0,0.0,0.0,0.0,0.999993,4.3e-05,-0.002311,-0.002794
771307.0,-0.00102,-0.000377,0.001309,0.270383,0.233726,0.642699,-0.001262,-0.000832,0.003747,-9.743019,0.161635,0.0,0.0,0.0,0.0,0.999993,-9e-06,-0.002356,-0.002837
771409.0,-0.001631,-0.002515,0.001004,0.27039,0.233731,0.643997,-0.00114,-0.000751,0.004564,-9.737281,0.135462,0.0,0.0,0.0,0.0,0.999993,-5.9e-05,-0.002385,-0.00292
771513.0,0.000812,-0.00221,0.000393,0.270389,0.23373,0.636632,-0.001033,-0.000681,-0.002477,-9.7362,0.118337,0.0,0.0,0.0,0.0,0.999993,-4.6e-05,-0.002388,-0.002948
771615.0,0.000812,0.00115,-0.000829,0.270389,0.23373,0.64275,-0.000938,-0.000618,0.003173,-9.741558,0.127178,0.0,0.0,0.0,0.0,0.999993,3e-05,-0.002344,-0.002924
771717.0,-0.001937,-7.2e-05,-0.002661,0.270395,0.233734,0.642299,-0.000848,-0.000559,0.002493,-9.737335,0.157528,0.0,0.0,0.0,0.0,0.999993,5.3e-05,-0.002368,-0.002889
771819.0,-0.003464,-0.001294,-0.00205,0.270401,0.233738,0.642194,-0.000765,-0.000504,0.002174,-9.733099,0.198345,0.0,0.0,0.0,0.0,0.999993,5.2e-05,-0.002383,-0.002873
771924.0,-0.001631,-0.001294,0.000393,0.270399,0.233737,0.64132,-0.000695,-0.000458,0.001204,-9.73597,0.189601,0.0,0.0,0.0,0.0,0.999993,1.8e-05,-0.002391,-0.002901
772026.0,0.002034,0.002066,0.001309,0.275822,0.233741,0.641988,0.004271,-0.000412,0.001691,-9.736541,0.158859,0.0,0.0,0.0,0.0,0.999993,-2.6e-05,-0.002435,-0.002937
772128.0,0.001118,0.000845,8.8e-05,0.28177,0.233742,0.640398,0.009165,-0.000374,0.000142,-9.736254,0.152925,0.0,0.0,0.0,0.0,0.999993,3.3e-05,-0.002445,-0.002947
772230.0,0.000201,-0.000683,0.000699,0.282342,0.233745,0.637458,0.008849,-0.000338,-0.002423,-9.735262,0.148777,0.0,0.0,0.0,0.0,0.999993,0.000113,-0.002386,-0.002931
772331.0,0.001118,0.001455,0.000699,0.282332,0.233747,0.639494,0.008058,-0.000306,-0.00044,-9.741491,0.122425,0.0,0.0,0.0,0.0,0.999993,0.000116,-0.002356,-0.002968
772435.0,0.000812,-0.001294,-0.00144,0.287737,0.244486,0.639035,0.012247,0.009579,-0.000814,-9.738244,0.120541,0.0,0.0,0.0,0.0,0.999992,6.1e-05,-0.002455,-0.003011
772537.0,0.000812,-0.00221,-0.002967,0.282824,0.245591,0.637211,0.006744,0.009694,-0.002352,-9.745223,0.14994,0.0,0.0,0.0,0.0,0.999992,4.4e-05,-0.002541,-0.003013
772639.0,-0.00102,-0.000683,-0.001134,0.282251,0.24564,0.6351,0.005648,0.008876,-0.003964,-9.735992,0.191604,0.0,0.0,0.0,0.0,0.999992,5.4e-05,-0.002542,-0.002991
772741.0,0.000201,0.002677,0.000393,0.282184,0.245629,0.637297,0.005087,0.008077,-0.00172,-9.735697,0.186804,0.0,0.0,0.0,0.0,0.999993,0.000122,-0.002447,-0.002984
772843.0,0.000507,0.001455,0.002837,0.287629,0.245561,0.632508,0.009365,0.007303,-0.005684,-9.735519,0.159625,0.0,0.0,0.0,0.0,0.999993,0.000127,-0.002359,-0.003027
772948.0,0.000201,-0.000683,0.001615,0.282624,0.245521,0.63422,0.004178,0.006603,-0.003706,-9.734954,0.133844,0.0,0.0,0.0,0.0,0.999992,0.000101,-0.002366,-0.003065
773051.0,-0.000715,-0.002821,-0.000218,0.282101,0.245488,0.628439,0.003336,0.005975,-0.008418,-9.736679,0.138703,0.0,0.0,0.0,0.0,0.999992,7.1e-05,-0.002386,-0.003079
773153.0,-0.001937,-0.003737,-0.002356,0.282036,0.245468,0.627263,0.002985,0.005428,-0.008687,-9.734938,0.162808,0.0,0.0,0.0,0.0,0.999992,1.4e-05,-0.002469,-0.003081
773255.0,0.000507,0.001761,-0.000218,0.282,0.245412,0.628883,0.002692,0.004904,-0.006553,-9.734833,0.185459,0.0,0.0,0.0,0.0,0.999992,-1e-06,-0.002483,-0.003063
773357.0,0.00295,0.002372,0.001004,0.281972,0.245363,0.628375,0.002433,0.004433,-0.006418,-9.738256,0.184637,0.0,0.0,0.0,0.0,0.999992,2e-06,-0.002501,-0.003076
773457.0,-0.00041,-0.000683,0.00192,0.281927,0.245281,0.623931,0.002182,0.003976,-0.009686,-9.739784,0.145636,0.0,0.0,0.0,0.0,0.999992,2.7e-05,-0.002467,-0.003136
773559.0,-0.000715,-0.001294,-0.001134,0.276414,0.245281,0.626572,-0.00292,0.003614,-0.006505,-9.738312,0.130754,0.0,0.0,0.0,0.0,0.999992,3.7e-05,-0.002453,-0.003155
773661.0,-0.000715,0.001761,-0.00144,0.27606,0.234889,0.624278,-0.002957,-0.006187,-0.00796,-9.734821,0.160322,0.0,0.0,0.0,0.0,0.999992,5e-06,-0.002566,-0.003136
773763.0,0.000201,0.001455,8.8e-05,0.276055,0.243928,0.623903,-0.002679,0.002858,-0.007556,-9.740587,0.177996,0.0,0.0,0.0,0.0,0.999992,-5.4e-05,-0.002622,-0.003111
773865.0,-0.002853,-0.000988,-0.001134,0.276058,0.24484,0.623024,-0.002419,0.003441,-0.007655,-9.735314,0.18224,0.0,0.0,0.0,0.0,0.999992,-5.4e-05,-0.002618,-0.003123
773970.0,0.000507,-7.2e-05,0.001309,0.276046,0.23483,0.622001,-0.002186,-0.00651,-0.00786,-9.733864,0.177747,0.0,0.0,0.0,0.0,0.999992,-2.2e-05,-0.002533,-0.003121
774073.0,0.000507,0.002677,0.000393,0.270889,0.23373,0.622594,-0.006789,-0.006913,-0.006569,-9.733428,0.14636,0.0,0.0,0.0,0.0,0.999992,-7e-06,-0.002517,-0.003157
774175.0,-0.000104,0.001761,-0.000218,0.270354,0.233633,0.621093,-0.006646,-0.006355,-0.00733,-9.738837,0.133708,0.0,0.0,0.0,0.0,0.999992,2.6e-05,-0.002498,-0.003175
774282.0,-0.000715,-0.001904,-0.003272,0.270247,0.233572,0.621568,-0.006089,-0.005784,-0.006184,-9.737424,0.156379,0.0,0.0,0.0,0.0,0.999992,4.2e-05,-0.002488,-0.00317
774384.0,0.000507,-0.000988,-0.000523,0.27032,0.233646,0.620926,-0.005428,-0.005151,-0.006193,-9.735662,0.174964,0.0,0.0,0.0,0.0,0.999992,4.1e-05,-0.002494,-0.003194
774489.0,-0.00041,0.001455,0.001309,0.265098,0.233603,0.621569,-0.009836,-0.004679,-0.004985,-9.736341,0.175578,0.0,0.0,0.0,0.0,0.999992,6.1e-05,-0.00247,-0.003199
774591.0,0.000812,-0.000683,0.001615,0.264485,0.233592,0.622548,-0.009475,-0.004252,-0.00364,-9.739184,0.151954,0.0,0.0,0.0,0.0,0.999992,2.9e-05,-0.002504,-0.003224
774694.0,-0.00041,-0.002515,-0.001745,0.264462,0.23361,0.620252,-0.008621,-0.003843,-0.005364,-9.735828,0.147958,0.0,0.0,0.0,0.0,0.999992,2.6e-05,-0.002521,-0.003243
774796.0,-0.00041,-0.001294,8.8e-05,0.264443,0.233604,0.621464,-0.007839,-0.003492,-0.003788,-9.740592,0.157683,0.0,0.0,0.0,0.0,0.999992,-6e-06,-0.002555,-0.003245
774898.0,-0.000104,0.000539,-0.001745,0.259184,0.23362,0.623433,-0.011865,-0.003155,-0.001682,-9.735934,0.162996,0.0,0.0,0.0,0.0,0.999992,-2.9e-05,-0.002548,-0.003248
775003.0,0.000507,0.001455,0.000393,0.258707,0.233635,0.619599,-0.011165,-0.002837,-0.005002,-9.740579,0.164038,0.0,0.0,0.0,0.0,0.999992,-1.4e-05,-0.002521,-0.003239
775105.0,-0.001937,-0.000988,0.000393,0.258639,0.233632,0.617994,-0.010198,-0.002579,-0.005978,-9.739556,0.169581,0.0,0.0,0.0,0.0,0.999992,-1.9e-05,-0.002512,-0.003237
775207.0,0.001728,-0.000377,-0.000523,0.253365,0.233646,0.621945,-0.01401,-0.002329,-0.001911,-9.73582,0.16104,0.0,0.0,0.0,0.0,0.999992,-4e-06,-0.002478,-0.00324
775310.0,-0.001326,-0.001599,-0.000523,0.258138,0.223133,0.619344,-0.008424,-0.011576,-0.00405,-9.736413,0.159671,0.0,0.0,0.0,0.0,0.999991,-3.5e-05,-0.002569,-0.003259
775411.0,-0.001326,-0.000377,8.8e-05,0.253398,0.222138,0.618843,-0.011891,-0.011411,-0.004128,-9.737984,0.15975,0.0,0.0,0.0,0.0,0.999991,-9.3e-05,-0.002632,-0.003287
775516.0,-0.001631,-7.2e-05,0.000393,0.25293,0.222026,0.617045,-0.011179,-0.010418,-0.005362,-9.739621,0.158408,0.0,0.0,0.0,0.0,0.999991,-8.5e-05,-0.002612,-0.003316
775618.0,0.000507,0.00115,-0.000523,0.252881,0.21145,0.614976,-0.010207,-0.018907,-0.006708,-9.735324,0.156121,0.0,0.0,0.0,0.0,0.999991,-3.4e-05,-0.002534,-0.003338
775720.0,-0.000104,0.00115,-0.000829,0.247563,0.210439,0.612869,-0.014023,-0.018082,-0.007963,-9.737144,0.161794,0.0,0.0,0.0,0.0,0.999991,-1.4e-05,-0.002522,-0.00333
775822.0,-0.00041,-0.001904,-0.000523,0.252393,0.199694,0.60988,-0.008481,-0.025953,-0.009865,-9.739989,0.170903,0.0,0.0,0.0,0.0,0.999991,-3.9e-05,-0.002509,-0.003332
775925.0,-0.000715,-0.000988,0.000393,0.247567,0.198743,0.611063,-0.012019,-0.024429,-0.00793,-9.737787,0.176425,0.0,0.0,0.0,0.0,0.999991,-9.3e-05,-0.002594,-0.003364
776029.0,-0.001937,-0.000988,-0.000523,0.247087,0.198659,0.610443,-0.011328,-0.022225,-0.00775,-9.740464,0.164267,0.0,0.0,0.0,0.0,0.999991,-0.000133,-0.002626,-0.003402
776131.0,-0.001326,-0.000377,0.000699,0.24711,0.198796,0.608633,-0.010293,-0.020113,-0.008632,-9.738073,0.156796,0.0,0.0,0.0,0.0,0.999991,-0.000129,-0.002614,-0.003419
776233.0,0.002034,0.00115,-0.000829,0.247194,0.198969,0.608342,-0.009285,-0.018136,-0.008115,-9.73946,0.16699,0.0,0.0,0.0,0.0,0.999991,-3.8e-05,-0.002527,-0.003415
776334.0,-0.000715,0.00115,0.000699,0.24722,0.19902,0.605713,-0.00844,-0.016485,-0.009694,-9.727562,0.171551,0.0,0.0,0.0,0.0,0.999991,1.7e-05,-0.002477,-0.003394
776437.0,0.000507,0.000539,-0.000523,0.247303,0.199183,0.607,-0.007574,-0.014793,-0.007654,-9.737084,0.166395,0.0,0.0,0.0,0.0,0.999991,-1.5e-05,-0.00248,-0.003387
776540.0,-0.000715,0.000845,0.000699,0.241888,0.19924,0.607278,-0.011709,-0.013396,-0.00672,-9.740649,0.158453,0.0,0.0,0.0,0.0,0.999991,-4.7e-05,-0.002535,-0.003408
776642.0,-0.001937,-0.001294,0.000393,0.241337,0.199277,0.603878,-0.011143,-0.012165,-0.009072,-9.732812,0.165045,0.0,0.0,0.0,0.0,0.999991,-0.000104,-0.002589,-0.003431
776745.0,-0.00041,0.000845,-0.001134,0.246861,0.199374,0.603238,-0.005359,-0.010996,-0.008821,-9.732024,0.154491,0.0,0.0,0.0,0.0,0.999991,-0.000107,-0.002621,-0.003449
776847.0,0.002034,0.002372,0.000393,0.241932,0.199407,0.601384,-0.009168,-0.009993,-0.009641,-9.735835,0.161446,0.0,0.0,0.0,0.0,0.999991,-7.9e-05,-0.002575,-0.003429
776953.0,-0.001631,-7.2e-05,-0.000829,0.241454,0.199466,0.604595,-0.008743,-0.009029,-0.006029,-9.739684,0.171759,0.0,0.0,0.0,0.0,0.999991,-6.2e-05,-0.00255,-0.003436
777055.0,-0.001326,-0.000683,-0.000829,0.241454,0.199522,0.600857,-0.007952,-0.008162,-0.008743,-9.734371,0.171168,0.0,0.0,0.0,0.0,0.999991,-2.2e-05,-0.002523,-0.00345
777157.0,-0.001631,-0.000377,-0.000218,0.247092,0.188612,0.597495,-0.002399,-0.016831,-0.010846,-9.735687,0.167105,0.0,0.0,0.0,0.0,0.999991,-9.1e-05,-0.002568,-0.003514
777259.0,-0.00041,-0.000377,-0.000218,0.242263,0.200208,0.600771,-0.006336,-0.005291,-0.007293,-9.739495,0.166337,0.0,0.0,0.0,0.0,0.99999,-0.000141,-0.002619,-0.003521
777361.0,-0.001631,-0.000377,8.8e-05,0.241619,0.19967,0.600029,-0.006336,-0.005291,-0.007293,-9.736197,0.165065,0.0,0.0,0.0,0.0,0.99999,-0.000162,-0.00264,-0.00354
777466.0,-0.002853,-0.001599,8.8e-05,0.241676,0.200326,0.602,-0.00532,-0.004203,-0.004939,-9.73558,0.174767,0.0,0.0,0.0,0.0,0.99999,-0.000147,-0.002588,-0.003536
777569.0,0.001423,0.000845,-0.001134,0.242143,0.200307,0.598622,-0.004376,-0.003819,-0.00759,-9.738632,0.170887,0.0,0.0,0.0,0.0,0.999991,-0.000115,-0.00254,-0.003542
777671.0,-0.000104,-0.001294,8.8e-05,0.237055,0.190141,0.60205,-0.008714,-0.012959,-0.003705,-9.735207,0.16981,0.0,0.0,0.0,0.0,0.99999,-0.00014,-0.002557,-0.003556
777773.0,-0.001326,-0.001904,-0.000523,0.236505,0.189061,0.596168,-0.0084,-0.012736,-0.008758,-9.736121,0.161549,0.0,0.0,0.0,0.0,0.99999,-0.00017,-0.0026,-0.003571
777875.0,-0.000715,-7.2e-05,0.000699,0.241646,0.188976,0.602407,-0.002839,-0.011606,-0.002222,-9.735906,0.169701,0.0,0.0,0.0,0.0,0.99999,-0.000211,-0.002638,-0.003574
777980.0,-0.000104,-0.000988,8.8e-05,0.236975,0.188927,0.599521,-0.006977,-0.010504,-0.004695,-9.736005,0.15653,0.0,0.0,0.0,0.0,0.99999,-0.000223,-0.002646,-0.0036
778082.0,0.001423,0.001761,0.000699,0.236499,0.188962,0.598936,-0.006758,-0.009479,-0.004791,-9.737607,0.165877,0.0,0.0,0.0,0.0,0.99999,-0.000224,-0.002615,-0.003597
778184.0,0.000507,-7.2e-05,0.000393,0.241634,0.188935,0.604608,-0.001402,-0.008613,0.000807,-9.72938,0.166722,0.0,0.0,0.0,0.0,0.99999,-0.000272,-0.002601,-0.003588
778291.0,-0.000104,0.000539,8.8e-05,0.242188,0.188933,0.60413,-0.00076,-0.007781,0.000299,-9.736685,0.171574,0.0,0.0,0.0,0.0,0.99999,-0.000253,-0.002627,-0.003588
778393.0,-0.000715,-0.00221,-0.000218,0.237008,0.18899,0.599,-0.005554,-0.006982,-0.004477,-9.738811,0.170599,0.0,0.0,0.0,0.0,0.99999,-0.000247,-0.002689,-0.003599
778497.0,-0.00102,-0.000377,-0.000829,0.236469,0.188973,0.60131,-0.005515,-0.006321,-0.001934,-9.740886,0.177778,0.0,0.0,0.0,0.0,0.99999,-0.000286,-0.002702,-0.003642
778599.0,0.002034,-0.000377,0.001004,0.236408,0.188967,0.604309,-0.005058,-0.005738,0.000946,-9.741198,0.167928,0.0,0.0,0.0,0.0,0.99999,-0.000258,-0.002688,-0.003646
778702.0,0.000812,0.000234,-0.000829,0.236397,0.188962,0.599889,-0.0046,-0.005213,-0.00309,-9.731498,0.165718,0.0,0.0,0.0,0.0,0.99999,-0.000248,-0.002685,-0.003672
778804.0,0.000507,-0.000377,-0.001134,0.236421,0.178475,0.600675,-0.004155,-0.01417,-0.002109,-9.730837,0.165403,0.0,0.0,0.0,0.0,0.99999,-0.000228,-0.002672,-0.003687
778906.0,-0.003158,-7.2e-05,-0.001745,0.236443,0.177485,0.600843,-0.003757,-0.013767,-0.00177,-9.735228,0.181011,0.0,0.0,0.0,0.0,0.99999,-0.000229,-0.002696,-0.003694
779011.0,-0.00102,0.000539,0.000699,0.23644,0.177366,0.599178,-0.003394,-0.012538,-0.00311,-9.732837,0.177767,0.0,0.0,0.0,0.0,0.999989,-0.000308,-0.002742,-0.003713
779114.0,0.000201,-0.001599,-0.001745,0.231111,0.177436,0.599707,-0.00787,-0.011322,-0.002356,-9.735538,0.166295,0.0,0.0,0.0,0.0,0.999989,-0.000339,-0.002794,-0.003746
779216.0,-0.00041,0.000845,-0.000218,0.235917,0.177436,0.607471,-0.002851,-0.010285,0.004721,-9.738795,0.164657,0.0,0.0,0.0,0.0,0.999989,-0.000333,-0.002793,-0.00376
779318.0,-0.000715,0.000539,8.8e-05,0.236448,0.177491,0.60306,-0.002125,-0.009307,0.000444,-9.739965,0.169525,0.0,0.0,0.0,0.0,0.999989,-0.000334,-0.002751,-0.003773
779421.0,-0.00102,0.00115,-0.000218,0.236516,0.177558,0.602175,-0.00187,-0.008396,-0.000378,-9.732976,0.171899,0.0,0.0,0.0,0.0,0.999989,-0.000339,-0.002752,-0.003797
779526.0,-0.00041,0.00115,-0.000218,0.236522,0.17756,0.604572,-0.001687,-0.007597,0.001797,-9.740335,0.173668,0.0,0.0,0.0,0.0,0.999989,-0.00033,-0.002736,-0.003807
779628.0,0.001118,-7.2e-05,8.8e-05,0.236524,0.177568,0.599047,-0.001533,-0.006903,-0.003197,-9.739665,0.169565,0.0,0.0,0.0,0.0,0.999989,-0.000368,-0.002764,-0.003838
779729.0,0.000507,-0.000988,-0.000523,0.231101,0.177627,0.603123,-0.006178,-0.006234,0.000642,-9.736607,0.176456,0.0,0.0,0.0,0.0,0.999989,-0.000352,-0.00278,-0.003861
779832.0,0.001118,0.002066,-0.000829,0.230598,0.177675,0.600455,-0.006063,-0.005626,-0.001747,-9.731167,0.179719,0.0,0.0,0.0,0.0,0.999989,-0.000329,-0.00273,-0.003883
779934.0,-0.00041,-0.000988,-0.000218,0.230547,0.177679,0.60425,-0.005565,-0.00512,0.001691,-9.735682,0.179668,0.0,0.0,0.0,0.0,0.999989,-0.000338,-0.002722,-0.003911
780039.0,-0.000104,0.000539,8.8e-05,0.236063,0.177719,0.602411,-0.000134,-0.004606,-8.1e-05,-9.737659,0.170303,0.0,0.0,0.0,0.0,0.999989,-0.000336,-0.002717,-0.003895
780141.0,-0.002242,-0.000683,0.000393,0.236617,0.177734,0.603787,0.000366,-0.004177,0.001127,-9.737504,0.162928,0.0,0.0,0.0,0.0,0.999989,-0.00035,-0.002755,-0.003888
780244.0,-0.002548,-0.000988,-0.000829,0.231179,0.177742,0.603198,-0.004387,-0.003798,0.000521,-9.739244,0.166452,0.0,0.0,0.0,0.0,0.999988,-0.000409,-0.002787,-0.003904
780345.0,-0.001326,0.00115,-0.001134,0.236165,0.177783,0.60395,0.000325,-0.003431,0.001122,-9.735805,0.189419,0.0,0.0,0.0,0.0,0.999988,-0.000373,-0.002775,-0.003902
780447.0,0.000507,0.000539,-0.000523,0.236661,0.177832,0.598792,0.000743,-0.003067,-0.003574,-9.734462,0.186555,0.0,0.0,0.0,0.0,0.999988,-0.000377,-0.002771,-0.003919
780552.0,-0.000104,-0.002821,0.001004,0.23671,0.16696,0.603039,0.000718,-0.012311,0.000437,-9.736312,0.178775,0.0,0.0,0.0,0.0,0.999989,-0.000386,-0.002767,-0.003888
780655.0,-0.000104,-0.001599,0.000699,0.236713,0.176757,0.59777,0.000657,-0.002811,-0.004086,-9.732883,0.17355,0.0,0.0,0.0,0.0,0.999988,-0.000393,-0.002836,-0.003875
780757.0,0.001423,0.00115,0.000699,0.236707,0.166841,0.598478,0.000595,-0.011069,-0.00313,-9.73829,0.170462,0.0,0.0,0.0,0.0,0.999988,-0.000398,-0.002886,-0.003896
780859.0,-0.001326,0.000539,8.8e-05,0.231138,0.176941,0.601315,-0.00425,-0.001404,-0.000444,-9.735027,0.170856,0.0,0.0,0.0,0.0,0.999988,-0.000438,-0.002869,-0.003915
780964.0,-0.000104,0.002677,-0.001134,0.2366,0.178097,0.599982,0.000844,-0.000277,-0.00122,-9.733711,0.17475,0.0,0.0,0.0,0.0,0.999988,-0.000437,-0.002794,-0.003906
781066.0,0.000507,-0.000988,0.000699,0.23153,0.178107,0.601611,-0.003969,-0.000241,0.000397,-9.734571,0.179414,0.0,0.0,0.0,0.0,0.999988,-0.0004,-0.002812,-0.00388
781168.0,0.000507,-0.000683,0.000393,0.236117,0.178107,0.597863,0.000704,-0.000218,-0.003103,-9.734661,0.180972,0.0,0.0,0.0,0.0,0.999988,-0.000437,-0.002824,-0.00386
781270.0,-0.002242,-7.2e-05,8.8e-05,0.236609,0.167935,0.604489,0.001096,-0.009676,0.003291,-9.736412,0.177863,0.0,0.0,0.0,0.0,0.999988,-0.000519,-0.002852,-0.003864
781372.0,-0.00102,-7.2e-05,0.000393,0.236651,0.166977,0.59753,0.001031,-0.009651,-0.003428,-9.732075,0.170619,0.0,0.0,0.0,0.0,0.999988,-0.000561,-0.002896,-0.003879
781477.0,-0.00102,0.000539,-0.000523,0.241784,0.166778,0.603488,0.005827,-0.008877,0.002502,-9.735411,0.174322,0.0,0.0,0.0,0.0,0.999988,-0.000563,-0.002878,-0.003895
781579.0,-0.000104,0.001761,-0.000523,0.242352,0.166791,0.601498,0.005802,-0.008025,0.000438,-9.73287,0.177578,0.0,0.0,0.0,0.0,0.999988,-0.00056,-0.002834,-0.003883
781681.0,-0.00041,-0.000988,-0.000218,0.237255,0.166761,0.59863,0.000539,-0.007293,-0.002224,-9.735653,0.185122,0.0,0.0,0.0,0.0,0.999988,-0.000532,-0.002839,-0.003855
781783.0,-0.001937,-0.002515,-0.000523,0.236704,0.166784,0.593873,-1.9e-05,-0.006586,-0.006356,-9.731028,0.18731,0.0,0.0,0.0,0.0,0.999988,-0.000547,-0.00284,-0.00385
781885.0,-0.001326,-0.000683,8.8e-05,0.236649,0.166766,0.597053,-6.9e-05,-0.005982,-0.002869,-9.738345,0.17436,0.0,0.0,0.0,0.0,0.999988,-0.000585,-0.002859,-0.003881
781985.0,-0.00102,-7.2e-05,8.8e-05,0.236643,0.166814,0.593581,-6.8e-05,-0.005379,-0.005819,-9.736846,0.160397,0.0,0.0,0.0,0.0,0.999988,-0.000642,-0.002875,-0.003949
782087.0,-0.001326,-0.000683,-0.000829,0.236643,0.166803,0.596195,-6.2e-05,-0.00488,-0.002886,-9.74509,0.158528,0.0,0.0,0.0,0.0,0.999988,-0.00061,-0.002865,-0.003957
782189.0,-0.000715,-7.2e-05,-0.001134,0.236643,0.166823,0.595089,-5.6e-05,-0.004404,-0.003623,-9.729897,0.181279,0.0,0.0,0.0,0.0,0.999988,-0.000566,-0.00285,-0.00393
782292.0,-0.000715,0.000845,8.8e-05,0.236643,0.166811,0.591529,-5.1e-05,-0.004002,-0.006501,-9.728392,0.198589,0.0,0.0,0.0,0.0,0.999988,-0.000594,-0.002848,-0.003922
782392.0,-0.00041,-0.000377,0.001004,0.231399,0.166848,0.590007,-0.004977,-0.00359,-0.007306,-9.73476,0.187002,0.0,0.0,0.0,0.0,0.999988,-0.000652,-0.002901,-0.003947
782497.0,-0.000715,-0.000988,-0.00144,0.2361,0.166842,0.593027,-0.00011,-0.003245,-0.003823,-9.736506,0.164102,0.0,0.0,0.0,0.0,0.999987,-0.000706,-0.002989,-0.004013
782599.0,-0.00102,-0.001294,-0.000829,0.236604,0.166837,0.587798,0.000358,-0.002947,-0.00817,-9.734962,0.16361,0.0,0.0,0.0,0.0,0.999987,-0.000714,-0.003007,-0.004045
782702.0,0.002645,-7.2e-05,-0.000829,0.231365,0.166852,0.590128,-0.004408,-0.002661,-0.005343,-9.738737,0.171667,0.0,0.0,0.0,0.0,0.999987,-0.000681,-0.002984,-0.00405
782804.0,-0.000104,0.000845,0.000699,0.230829,0.166849,0.588901,-0.004485,-0.00242,-0.005948,-9.737817,0.181301,0.0,0.0,0.0,0.0,0.999987,-0.000678,-0.002979,-0.004013
782906.0,0.000507,-0.001599,-0.000523,0.230795,0.166861,0.586129,-0.004107,-0.002188,-0.007865,-9.730716,0.187816,0.0,0.0,0.0,0.0,0.999987,-0.000644,-0.002952,-0.004005
783006.0,0.000201,-0.000377,8.8e-05,0.230382,0.166641,0.585338,-0.004107,-0.002188,-0.007865,-9.738889,0.188896,0.0,0.0,0.0,0.0,0.999987,-0.000681,-0.002976,-0.004046
783108.0,0.001423,-0.000377,0.000393,0.230807,0.166871,0.58275,-0.003369,-0.001792,-0.009411,-9.742633,0.171747,0.0,0.0,0.0,0.0,0.999987,-0.000722,-0.003019,-0.004084
783211.0,0.000812,-0.000683,0.000699,0.230828,0.166882,0.584153,-0.003044,-0.001619,-0.007339,-9.73998,0.163611,0.0,0.0,0.0,0.0,0.999987,-0.00074,-0.00307,-0.004084
783313.0,0.000812,-0.000683,0.001004,0.225496,0.166892,0.581045,-0.007534,-0.001462,-0.00942,-9.738554,0.169643,0.0,0.0,0.0,0.0,0.999987,-0.000697,-0.003065,-0.004076
783415.0,-0.00102,0.000845,-0.001134,0.224997,0.1669,0.579622,-0.007291,-0.001321,-0.009825,-9.733067,0.182056,0.0,0.0,0.0,0.0,0.999987,-0.000694,-0.003002,-0.004066
783515.0,0.000812,0.000845,-0.000218,0.224266,0.166768,0.578637,-0.007291,-0.001321,-0.009825,-9.736896,0.185677,0.0,0.0,0.0,0.0,0.999987,-0.000685,-0.002982,-0.004081
783617.0,-0.001326,-0.001904,-0.000523,0.224977,0.166907,0.575601,-0.006031,-0.001084,-0.011574,-9.738832,0.175124,0.0,0.0,0.0,0.0,0.999987,-0.000712,-0.003028,-0.004117
783720.0,-0.000104,-0.000988,8.8e-05,0.219639,0.166915,0.571792,-0.010222,-0.000978,-0.013869,-9.733034,0.179796,0.0,0.0,0.0,0.0,0.999986,-0.000729,-0.00308,-0.004126
783822.0,-0.000715,0.000539,-0.001134,0.224477,0.166915,0.575327,-0.004999,-0.000889,-0.009528,-9.74356,0.169381,0.0,0.0,0.0,0.0,0.999986,-0.000745,-0.003089,-0.004167
783924.0,0.001118,0.000539,-0.00144,0.219618,0.166921,0.571817,-0.008825,-0.000804,-0.011735,-9.739682,0.185736,0.0,0.0,0.0,0.0,0.999987,-0.000692,-0.003015,-0.004157
784029.0,0.000507,0.002066,0.001004,0.219118,0.166921,0.568523,-0.008448,-0.000729,-0.013547,-9.738545,0.180241,0.0,0.0,0.0,0.0,0.999987,-0.000632,-0.002967,-0.00416
784131.0,-0.002242,-7.2e-05,0.000699,0.219145,0.166928,0.565358,-0.007652,-0.000657,-0.015114,-9.734829,0.178435,0.0,0.0,0.0,0.0,0.999987,-0.000634,-0.002918,-0.004139
784233.0,-0.000715,-0.001904,-0.000523,0.219154,0.166929,0.563885,-0.006959,-0.000597,-0.015054,-9.736588,0.185531,0.0,0.0,0.0,0.0,0.999987,-0.000676,-0.002988,-0.00413
784333.0,-0.00041,-7.2e-05,0.000699,0.219225,0.166935,0.56112,-0.006284,-0.000539,-0.016148,-9.737775,0.180117,0.0,0.0,0.0,0.0,0.999987,-0.0007,-0.003041,-0.004137
784436.0,-0.000715,0.000845,8.8e-05,0.2193,0.166941,0.558997,-0.005632,-0.000483,-0.016567,-9.740584,0.171518,0.0,0.0,0.0,0.0,0.999986,-0.000733,-0.003083,-0.004163
784541.0,0.000812,-0.000377,0.000699,0.219296,0.166941,0.562018,-0.005121,-0.000439,-0.012454,-9.741191,0.167457,0.0,0.0,0.0,0.0,0.999987,-0.000722,-0.003015,-0.004174
784643.0,0.000812,0.000845,8.8e-05,0.219322,0.166943,0.560983,-0.004629,-0.000397,-0.01224,-9.737215,0.173854,0.0,0.0,0.0,0.0,0.999987,-0.000691,-0.002958,-0.004163
784746.0,-0.000104,0.00115,-0.000523,0.213837,0.166944,0.557299,-0.008962,-0.000361,-0.01432,-9.736638,0.18596,0.0,0.0,0.0,0.0,0.999987,-0.000679,-0.002927,-0.004145
784848.0,-0.001326,-0.001294,-0.001134,0.213331,0.166948,0.55578,-0.008606,-0.000326,-0.014367,-9.729407,0.1913,0.0,0.0,0.0,0.0,0.999987,-0.000726,-0.003014,-0.00417
784951.0,-0.00041,-0.00221,8.8e-05,0.207819,0.16695,0.55471,-0.012606,-0.000295,-0.014021,-9.738854,0.180319,0.0,0.0,0.0,0.0,0.999986,-0.000751,-0.003043,-0.004173
785056.0,-0.00041,-7.2e-05,8.8e-05,0.207257,0.166951,0.549203,-0.011948,-0.000268,-0.017449,-9.736758,0.17826,0.0,0.0,0.0,0.0,0.999986,-0.000773,-0.003047,-0.004174
785158.0,-0.00102,-0.001294,0.000393,0.207349,0.166954,0.550946,-0.010799,-0.000241,-0.014403,-9.738378,0.170449,0.0,0.0,0.0,0.0,0.999986,-0.000768,-0.003039,-0.004162
785261.0,-0.000715,0.001761,-0.001134,0.203288,0.166977,0.543888,-0.013576,-0.000199,-0.01913,-9.74279,0.172467,0.0,0.0,0.0,0.0,0.999987,-0.000787,-0.003047,-0.004144
785362.0,0.000201,-0.000988,-0.00144,0.201912,0.166957,0.541949,-0.013576,-0.000199,-0.01913,-9.737679,0.191299,0.0,0.0,0.0,0.0,0.999986,-0.000794,-0.003053,-0.004162
785465.0,-0.000715,-0.001294,-0.000829,0.197628,0.166977,0.541872,-0.016292,-0.000162,-0.01771,-9.734533,0.190002,0.0,0.0,0.0,0.0,0.999986,-0.000828,-0.003099,-0.004194
785569.0,0.002034,0.001761,-0.000218,0.196992,0.166977,0.534205,-0.01528,-0.000147,-0.023148,-9.737871,0.185495,0.0,0.0,0.0,0.0,0.999986,-0.000822,-0.003086,-0.004211
785671.0,-0.00041,-0.000377,0.00192,0.196965,0.166977,0.53844,-0.013846,-0.000133,-0.017044,-9.741531,0.182167,0.0,0.0,0.0,0.0,0.999986,-0.000817,-0.003085,-0.004181
785774.0,0.000812,-0.002821,0.000699,0.191757,0.166976,0.535134,-0.017376,-0.00012,-0.018483,-9.731812,0.177338,0.0,0.0,0.0,0.0,0.999986,-0.000789,-0.003079,-0.004185
785876.0,0.000507,-7.2e-05,-0.001134,0.186063,0.166977,0.534507,-0.02101,-0.000109,-0.01732,-9.737329,0.17978,0.0,0.0,0.0,0.0,0.999986,-0.000802,-0.00303,-0.004206
785978.0,-0.000715,-0.000988,-0.001134,0.185537,0.166977,0.529468,-0.019506,-9.8e-05,-0.020321,-9.740758,0.188044,0.0,0.0,0.0,0.0,0.999986,-0.000822,-0.003044,-0.004257
786082.0,0.000507,-0.000683,-0.000829,0.185415,0.166977,0.532532,-0.017722,-8.9e-05,-0.015535,-9.737713,0.187672,0.0,0.0,0.0,0.0,0.999986,-0.00083,-0.003051,-0.004279
786184.0,-0.000715,-0.001294,0.000393,0.180256,0.166977,0.526596,-0.020809,-8e-05,-0.019502,-9.733709,0.187855,0.0,0.0,0.0,0.0,0.999986,-0.00083,-0.003078,-0.004271
786286.0,0.000812,-0.000988,0.001004,0.179663,0.166977,0.526191,-0.019397,-7.3e-05,-0.018057,-9.732673,0.186073,0.0,0.0,0.0,0.0,0.999986,-0.000833,-0.003114,-0.004265
786387.0,0.000201,0.000539,-0.000218,0.179779,0.177278,0.526289,-0.017436,0.009725,-0.016269,-9.741063,0.180749,0.0,0.0,0.0,0.0,0.999986,-0.000825,-0.003114,-0.004272
786491.0,-0.001326,-0.000377,8.8e-05,0.174486,0.168058,0.524574,-0.020629,0.000308,-0.016282,-9.73749,0.1764,0.0,0.0,0.0,0.0,0.999986,-0.00084,-0.003121,-0.004298
786594.0,0.000201,0.001761,-0.000523,0.173921,0.167066,0.519235,-0.019187,-0.000642,-0.019643,-9.735389,0.177931,0.0,0.0,0.0,0.0,0.999985,-0.000859,-0.003121,-0.004324
786696.0,0.000507,0.000539,-0.000829,0.168685,0.166963,0.519904,-0.022164,-0.000677,-0.017237,-9.735972,0.18638,0.0,0.0,0.0,0.0,0.999985,-0.000859,-0.003136,-0.004334
786798.0,-0.001326,0.000845,0.000393,0.168105,0.177347,0.519172,-0.020632,0.0088,-0.016311,-9.734608,0.195534,0.0,0.0,0.0,0.0,0.999986,-0.000864,-0.003116,-0.004304
786900.0,0.000507,0.000539,-0.000829,0.162852,0.167965,0.516577,-0.023473,-0.000453,-0.017145,-9.731536,0.186437,0.0,0.0,0.0,0.0,0.999986,-0.000862,-0.003111,-0.004321
787004.0,-0.00102,0.000234,-0.000218,0.162375,0.167018,0.514411,-0.02169,-0.001266,-0.017482,-9.734711,0.178821,0.0,0.0,0.0,0.0,0.999985,-0.000876,-0.003082,-0.004344
787107.0,-0.00041,0.000845,-0.000829,0.162339,0.166923,0.513159,-0.019688,-0.001234,-0.016997,-9.73676,0.183805,0.0,0.0,0.0,0.0,0.999986,-0.000871,-0.003073,-0.004343
787209.0,-0.00041,-7.2e-05,-0.000523,0.15701,0.166913,0.512911,-0.02268,-0.00113,-0.015671,-9.730883,0.184933,0.0,0.0,0.0,0.0,0.999986,-0.000834,-0.003071,-0.004317
787311.0,-0.000715,0.00115,-0.000218,0.151218,0.177488,0.509543,-0.025787,0.008429,-0.017234,-9.735299,0.178986,0.0,0.0,0.0,0.0,0.999986,-0.000824,-0.003029,-0.0043
787413.0,0.001118,0.000234,-0.000523,0.156264,0.178461,0.512497,-0.018883,0.008527,-0.013044,-9.731949,0.185145,0.0,0.0,0.0,0.0,0.999986,-0.000826,-0.003,-0.004326
787518.0,0.001118,0.000234,-0.000218,0.156562,0.178636,0.511241,-0.01684,0.007882,-0.012948,-9.735212,0.18464,0.0,0.0,0.0,0.0,0.999986,-0.000846,-0.00298,-0.004331
787620.0,-0.001631,-0.000683,0.000393,0.151381,0.178577,0.513689,-0.01998,0.007102,-0.009578,-9.733968,0.189096,0.0,0.0,0.0,0.0,0.999986,-0.000807,-0.002943,-0.004326
787722.0,-0.001937,-7.2e-05,8.8e-05,0.150837,0.178579,0.511602,-0.018657,0.006463,-0.010548,-9.73844,0.187478,0.0,0.0,0.0,0.0,0.999986,-0.00079,-0.002962,-0.004306
787823.0,0.000812,-0.001294,8.8e-05,0.150922,0.17853,0.509523,-0.016899,0.005836,-0.011432,-9.737288,0.188666,0.0,0.0,0.0,0.0,0.999986,-0.000839,-0.00303,-0.004307
787926.0,-0.002548,0.000539,-0.000829,0.145531,0.178523,0.51084,-0.020154,0.0053,-0.009251,-9.734651,0.178629,0.0,0.0,0.0,0.0,0.999986,-0.000847,-0.003038,-0.004354
788031.0,0.003561,0.00451,-0.001134,0.145026,0.178502,0.511159,-0.018736,0.004793,-0.008129,-9.731256,0.183984,0.0,0.0,0.0,0.0,0.999986,-0.000839,-0.002996,-0.004385
788133.0,0.001423,0.000234,0.000699,0.145056,0.17848,0.510395,-0.016985,0.004331,-0.008071,-9.734939,0.19155,0.0,0.0,0.0,0.0,0.999986,-0.000811,-0.002949,-0.004351
788235.0,-0.000104,0.000234,0.000699,0.139746,0.178438,0.511186,-0.020146,0.003906,-0.006663,-9.736627,0.192827,0.0,0.0,0.0,0.0,0.999986,-0.000763,-0.002949,-0.004301
788336.0,0.000507,-7.2e-05,8.8e-05,0.144823,0.18919,0.510522,-0.01395,0.012935,-0.006656,-9.734591,0.187212,0.0,0.0,0.0,0.0,0.999986,-0.000764,-0.003023,-0.004302
788438.0,-0.00041,-0.000377,-0.001745,0.140047,0.190113,0.510467,-0.017009,0.012569,-0.006093,-9.727843,0.185053,0.0,0.0,0.0,0.0,0.999986,-0.000815,-0.003033,-0.004356
788544.0,-0.00041,0.000539,0.000393,0.139422,0.190315,0.510406,-0.015977,0.011579,-0.005585,-9.733533,0.175255,0.0,0.0,0.0,0.0,0.999985,-0.000853,-0.00302,-0.004393
788647.0,0.000201,-0.000377,-0.000523,0.144959,0.190265,0.507808,-0.009635,0.010485,-0.007354,-9.733463,0.170889,0.0,0.0,0.0,0.0,0.999986,-0.000816,-0.002988,-0.004404
788748.0,0.002034,0.000845,-0.000218,0.14564,0.19016,0.509102,-0.008198,0.009472,-0.005605,-9.73353,0.20457,0.0,0.0,0.0,0.0,0.999986,-0.000833,-0.003015,-0.004344
788851.0,0.000507,-0.001599,-0.000523,0.140248,0.190073,0.509405,-0.012135,0.008554,-0.004853,-9.738787,0.197176,0.0,0.0,0.0,0.0,0.999986,-0.000822,-0.003002,-0.004346
788954.0,0.001118,-0.001294,0.000699,0.139719,0.190055,0.512109,-0.011521,0.007788,-0.002141,-9.737267,0.189251,0.0,0.0,0.0,0.0,0.999986,-0.000834,-0.003009,-0.004375
789059.0,-0.000715,-0.001599,0.000699,0.139748,0.189995,0.508244,-0.010461,0.007036,-0.00523,-9.733744,0.179516,0.0,0.0,0.0,0.0,0.999986,-0.000812,-0.003008,-0.004392
789161.0,-0.002548,0.000539,-0.000218,0.140764,0.189308,0.50953,-0.0086,0.005781,-0.003567,-9.733495,0.170777,0.0,0.0,0.0,0.0,0.999985,-0.000821,-0.00303,-0.0044
789262.0,-0.000715,-0.001294,-0.001134,0.140771,0.199415,0.509849,-0.007779,0.014648,-0.00294,-9.736644,0.194411,0.0,0.0,0.0,0.0,0.999986,-0.000809,-0.003057,-0.004351
789364.0,-0.000715,-0.001294,-0.00205,0.139978,0.200908,0.509549,-0.007779,0.014648,-0.00294,-9.730766,0.206203,0.0,0.0,0.0,0.0,0.999986,-0.000784,-0.003046,-0.004356
789467.0,0.000201,-0.00221,0.000699,0.140747,0.200593,0.51037,-0.006379,0.013005,-0.001854,-9.729509,0.209737,0.0,0.0,0.0,0.0,0.999985,-0.000794,-0.003083,-0.004368
789572.0,-0.000715,-0.000683,-0.000218,0.140757,0.200583,0.505905,-0.005739,0.01171,-0.005846,-9.727156,0.197708,0.0,0.0,0.0,0.0,0.999985,-0.000816,-0.003096,-0.004437
789674.0,0.000201,-0.001599,0.000699,0.140736,0.200628,0.509094,-0.005213,0.010637,-0.002359,-9.738852,0.176327,0.0,0.0,0.0,0.0,0.999985,-0.000833,-0.003108,-0.004453
789776.0,0.000507,-7.2e-05,-0.001134,0.135568,0.200606,0.507295,-0.009489,0.009618,-0.003781,-9.738003,0.181728,0.0,0.0,0.0,0.0,0.999985,-0.000817,-0.003115,-0.00443
789878.0,0.000201,-7.2e-05,-0.000829,0.140247,0.20058,0.510259,-0.004236,0.00868,-0.000705,-9.73108,0.194089,0.0,0.0,0.0,0.0,0.999985,-0.000823,-0.00317,-0.004429
789980.0,-0.000104,-0.001599,-0.000829,0.140704,0.200609,0.508374,-0.00341,0.007884,-0.002365,-9.725991,0.200331,0.0,0.0,0.0,0.0,0.999985,-0.000843,-0.003176,-0.004444
790084.0,0.001423,0.003899,8.8e-05,0.140744,0.200633,0.506316,-0.003041,0.00714,-0.004035,-9.730122,0.19902,0.0,0.0,0.0,0.0,0.999984,-0.000873,-0.003207,-0.004493
790186.0,0.003561,0.000845,0.002226,0.140761,0.210951,0.509251,-0.00274,0.015951,-0.000991,-9.738362,0.182913,0.0,0.0,0.0,0.0,0.999985,-0.000836,-0.003168,-0.004493
790289.0,0.001728,0.000234,0.000393,0.140772,0.201597,0.51319,-0.002473,0.005861,0.002678,-9.735697,0.17844,0.0,0.0,0.0,0.0,0.999985,-0.000778,-0.003162,-0.004462
790390.0,-0.00102,-0.000377,-0.001134,0.140793,0.210911,0.514786,-0.002215,0.014158,0.003919,-9.73602,0.176357,0.0,0.0,0.0,0.0,0.999985,-0.000767,-0.003146,-0.004473
790492.0,-0.002548,-7.2e-05,-0.000523,0.140775,0.211971,0.511836,-0.002023,0.0138,0.00087,-9.741568,0.18874,0.0,0.0,0.0,0.0,0.999984,-0.000842,-0.003205,-0.00451
790596.0,0.000812,0.002677,8.8e-05,0.140784,0.212019,0.509485,-0.001821,0.012525,-0.001351,-9.729863,0.180081,0.0,0.0,0.0,0.0,0.999984,-0.000872,-0.003203,-0.00459
790698.0,0.000812,0.003288,-0.000218,0.135518,0.212052,0.508178,-0.006428,0.011389,-0.0024,-9.733565,0.187601,0.0,0.0,0.0,0.0,0.999984,-0.000861,-0.003197,-0.004561
790800.0,-0.000104,0.001455,-0.000829,0.134985,0.211999,0.503688,-0.00632,0.0103,-0.006179,-9.735906,0.215517,0.0,0.0,0.0,0.0,0.999984,-0.000836,-0.003159,-0.004526
790902.0,-0.00102,-0.001294,0.000393,0.129628,0.212012,0.509523,-0.010569,0.009362,-0.000418,-9.727002,0.229621,0.0,0.0,0.0,0.0,0.999984,-0.000863,-0.003139,-0.004532
791007.0,-0.000715,-0.001294,0.001309,0.129087,0.211982,0.497121,-0.010059,0.008452,-0.011418,-9.733523,0.202645,0.0,0.0,0.0,0.0,0.999984,-0.000957,-0.00318,-0.004593
791109.0,-0.001631,-0.001904,0.001309,0.129049,0.222487,0.492136,-0.009154,0.017281,-0.014866,-9.73963,0.164291,0.0,0.0,0.0,0.0,0.999983,-0.001034,-0.003237,-0.004646
791211.0,-0.001326,0.000234,0.000393,0.123745,0.212945,0.487763,-0.013056,0.007176,-0.017391,-9.731135,0.159649,0.0,0.0,0.0,0.0,0.999983,-0.001053,-0.003236,-0.004646
791314.0,0.001423,-7.2e-05,0.000393,0.11793,0.222517,0.478436,-0.017077,0.015113,-0.024087,-9.734158,0.186455,0.0,0.0,0.0,0.0,0.999984,-0.001013,-0.003225,-0.0046
791416.0,-0.000715,0.000539,-0.001745,0.117431,0.212834,0.483554,-0.01596,0.005062,-0.017378,-9.732534,0.202336,0.0,0.0,0.0,0.0,0.999984,-0.000972,-0.003188,-0.004587
791521.0,0.000201,-0.001599,-0.001134,0.111966,0.211873,0.467461,-0.019339,0.003733,-0.029944,-9.733656,0.212131,0.0,0.0,0.0,0.0,0.999984,-0.00099,-0.003205,-0.00464
791623.0,0.000201,0.000234,-0.000218,0.111446,0.211757,0.468498,-0.018028,0.003284,-0.026296,-9.730515,0.211393,0.0,0.0,0.0,0.0,0.999983,-0.001047,-0.003244,-0.004666
791725.0,-0.000715,-0.001599,0.001309,0.106117,0.21172,0.465475,-0.021136,0.002951,-0.02659,-9.729554,0.199208,0.0,0.0,0.0,0.0,0.999983,-0.001051,-0.003292,-0.00466
791828.0,-0.00041,0.000845,0.001309,0.105584,0.211716,0.46145,-0.019695,0.00268,-0.027731,-9.730356,0.180766,0.0,0.0,0.0,0.0,0.999983,-0.001063,-0.003308,-0.004652
791929.0,0.001728,0.001761,-0.000829,0.100234,0.211696,0.455615,-0.02263,0.002424,-0.030348,-9.734228,0.174586,0.0,0.0,0.0,0.0,0.999983,-0.001043,-0.003282,-0.004666
792034.0,-0.000104,0.00115,-0.002356,0.099665,0.200935,0.457891,-0.021047,-0.007274,-0.02561,-9.739593,0.187368,0.0,0.0,0.0,0.0,0.999983,-0.001054,-0.003249,-0.004685
792136.0,-0.000715,-0.001294,-0.00144,0.099825,0.199857,0.454281,-0.018973,-0.00757,-0.026475,-9.73342,0.21111,0.0,0.0,0.0,0.0,0.999983,-0.001078,-0.003278,-0.004677
792239.0,-0.003464,-0.001599,-0.000829,0.094385,0.199753,0.455334,-0.022025,-0.006983,-0.02322,-9.733432,0.218707,0.0,0.0,0.0,0.0,0.999983,-0.001101,-0.003318,-0.004646
792339.0,-0.000104,-0.000377,0.002226,0.094028,0.199814,0.450543,-0.020399,-0.006316,-0.025343,-9.731517,0.203595,0.0,0.0,0.0,0.0,0.999983,-0.001137,-0.003384,-0.004653
792442.0,-0.000715,-7.2e-05,-0.000218,0.094245,0.199898,0.449893,-0.018308,-0.005653,-0.023607,-9.734398,0.17205,0.0,0.0,0.0,0.0,0.999982,-0.001202,-0.003425,-0.004684
792548.0,-0.001326,0.000539,-0.000829,0.094217,0.199891,0.449709,-0.016653,-0.005141,-0.021618,-9.738028,0.17965,0.0,0.0,0.0,0.0,0.999982,-0.001164,-0.003389,-0.004726
792650.0,-0.001326,-0.000377,-0.000218,0.094308,0.199919,0.448055,-0.015057,-0.004648,-0.021121,-9.733644,0.190041,0.0,0.0,0.0,0.0,0.999983,-0.001115,-0.003344,-0.004725
792753.0,-0.000715,-0.000988,0.001309,0.088829,0.199935,0.446903,-0.018447,-0.004224,-0.020256,-9.729777,0.210193,0.0,0.0,0.0,0.0,0.999983,-0.001103,-0.003329,-0.00467
792855.0,0.001423,0.001455,-0.000523,0.082862,0.199977,0.448644,-0.021948,-0.003817,-0.017022,-9.733341,0.203929,0.0,0.0,0.0,0.0,0.999983,-0.001083,-0.003353,-0.004672
792957.0,0.000201,-0.000988,8.8e-05,0.088016,0.189028,0.447363,-0.015602,-0.012873,-0.016633,-9.738391,0.204706,0.0,0.0,0.0,0.0,0.999983,-0.001048,-0.003338,-0.004704
793062.0,0.000507,-0.000988,8.8e-05,0.090004,0.189124,0.450281,-0.012386,-0.011546,-0.012446,-9.737677,0.207536,0.0,0.0,0.0,0.0,0.999983,-0.001079,-0.003337,-0.004731
793165.0,-0.00041,-0.00221,0.002531,0.084902,0.189124,0.451457,-0.015974,-0.010439,-0.01018,-9.734361,0.192219,0.0,0.0,0.0,0.0,0.999982,-0.001108,-0.003368,-0.004746
793267.0,0.000507,0.000845,8.8e-05,0.084305,0.189071,0.450836,-0.015003,-0.009489,-0.00979,-9.742954,0.17893,0.0,0.0,0.0,0.0,0.999982,-0.001111,-0.003406,-0.004765
793369.0,-0.000715,0.002372,0.000393,0.084366,0.189145,0.454931,-0.013528,-0.008524,-0.005103,-9.738214,0.176637,0.0,0.0,0.0,0.0,0.999982,-0.001149,-0.003427,-0.00476
793471.0,0.000812,-0.000377,-0.00144,0.084299,0.178993,0.45568,-0.012288,-0.017231,-0.003925,-9.730514,0.195283,0.0,0.0,0.0,0.0,0.999982,-0.001134,-0.003389,-0.004758
793577.0,-0.00102,0.000539,-0.001134,0.084245,0.177833,0.462391,-0.011106,-0.016605,0.002759,-9.736435,0.210213,0.0,0.0,0.0,0.0,0.999982,-0.001112,-0.003362,-0.004779
793679.0,-0.001631,-0.000377,8.8e-05,0.089391,0.177669,0.463809,-0.005272,-0.015179,0.003802,-9.727218,0.211079,0.0,0.0,0.0,0.0,0.999982,-0.001112,-0.003382,-0.004793
793781.0,0.000507,-0.001904,-0.000218,0.084757,0.177704,0.469083,-0.009033,-0.013731,0.008242,-9.737979,0.185845,0.0,0.0,0.0,0.0,0.999982,-0.001168,-0.003467,-0.00482
793883.0,-0.000715,-0.000377,8.8e-05,0.089465,0.177662,0.471812,-0.003853,-0.012477,0.009953,-9.734576,0.189335,0.0,0.0,0.0,0.0,0.999981,-0.00122,-0.003573,-0.004845
793986.0,0.000201,-7.2e-05,-0.00144,0.084749,0.167357,0.471503,-0.007814,-0.020752,0.00875,-9.73306,0.181917,0.0,0.0,0.0,0.0,0.999981,-0.001199,-0.003556,-0.004873
794090.0,0.000507,0.001761,-0.000218,0.08954,0.166391,0.474757,-0.002578,-0.019632,0.010906,-9.730027,0.199972,0.0,0.0,0.0,0.0,0.999981,-0.001181,-0.003527,-0.004854
794192.0,0.001118,0.002066,0.001004,0.084781,0.166239,0.477922,-0.006685,-0.017934,0.012758,-9.734849,0.212294,0.0,0.0,0.0,0.0,0.999982,-0.001109,-0.003483,-0.004841
794294.0,0.000507,-0.001294,0.000393,0.084299,0.155901,0.481044,-0.006507,-0.025653,0.014395,-9.735123,0.22137,0.0,0.0,0.0,0.0,0.999982,-0.001078,-0.003476,-0.004825
794395.0,-0.001326,-0.001294,8.8e-05,0.089516,0.154946,0.482447,-0.000934,-0.024101,0.014347,-9.729031,0.207565,0.0,0.0,0.0,0.0,0.999982,-0.001116,-0.003516,-0.004843
794497.0,-0.000104,0.001761,0.000393,0.090071,0.15481,0.486096,-0.000341,-0.02198,0.016316,-9.736247,0.188097,0.0,0.0,0.0,0.0,0.999981,-0.001195,-0.003572,-0.004874
794601.0,0.001423,0.000539,0.001004,0.084836,0.144432,0.489318,-0.005086,-0.029361,0.01769,-9.734608,0.190661,0.0,0.0,0.0,0.0,0.999981,-0.00121,-0.003603,-0.004869
794704.0,0.001728,0.000539,8.8e-05,0.084301,0.143344,0.489126,-0.005099,-0.027634,0.015905,-9.73022,0.181705,0.0,0.0,0.0,0.0,0.999981,-0.001108,-0.003556,-0.004872
794805.0,0.001118,0.000234,-0.000829,0.089591,0.143374,0.494937,9.8e-05,-0.02509,0.019615,-9.73352,0.206895,0.0,0.0,0.0,0.0,0.999982,-0.001066,-0.003507,-0.004859
794908.0,0.002034,0.000234,0.001004,0.090124,0.14335,0.497796,0.000569,-0.0228,0.020371,-9.73157,0.212452,0.0,0.0,0.0,0.0,0.999982,-0.001023,-0.003496,-0.004831
795010.0,0.000812,-0.000683,8.8e-05,0.084827,0.143482,0.500825,-0.004229,-0.020593,0.021209,-9.730086,0.211197,0.0,0.0,0.0,0.0,0.999982,-0.000993,-0.003521,-0.004848
795114.0,-0.000104,-0.002515,0.000393,0.089671,0.13302,0.503027,0.000562,-0.028135,0.021204,-9.736271,0.206281,0.0,0.0,0.0,0.0,0.999981,-0.001026,-0.0036,-0.004844
795216.0,-0.002242,-0.001294,0.000699,0.084809,0.131959,0.508562,-0.003845,-0.026509,0.024188,-9.732549,0.190241,0.0,0.0,0.0,0.0,0.999981,-0.001033,-0.003576,-0.004875
795318.0,-0.001326,0.002066,-0.000218,0.089689,0.132015,0.512129,0.000833,-0.024069,0.025161,-9.733911,0.171984,0.0,0.0,0.0,0.0,0.999981,-0.001075,-0.003565,-0.00491
795420.0,-0.001631,0.000845,-0.00205,0.084796,0.132128,0.510998,-0.003566,-0.021793,0.021922,-9.735945,0.196553,0.0,0.0,0.0,0.0,0.999981,-0.001074,-0.003607,-0.004914
795525.0,-0.001631,-0.000683,-0.002356,0.084298,0.121459,0.514222,-0.003678,-0.029314,0.022748,-9.737094,0.213212,0.0,0.0,0.0,0.0,0.999981,-0.001068,-0.003617,-0.004921
795627.0,0.000201,0.000234,-0.001134,0.084259,0.120436,0.51823,-0.003373,-0.027531,0.024255,-9.728912,0.232699,0.0,0.0,0.0,0.0,0.999981,-0.001047,-0.003614,-0.004929
795729.0,-0.000104,-7.2e-05,-0.000218,0.084277,0.120502,0.520637,-0.003056,-0.025009,0.024191,-9.725597,0.244878,0.0,0.0,0.0,0.0,0.999981,-0.001053,-0.003578,-0.004902
795831.0,-0.000715,-7.2e-05,0.001615,0.078863,0.120697,0.522668,-0.007578,-0.022571,0.023805,-9.731786,0.22086,0.0,0.0,0.0,0.0,0.999981,-0.001034,-0.003562,-0.004886
795934.0,0.002034,-0.001904,0.001004,0.083762,0.120738,0.524769,-0.002556,-0.020489,0.02351,-9.734282,0.182436,0.0,0.0,0.0,0.0,0.999981,-0.001025,-0.003556,-0.004919
796039.0,-0.000715,0.000234,8.8e-05,0.078821,0.120839,0.52946,-0.006623,-0.018531,0.025428,-9.738814,0.158203,0.0,0.0,0.0,0.0,0.999981,-0.00103,-0.003534,-0.004945
796141.0,0.003561,0.000539,-0.000829,0.078351,0.120926,0.534636,-0.006439,-0.016762,0.027693,-9.736632,0.157067,0.0,0.0,0.0,0.0,0.999981,-0.001066,-0.003587,-0.004976
796244.0,-0.000715,-0.002515,-0.001745,0.07836,0.110224,0.531057,-0.005848,-0.024672,0.022095,-9.735187,0.192517,0.0,0.0,0.0,0.0,0.99998,-0.001113,-0.003646,-0.004968
796344.0,-0.000104,-0.001904,-0.000523,0.078378,0.109223,0.535513,-0.005325,-0.023397,0.024021,-9.733689,0.226526,0.0,0.0,0.0,0.0,0.999981,-0.001093,-0.003639,-0.004943
796447.0,0.001728,0.002983,0.000393,0.078476,0.109541,0.538674,-0.004747,-0.02096,0.024632,-9.72949,0.228115,0.0,0.0,0.0,0.0,0.999981,-0.001126,-0.003597,-0.004946
796552.0,0.000507,0.000539,0.001309,0.072966,0.109397,0.535994,-0.009112,-0.019156,0.020077,-9.738513,0.220047,0.0,0.0,0.0,0.0,0.999981,-0.001116,-0.003644,-0.004941
796655.0,-0.002548,-0.003126,0.00192,0.077936,0.109502,0.544943,-0.003922,-0.017332,0.026047,-9.732542,0.189546,0.0,0.0,0.0,0.0,0.999981,-0.001091,-0.003572,-0.004982
796757.0,0.000201,-0.00221,8.8e-05,0.072946,0.109692,0.547428,-0.007869,-0.01565,0.025904,-9.732102,0.171573,0.0,0.0,0.0,0.0,0.99998,-0.001157,-0.003634,-0.005037
796859.0,-0.00102,-0.001599,-0.000523,0.072512,0.098861,0.546814,-0.007553,-0.023541,0.023146,-9.733782,0.157049,0.0,0.0,0.0,0.0,0.999979,-0.001251,-0.003759,-0.005094
796961.0,0.000507,0.003593,-0.003883,0.073178,0.099973,0.547581,-0.006281,-0.020403,0.021643,-9.734344,0.196136,0.0,0.0,0.0,0.0,0.999979,-0.001357,-0.003861,-0.005092
797066.0,-0.000715,0.000234,-0.001134,0.073181,0.099973,0.551612,-0.005648,-0.018358,0.023295,-9.729626,0.240661,0.0,0.0,0.0,0.0,0.999979,-0.001374,-0.003875,-0.005044
797169.0,0.000201,0.000845,0.000393,0.073155,0.099888,0.552493,-0.005131,-0.016676,0.021901,-9.728338,0.241148,0.0,0.0,0.0,0.0,0.99998,-0.001261,-0.003738,-0.005024
797271.0,-0.000715,-0.000988,0.003142,0.068016,0.09992,0.554241,-0.009436,-0.015055,0.021448,-9.727904,0.220831,0.0,0.0,0.0,0.0,0.99998,-0.001203,-0.003666,-0.005007
797373.0,0.001728,0.000845,0.001004,0.067565,0.100032,0.553593,-0.008964,-0.01353,0.01885,-9.731882,0.173003,0.0,0.0,0.0,0.0,0.99998,-0.001238,-0.003664,-0.005053
797475.0,-0.003158,-0.00221,-0.00144,0.067421,0.09989,0.559345,-0.00824,-0.012366,0.02237,-9.738016,0.168024,0.0,0.0,0.0,0.0,0.999979,-0.001345,-0.003833,-0.00511
797580.0,-0.001631,-0.003126,-0.000829,0.067386,0.099847,0.559816,-0.00746,-0.011188,0.020633,-9.738604,0.186626,0.0,0.0,0.0,0.0,0.999979,-0.001403,-0.003883,-0.005096
797682.0,-0.000104,-0.000988,-0.000218,0.062206,0.099887,0.560634,-0.011549,-0.010091,0.01945,-9.730919,0.221277,0.0,0.0,0.0,0.0,0.999979,-0.001302,-0.003778,-0.005027
797784.0,0.00295,0.004204,0.001309,0.061646,0.099859,0.560842,-0.010978,-0.009169,0.017831,-9.73123,0.216323,0.0,0.0,0.0,0.0,0.99998,-0.001184,-0.003665,-0.004969
797887.0,0.002034,0.002372,-0.000218,0.061627,0.099891,0.564145,-0.009968,-0.008282,0.019172,-9.733188,0.189062,0.0,0.0,0.0,0.0,0.99998,-0.001155,-0.003627,-0.004993
797989.0,-0.002548,-0.006791,-0.000218,0.061659,0.089579,0.563891,-0.009002,-0.01698,0.017161,-9.731638,0.209533,0.0,0.0,0.0,0.0,0.99998,-0.001201,-0.003646,-0.004995
798094.0,-0.002242,-0.003432,0.001004,0.056396,0.098838,0.563881,-0.013021,-0.006716,0.015506,-9.73366,0.172889,0.0,0.0,0.0,0.0,0.99998,-0.001211,-0.003637,-0.00501
798196.0,0.003256,0.008175,-0.001134,0.055894,0.089465,0.567991,-0.012266,-0.014642,0.017787,-9.735323,0.148434,0.0,0.0,0.0,0.0,0.99998,-0.001281,-0.003722,-0.005033
798298.0,0.001118,0.005426,-0.003883,0.055816,0.088488,0.568834,-0.011192,-0.014166,0.016906,-9.742642,0.226368,0.0,0.0,0.0,0.0,0.999979,-0.001327,-0.003825,-0.005004
798399.0,-0.002242,-0.006791,-0.002967,0.050645,0.098942,0.57052,-0.014982,-0.003026,0.016888,-9.72768,0.277037,0.0,0.0,0.0,0.0,0.99998,-0.001281,-0.003725,-0.00497
798501.0,0.000201,-0.002515,0.004975,0.050096,0.089587,0.57339,-0.014099,-0.011221,0.017923,-9.719919,0.237298,0.0,0.0,0.0,0.0,0.999981,-0.001155,-0.003548,-0.004975
798604.0,0.00631,0.00848,0.004669,0.044731,0.09903,0.575677,-0.017661,-0.001544,0.01831,-9.73244,0.158104,0.0,0.0,0.0,0.0,0.99998,-0.001196,-0.00362,-0.00501
798707.0,-0.000715,0.002983,-0.000829,0.049571,0.100053,0.57519,-0.011674,-0.000482,0.016203,-9.743065,0.144345,0.0,0.0,0.0,0.0,0.999979,-0.001363,-0.003881,-0.005035
798808.0,-0.006518,-0.00954,-0.003578,0.044733,0.100155,0.575941,-0.014937,-0.000347,0.01542,-9.738934,0.210015,0.0,0.0,0.0,0.0,0.999979,-0.001377,-0.003836,-0.005039
798911.0,-0.001326,-0.000988,-0.001745,0.038942,0.089596,0.576861,-0.018746,-0.009763,0.014832,-9.718911,0.248619,0.0,0.0,0.0,0.0,0.99998,-0.001286,-0.003674,-0.005042
799013.0,0.003866,0.008786,0.002226,0.038457,0.088584,0.577814,-0.017464,-0.009776,0.014334,-9.727565,0.227979,0.0,0.0,0.0,0.0,0.99998,-0.001297,-0.003672,-0.005058
799117.0,0.002034,0.004815,0.002531,0.038403,0.099059,0.579707,-0.015851,0.000709,0.014692,-9.746515,0.183517,0.0,0.0,0.0,0.0,0.999979,-0.001287,-0.003729,-0.00509
799219.0,-0.00438,-0.008624,-0.00205,0.033125,0.100176,0.579992,-0.019114,0.001641,0.013617,-9.739016,0.16962,0.0,0.0,0.0,0.0,0.999979,-0.001258,-0.003717,-0.005101
799322.0,-0.001937,-0.003737,-0.003578,0.032568,0.100291,0.579203,-0.01788,0.001594,0.011713,-9.735609,0.203778,0.0,0.0,0.0,0.0,0.999979,-0.001283,-0.003697,-0.005123
799424.0,0.000812,0.001455,-0.000829,0.027345,0.100281,0.581472,-0.02091,0.001441,0.01266,-9.731701,0.222993,0.0,0.0,0.0,0.0,0.999979,-0.001351,-0.003784,-0.005146
799525.0,0.00295,0.002066,0.000393,0.026839,0.100281,0.581904,-0.019475,0.001311,0.011912,-9.734251,0.2107,0.0,0.0,0.0,0.0,0.999979,-0.00127,-0.003769,-0.00512
799629.0,-0.001326,-0.003432,-0.000829,0.021363,0.100282,0.586295,-0.022544,0.00119,0.014682,-9.732242,0.228942,0.0,0.0,0.0,0.0,0.99998,-0.001201,-0.003668,-0.005097
799731.0,-0.001937,-0.004959,0.000393,0.020982,0.100271,0.583598,-0.020823,0.001072,0.010973,-9.731405,0.216602,0.0,0.0,0.0,0.0,0.99998,-0.001131,-0.003578,-0.00509
799834.0,0.001728,0.001455,0.002531,0.020958,0.100269,0.586512,-0.018961,0.000973,0.012537,-9.738573,0.174724,0.0,0.0,0.0,0.0,0.99998,-0.001113,-0.003633,-0.005109
799935.0,0.002645,0.004815,0.000699,0.015636,0.100261,0.586147,-0.021924,0.00088,0.011121,-9.740881,0.178779,0.0,0.0,0.0,0.0,0.999979,-0.001163,-0.003785,-0.005074
800040.0,0.000201,-0.002515,-0.001134,0.009735,0.100256,0.586014,-0.025092,0.000794,0.009994,-9.729987,0.222445,0.0,0.0,0.0,0.0,0.99998,-0.001167,-0.003807,-0.005015
800143.0,-0.003464,-0.005264,0.000393,0.009239,0.100252,0.590303,-0.023234,0.000718,0.012873,-9.728707,0.228186,0.0,0.0,0.0,0.0,0.99998,-0.001082,-0.003702,-0.005001
800245.0,0.002034,0.003288,-0.000218,0.009357,0.100247,0.586705,-0.021059,0.000649,0.008637,-9.728941,0.178145,0.0,0.0,0.0,0.0,0.99998,-0.001065,-0.003639,-0.005103
800346.0,0.004477,0.006342,-0.001745,0.003952,0.100244,0.588579,-0.023929,0.00059,0.009505,-9.741052,0.189571,0.0,0.0,0.0,0.0,0.999979,-0.001148,-0.003792,-0.005138
800448.0,-0.005602,-0.007402,0.000393,0.003695,0.100236,0.587083,-0.021943,0.000528,0.007305,-9.733171,0.231165,0.0,0.0,0.0,0.0,0.999979,-0.001201,-0.003859,-0.005104
800553.0,-0.003769,-0.00618,0.004364,-0.001866,0.100235,0.590301,-0.024759,0.00048,0.009407,-9.722079,0.214361,0.0,0.0,0.0,0.0,0.99998,-0.001122,-0.003722,-0.005082
800656.0,0.007532,0.007869,0.003753,-0.007873,0.111175,0.587397,-0.027792,0.009978,0.006077,-9.725692,0.147108,0.0,0.0,0.0,0.0,0.99998,-0.001075,-0.003645,-0.0051
800758.0,0.003866,0.008175,-0.003883,-0.010975,0.101362,0.585838,-0.028155,6e-05,0.004021,-9.741913,0.139978,0.0,0.0,0.0,0.0,0.999979,-0.001144,-0.003729,-0.00518
800860.0,-0.003769,-0.004653,-0.006021,-0.011505,0.110408,0.586045,-0.025966,0.008498,0.003834,-9.743723,0.213674,0.0,0.0,0.0,0.0,0.999979,-0.00122,-0.003765,-0.005181
800962.0,-0.005602,-0.009846,-0.00205,-0.016651,0.111315,0.58526,-0.028304,0.008538,0.002751,-9.721174,0.307149,0.0,0.0,0.0,0.0,0.999979,-0.001208,-0.003766,-0.005151
801068.0,0.000201,0.000845,0.00528,-0.022447,0.111453,0.576955,-0.03099,0.007806,-0.005348,-9.723277,0.271107,0.0,0.0,0.0,0.0,0.999979,-0.001243,-0.003814,-0.005156
801169.0,0.003561,0.001761,0.004364,-0.022978,0.111444,0.577692,-0.028557,0.007061,-0.00417,-9.73118,0.1625,0.0,0.0,0.0,0.0,0.999978,-0.001326,-0.003891,-0.005237
801271.0,0.001728,-0.001904,-0.000218,-0.028298,0.111472,0.577006,-0.03079,0.006416,-0.004408,-9.7387,0.11214,0.0,0.0,0.0,0.0,0.999978,-0.001341,-0.003893,-0.005296
801374.0,-0.001631,-0.000988,-0.004799,-0.02862,0.111423,0.571913,-0.028168,0.005762,-0.008662,-9.737002,0.154402,0.0,0.0,0.0,0.0,0.999978,-0.001291,-0.003817,-0.005299
801475.0,0.000507,0.000539,-0.00541,-0.03392,0.111443,0.56928,-0.030434,0.005237,-0.010271,-9.726832,0.260893,0.0,0.0,0.0,0.0,0.999978,-0.001293,-0.003826,-0.005248
801581.0,0.000507,-0.000988,-0.001134,-0.039776,0.111463,0.568702,-0.032944,0.004734,-0.009802,-9.733138,0.274909,0.0,0.0,0.0,0.0,0.999978,-0.001335,-0.003903,-0.005227
801682.0,-0.00102,-0.002821,0.002531,-0.040284,0.111448,0.565302,-0.030328,0.004277,-0.01199,-9.727086,0.23674,0.0,0.0,0.0,0.0,0.999978,-0.001331,-0.003934,-0.00525
801784.0,-0.000715,-0.001599,0.003142,-0.045628,0.111459,0.563772,-0.032399,0.003885,-0.012269,-9.732031,0.166823,0.0,0.0,0.0,0.0,0.999978,-0.001312,-0.003855,-0.005309
801887.0,0.001423,0.000845,0.000699,-0.046081,0.111445,0.561835,-0.029788,0.00351,-0.012888,-9.7423,0.134075,0.0,0.0,0.0,0.0,0.999978,-0.001295,-0.003823,-0.005363
801988.0,0.002034,0.001761,-0.001745,-0.051272,0.111433,0.558985,-0.031761,0.003173,-0.014278,-9.735971,0.161937,0.0,0.0,0.0,0.0,0.999977,-0.001308,-0.003851,-0.005401
802088.0,-0.00041,0.000845,-0.002661,-0.051705,0.111423,0.557637,-0.029193,0.002866,-0.014213,-9.727855,0.236226,0.0,0.0,0.0,0.0,0.999977,-0.001293,-0.003885,-0.005337
802190.0,-0.000104,-0.001294,0.000699,-0.057046,0.111428,0.55484,-0.031358,0.002602,-0.015435,-9.728307,0.288948,0.0,0.0,0.0,0.0,0.999978,-0.001295,-0.003889,-0.005262
802292.0,0.000812,-7.2e-05,0.003142,-0.057496,0.111418,0.550961,-0.028839,0.00235,-0.017504,-9.725415,0.240492,0.0,0.0,0.0,0.0,0.999978,-0.001295,-0.003842,-0.005291
802392.0,0.003256,0.002372,0.003142,-0.062521,0.111396,0.549515,-0.030857,0.002109,-0.017226,-9.737005,0.171578,0.0,0.0,0.0,0.0,0.999978,-0.001262,-0.003789,-0.005341
802493.0,-0.00102,-0.000683,0.000393,-0.063106,0.111399,0.549193,-0.028535,0.001917,-0.015939,-9.737624,0.155687,0.0,0.0,0.0,0.0,0.999978,-0.001235,-0.003779,-0.005338
802598.0,-0.001937,-0.002821,-0.002661,-0.068326,0.111392,0.544989,-0.030592,0.001725,-0.018248,-9.737574,0.175332,0.0,0.0,0.0,0.0,0.999978,-0.001212,-0.003773,-0.00531
802700.0,-0.000715,0.000234,-0.001745,-0.074163,0.111394,0.54163,-0.033059,0.001568,-0.019594,-9.725132,0.213888,0.0,0.0,0.0,0.0,0.999978,-0.001239,-0.0038,-0.005282
802802.0,0.002645,0.004204,-0.001745,-0.074624,0.111387,0.535966,-0.030428,0.001417,-0.022871,-9.734784,0.237558,0.0,0.0,0.0,0.0,0.999977,-0.001302,-0.003924,-0.005322
802905.0,-0.000104,-0.000988,-0.000218,-0.080024,0.111389,0.534807,-0.032487,0.001287,-0.021812,-9.737364,0.230369,0.0,0.0,0.0,0.0,0.999977,-0.001349,-0.003989,-0.005378
803006.0,-0.00041,-0.002515,0.001309,-0.080427,0.111382,0.532154,-0.029885,0.001164,-0.022199,-9.725888,0.233964,0.0,0.0,0.0,0.0,0.999977,-0.001295,-0.003947,-0.005363
803106.0,0.002034,0.001455,0.002531,-0.085661,0.111377,0.530029,-0.031972,0.001053,-0.022126,-9.723793,0.231796,0.0,0.0,0.0,0.0,0.999978,-0.001276,-0.003872,-0.005323
803208.0,-0.000715,-0.002515,0.000393,-0.08623,0.111377,0.527052,-0.029523,0.000955,-0.022761,-9.727583,0.211391,0.0,0.0,0.0,0.0,0.999977,-0.001273,-0.0039,-0.00533
803310.0,-0.000104,-0.003126,0.00192,-0.09146,0.111371,0.524875,-0.031505,0.000862,-0.022627,-9.731703,0.162428,0.0,0.0,0.0,0.0,0.999977,-0.001292,-0.003876,-0.005411
803412.0,0.001423,0.00451,-0.001745,-0.096994,0.111361,0.5204,-0.033583,0.000775,-0.024545,-9.732171,0.134661,0.0,0.0,0.0,0.0,0.999976,-0.00137,-0.003932,-0.005507
803514.0,-0.00102,0.006037,-0.004188,-0.097576,0.111362,0.517826,-0.031009,0.000704,-0.0246,-9.742188,0.189831,0.0,0.0,0.0,0.0,0.999976,-0.001502,-0.00406,-0.005497
803619.0,0.000812,-0.004653,-0.002661,-0.10299,0.111362,0.517308,-0.032994,0.000637,-0.022757,-9.731214,0.256474,0.0,0.0,0.0,0.0,0.999976,-0.001497,-0.00413,-0.005449
803721.0,-0.004686,-0.008624,0.001615,-0.108909,0.100738,0.51212,-0.035272,-0.008912,-0.025289,-9.729892,0.262113,0.0,0.0,0.0,0.0,0.999977,-0.001394,-0.004005,-0.005357
803823.0,0.003256,0.003288,0.003753,-0.11475,0.110335,0.51033,-0.037234,0.000315,-0.024598,-9.728854,0.199608,0.0,0.0,0.0,0.0,0.999977,-0.001275,-0.003847,-0.005372
803924.0,0.001728,0.006648,0.00192,-0.115073,0.111299,0.506699,-0.034177,0.001142,-0.025595,-9.740593,0.155709,0.0,0.0,0.0,0.0,0.999976,-0.001375,-0.004005,-0.005424
804026.0,-0.000104,-0.001599,-0.003578,-0.120497,0.100716,0.505999,-0.035897,-0.008362,-0.023918,-9.741072,0.196522,0.0,0.0,0.0,0.0,0.999976,-0.001439,-0.004107,-0.005472
804131.0,-0.004075,-0.00618,-0.005716,-0.126297,0.099633,0.503407,-0.037719,-0.008547,-0.023998,-9.728578,0.258945,0.0,0.0,0.0,0.0,0.999976,-0.001405,-0.004047,-0.005448
804233.0,-0.001326,0.002372,0.001615,-0.132265,0.099536,0.501211,-0.039592,-0.007863,-0.023778,-9.726692,0.25879,0.0,0.0,0.0,0.0,0.999977,-0.001347,-0.003952,-0.005438
804335.0,0.006615,0.008175,0.00192,-0.132556,0.099595,0.499224,-0.036279,-0.007102,-0.023393,-9.737267,0.205878,0.0,0.0,0.0,0.0,0.999976,-0.001357,-0.00399,-0.00548
804436.0,-0.000104,-0.002515,-0.000218,-0.137611,0.099684,0.496488,-0.037547,-0.006378,-0.023735,-9.739653,0.173032,0.0,0.0,0.0,0.0,0.999976,-0.0014,-0.004081,-0.005516
804538.0,-0.003464,-0.009235,-0.002356,-0.14353,0.099697,0.495968,-0.039375,-0.005791,-0.02207,-9.734622,0.187804,0.0,0.0,0.0,0.0,0.999976,-0.001338,-0.004025,-0.00556
804642.0,0.001118,0.001761,-0.00205,-0.149549,0.11053,0.493309,-0.041068,0.004388,-0.022379,-9.728266,0.214176,0.0,0.0,0.0,0.0,0.999976,-0.001359,-0.004032,-0.005551
804745.0,0.00295,0.006342,-0.000523,-0.155606,0.111678,0.49282,-0.042665,0.004993,-0.020827,-9.732287,0.237673,0.0,0.0,0.0,0.0,0.999975,-0.00146,-0.00419,-0.005531
804848.0,0.000201,-0.004348,0.001615,-0.155866,0.111756,0.493802,-0.039111,0.004618,-0.018162,-9.739121,0.23097,0.0,0.0,0.0,0.0,0.999975,-0.001436,-0.004239,-0.005519
804950.0,-0.002853,-0.004959,0.001615,-0.161075,0.111723,0.493276,-0.040149,0.004176,-0.017009,-9.727357,0.209664,0.0,0.0,0.0,0.0,0.999975,-0.001358,-0.004083,-0.00554
805055.0,0.001728,0.002372,0.000699,-0.167197,0.111726,0.490509,-0.041772,0.003802,-0.017837,-9.725282,0.195167,0.0,0.0,0.0,0.0,0.999975,-0.001358,-0.004063,-0.005558
805158.0,0.001118,0.004815,0.001309,-0.167336,0.111679,0.488374,-0.038144,0.00342,-0.0181,-9.734517,0.200117,0.0,0.0,0.0,0.0,0.999975,-0.001433,-0.004188,-0.005544
805260.0,-0.003464,-0.003737,-0.001134,-0.17255,0.111641,0.489013,-0.039285,0.003087,-0.015978,-9.739598,0.208631,0.0,0.0,0.0,0.0,0.999974,-0.001503,-0.004261,-0.005536
805361.0,-0.003158,-0.001294,-0.001134,-0.178254,0.111608,0.489292,-0.040765,0.002789,-0.014362,-9.735825,0.222847,0.0,0.0,0.0,0.0,0.999974,-0.001511,-0.004243,-0.005567
805464.0,0.000201,0.002066,-0.000523,-0.180669,0.111345,0.488917,-0.039018,0.002303,-0.013405,-9.732111,0.230885,0.0,0.0,0.0,0.0,0.999974,-0.001524,-0.004239,-0.005573
805564.0,0.000201,0.002677,8.8e-05,-0.185801,0.111344,0.4863,-0.040232,0.002081,-0.014625,-9.736849,0.201969,0.0,0.0,0.0,0.0,0.999974,-0.001528,-0.004278,-0.005579
805666.0,-0.001937,-0.002515,0.000699,-0.191653,0.101239,0.484887,-0.041848,-0.007594,-0.014545,-9.733934,0.208325,0.0,0.0,0.0,0.0,0.999975,-0.001466,-0.004187,-0.005557
805768.0,-0.001631,-0.002821,0.002531,-0.192186,0.100168,0.487112,-0.038382,-0.007871,-0.011138,-9.727987,0.202404,0.0,0.0,0.0,0.0,0.999975,-0.001411,-0.004063,-0.005537
805871.0,0.003256,0.003899,0.001309,-0.197336,0.110245,0.48676,-0.039519,0.002264,-0.010413,-9.730437,0.176606,0.0,0.0,0.0,0.0,0.999975,-0.001457,-0.004097,-0.005538
805973.0,-0.000104,0.007259,-0.004494,-0.198015,0.111273,0.487477,-0.036376,0.003007,-0.008769,-9.736433,0.206788,0.0,0.0,0.0,0.0,0.999974,-0.001614,-0.004251,-0.005536
806078.0,-0.003464,-0.004959,-0.002967,-0.20316,0.101139,0.48518,-0.037642,-0.006889,-0.010058,-9.737279,0.229684,0.0,0.0,0.0,0.0,0.999974,-0.001637,-0.004291,-0.005525
806180.0,-0.003464,-0.003737,-0.000829,-0.208993,0.110319,0.484697,-0.039467,0.00226,-0.009555,-9.727944,0.252439,0.0,0.0,0.0,0.0,0.999975,-0.001597,-0.004149,-0.005557
806282.0,0.000201,0.003288,0.002531,-0.209485,0.111299,0.487137,-0.03624,0.002948,-0.00646,-9.728753,0.222955,0.0,0.0,0.0,0.0,0.999975,-0.001561,-0.004088,-0.005586
806383.0,0.002034,0.003288,0.002531,-0.214435,0.101134,0.481041,-0.037484,-0.007055,-0.011584,-9.737211,0.188069,0.0,0.0,0.0,0.0,0.999974,-0.001601,-0.004215,-0.005572
806485.0,-0.004686,-0.004959,0.000699,-0.215287,0.110264,0.48302,-0.034745,0.002019,-0.008701,-9.735213,0.158444,0.0,0.0,0.0,0.0,0.999975,-0.001598,-0.004191,-0.00555
806590.0,0.00295,0.01184,-0.006326,-0.220504,0.10095,0.485185,-0.036185,-0.00681,-0.005879,-9.729129,0.186678,0.0,0.0,0.0,0.0,0.999975,-0.001525,-0.004058,-0.005539
806692.0,0.005088,0.013978,-0.008159,-0.226304,0.100002,0.480617,-0.038119,-0.007042,-0.00948,-9.744043,0.297664,0.0,0.0,0.0,0.0,0.999974,-0.001641,-0.004289,-0.005537
806794.0,-0.005602,-0.009846,8.8e-05,-0.226777,0.099928,0.480543,-0.035044,-0.006462,-0.008684,-9.731842,0.364927,0.0,0.0,0.0,0.0,0.999974,-0.001639,-0.004344,-0.005521
806896.0,-0.004991,-0.008013,0.004058,-0.231951,0.099945,0.480567,-0.036496,-0.005847,-0.007867,-9.724277,0.287098,0.0,0.0,0.0,0.0,0.999974,-0.001606,-0.004176,-0.005573
806998.0,0.004477,0.006648,0.004975,-0.232551,0.099935,0.479723,-0.033651,-0.005313,-0.007902,-9.729688,0.163779,0.0,0.0,0.0,0.0,0.999974,-0.001651,-0.004219,-0.005671
807103.0,0.000812,0.005731,-0.00144,-0.232479,0.099955,0.480431,-0.030357,-0.004785,-0.006514,-9.748344,0.148329,0.0,0.0,0.0,0.0,0.999973,-0.001754,-0.004364,-0.005718
807205.0,-0.002242,-0.00221,-0.004494,-0.237786,0.099954,0.482258,-0.032361,-0.004343,-0.004278,-9.742954,0.20144,0.0,0.0,0.0,0.0,0.999972,-0.001795,-0.004369,-0.005734
807307.0,-0.003464,-0.004042,-0.002356,-0.238175,0.099978,0.482671,-0.029738,-0.003922,-0.003522,-9.724751,0.254769,0.0,0.0,0.0,0.0,0.999973,-0.00175,-0.004225,-0.005731
807409.0,0.001118,0.00451,0.000699,-0.243407,0.099997,0.480219,-0.031707,-0.003545,-0.00538,-9.725746,0.259073,0.0,0.0,0.0,0.0,0.999973,-0.00176,-0.004213,-0.005755
807511.0,0.002645,0.005426,0.00192,-0.243967,0.099995,0.478883,-0.029293,-0.00322,-0.006079,-9.738561,0.22543,0.0,0.0,0.0,0.0,0.999972,-0.001833,-0.004362,-0.005812
807613.0,-0.003769,-0.004348,0.000699,-0.246928,0.09967,0.478269,-0.029293,-0.00322,-0.006079,-9.74013,0.200528,0.0,0.0,0.0,0.0,0.999971,-0.001873,-0.004455,-0.005861
807715.0,-0.006213,-0.005875,-0.002356,-0.249328,0.100029,0.476767,-0.028774,-0.002619,-0.00684,-9.728321,0.21945,0.0,0.0,0.0,0.0,0.999972,-0.0018,-0.004342,-0.005857
807817.0,0.005088,0.008786,-0.000523,-0.249616,0.100031,0.474839,-0.026416,-0.002379,-0.007916,-9.721285,0.219959,0.0,0.0,0.0,0.0,0.999972,-0.001775,-0.004301,-0.005871
807919.0,0.001423,0.001761,-0.000829,-0.249476,0.089423,0.474496,-0.023887,-0.011607,-0.007506,-9.740348,0.218118,0.0,0.0,0.0,0.0,0.999971,-0.001892,-0.004494,-0.005909
808021.0,-0.007129,-0.0129,-0.00205,-0.254868,0.088341,0.472713,-0.026487,-0.011515,-0.008392,-9.731721,0.221183,0.0,0.0,0.0,0.0,0.999971,-0.001948,-0.00448,-0.005922
808121.0,-0.002853,-0.004042,-0.00144,-0.257518,0.087188,0.471873,-0.026487,-0.011515,-0.008392,-9.713753,0.225949,0.0,0.0,0.0,0.0,0.999971,-0.001912,-0.004341,-0.005987
808223.0,0.007532,0.0152,0.00192,-0.255114,0.088375,0.47147,-0.022082,-0.009478,-0.008006,-9.723665,0.192335,0.0,0.0,0.0,0.0,0.99997,-0.001986,-0.00447,-0.005999
808326.0,0.002645,0.005426,-0.001134,-0.254997,0.088433,0.475731,-0.020002,-0.008578,-0.003623,-9.748357,0.190675,0.0,0.0,0.0,0.0,0.999969,-0.002105,-0.004682,-0.006039
808426.0,-0.009573,-0.019009,-0.003272,-0.254731,0.088548,0.474882,-0.017899,-0.007675,-0.004063,-9.725227,0.234227,0.0,0.0,0.0,0.0,0.99997,-0.001935,-0.004455,-0.006009
808529.0,-0.001631,-0.003126,8.8e-05,-0.25482,0.08851,0.47299,-0.016357,-0.007014,-0.005359,-9.713464,0.247251,0.0,0.0,0.0,0.0,0.999972,-0.001787,-0.004177,-0.005988
808629.0,0.00967,0.020392,0.002226,-0.256457,0.087808,0.472454,-0.016357,-0.007014,-0.005359,-9.736333,0.202305,0.0,0.0,0.0,0.0,0.99997,-0.001916,-0.00437,-0.006056
808731.0,-0.003769,-0.004348,-0.000829,-0.254609,0.088601,0.476405,-0.013365,-0.005731,-0.001568,-9.753723,0.197894,0.0,0.0,0.0,0.0,0.999969,-0.00207,-0.004661,-0.006074
808833.0,-0.010794,-0.019314,-0.001745,-0.259999,0.08862,0.4742,-0.016896,-0.005201,-0.003333,-9.728958,0.242648,0.0,0.0,0.0,0.0,0.999969,-0.00203,-0.004505,-0.00607
808935.0,0.001728,0.00115,0.001309,-0.260444,0.088662,0.475517,-0.015776,-0.0047,-0.001903,-9.712772,0.241389,0.0,0.0,0.0,0.0,0.99997,-0.001953,-0.004315,-0.006069
809038.0,0.007532,0.016727,0.002226,-0.254923,0.088696,0.474046,-0.00958,-0.004253,-0.003,-9.729977,0.202476,0.0,0.0,0.0,0.0,0.99997,-0.002039,-0.004433,-0.006066
809143.0,0.003256,0.005731,0.001309,-0.254378,0.088694,0.474622,-0.008225,-0.003864,-0.002231,-9.744035,0.200938,0.0,0.0,0.0,0.0,0.999969,-0.002057,-0.004569,-0.006005
809246.0,-0.00438,-0.008929,-0.00144,-0.254275,0.077828,0.474757,-0.007385,-0.013147,-0.001913,-9.73115,0.233461,0.0,0.0,0.0,0.0,0.99997,-0.001999,-0.004476,-0.00593
809348.0,-0.003158,-0.000683,-0.001134,-0.254193,0.076798,0.475688,-0.006662,-0.012881,-0.000946,-9.727876,0.238929,0.0,0.0,0.0,0.0,0.999971,-0.001983,-0.00436,-0.005941
809451.0,-0.000104,0.002066,0.000393,-0.254091,0.076876,0.480324,-0.005975,-0.011656,0.003128,-9.733207,0.234512,0.0,0.0,0.0,0.0,0.99997,-0.002082,-0.004442,-0.006018
809553.0,-0.002853,-0.002515,-0.000218,-0.254117,0.076813,0.479467,-0.00547,-0.010681,0.002125,-9.734929,0.208849,0.0,0.0,0.0,0.0,0.99997,-0.002067,-0.004477,-0.006049
809658.0,0.000812,0.000539,-0.001134,-0.254077,0.07689,0.478366,-0.004942,-0.009651,0.001,-9.73369,0.215144,0.0,0.0,0.0,0.0,0.999969,-0.002031,-0.004465,-0.006106
809761.0,0.000201,-7.2e-05,-0.001745,-0.253593,0.077835,0.476277,-0.004057,-0.007923,-0.001141,-9.737812,0.225345,0.0,0.0,0.0,0.0,0.999969,-0.002036,-0.004495,-0.0061
809863.0,0.000201,-0.002821,-0.000523,-0.25359,0.077842,0.479302,-0.003669,-0.007164,0.001751,-9.735583,0.243181,0.0,0.0,0.0,0.0,0.999969,-0.002036,-0.004534,-0.006085
809965.0,0.001118,-0.000988,-0.000218,-0.253586,0.077849,0.479906,-0.003313,-0.00647,0.002145,-9.732607,0.237116,0.0,0.0,0.0,0.0,0.999969,-0.002052,-0.004548,-0.006077
810067.0,0.000507,-0.000988,-0.000829,-0.253602,0.067703,0.48085,-0.00301,-0.015351,0.002814,-9.728354,0.224586,0.0,0.0,0.0,0.0,0.999969,-0.002041,-0.004484,-0.006106
810171.0,-0.001326,0.000539,0.000699,-0.253596,0.076822,0.481039,-0.00271,-0.005233,0.002719,-9.736541,0.212368,0.0,0.0,0.0,0.0,0.999969,-0.002107,-0.004527,-0.006141
810273.0,-0.00102,0.002677,-0.000523,-0.253607,0.067553,0.481085,-0.002463,-0.01336,0.002506,-9.735457,0.211312,0.0,0.0,0.0,0.0,0.999968,-0.002113,-0.004548,-0.006165
810373.0,0.000812,-7.2e-05,0.000393,-0.253589,0.066661,0.480248,-0.002208,-0.012927,0.001477,-9.732299,0.225298,0.0,0.0,0.0,0.0,0.999969,-0.0021,-0.004532,-0.006155
810475.0,-0.001326,-7.2e-05,0.000699,-0.253596,0.066521,0.481726,-0.002005,-0.011833,0.0027,-9.727269,0.230313,0.0,0.0,0.0,0.0,0.999969,-0.002084,-0.00451,-0.006128
810580.0,-0.001631,-0.000377,0.001309,-0.253606,0.066449,0.481222,-0.001822,-0.010762,0.001984,-9.73166,0.235689,0.0,0.0,0.0,0.0,0.999969,-0.002124,-0.004518,-0.006106
810682.0,-0.753301,0.90462,0.004364,-0.253597,0.0665,0.481934,-0.001641,-0.009692,0.002452,-8.055139,-0.019837,0.0,0.0,0.0,0.0,0.999914,-0.006481,0.009804,-0.005801
810784.0,-0.745054,1.581153,0.011083,-0.248386,0.066531,0.483733,0.003311,-0.008751,0.003862,-11.318798,0.227871,0.0,0.0,0.0,0.0,0.99651,-0.043495,0.070869,-0.007264
810886.0,-1.191291,2.044189,0.484504,-0.253054,0.066508,0.486585,-0.00129,-0.007951,0.006092,-31.294657,1.424591,0.0,0.0,0.0,0.0,0.98476,-0.076409,0.155763,-0.012147
810988.0,0.523102,0.679821,-0.093375,-0.248317,0.056192,0.558277,0.003153,-0.016624,0.070225,-37.88353,2.565628,0.0,0.0,0.0,0.0,0.972863,-0.0952,0.210532,-0.012297
811088.0,-0.285378,1.726539,0.055371,-0.248002,0.054531,0.565294,0.003153,-0.016624,0.070225,-24.287291,1.077469,0.0,0.0,0.0,0.0,0.955151,-0.125735,0.267831,-0.012018
811190.0,-0.218183,0.204568,0.168686,-0.004875,0.108893,0.67831,0.219578,0.033337,0.163705,-20.304325,1.44876,0.0,0.0,0.0,0.0,0.936478,-0.138809,0.321785,-0.013976
811292.0,-0.524532,1.327033,0.017192,0.197594,0.131854,0.816238,0.386502,0.051464,0.27403,-18.595774,2.25149,0.0,0.0,0.0,0.0,0.925204,-0.126207,0.357296,-0.020224
811394.0,-0.275604,0.079952,-0.087877,0.329314,0.164392,1.013473,0.472738,0.07696,0.430122,-16.653927,2.66396,0.0,0.0,0.0,0.0,0.914854,-0.129728,0.381663,-0.023367
811497.0,0.298304,-0.082844,-0.128805,0.377762,0.172279,1.057554,0.472738,0.07696,0.430122,-16.280443,2.821341,0.0,0.0,0.0,0.0,0.911632,-0.127962,0.389411,-0.03021
811602.0,-1.054458,0.112633,-0.235095,0.410655,0.289115,1.431612,0.457618,0.173533,0.718982,-17.044594,2.466244,0.0,0.0,0.0,0.0,0.917563,-0.151653,0.3666,-0.026169
811705.0,-0.252697,-1.076416,-0.344135,0.440473,0.400654,1.784713,0.441753,0.260568,0.973654,-18.114756,2.935304,0.0,0.0,0.0,0.0,0.913899,-0.17312,0.365937,-0.030151
811806.0,1.6587,-0.472271,-0.038397,1.037935,0.249145,2.078131,0.942264,0.099323,1.148245,-19.587507,3.257236,0.0,0.0,0.0,0.0,0.920434,-0.138091,0.361664,-0.054138
811909.0,4.911252,0.725331,0.677537,1.571947,0.248875,2.313971,1.346381,0.089681,1.255731,-19.358465,1.944912,0.0,0.0,0.0,0.0,0.926539,-0.025216,0.366366,-0.081646
812011.0,4.461045,-0.419736,0.725185,1.934088,0.488228,2.685051,1.551342,0.300011,1.47463,-19.365206,-0.077231,0.0,0.0,0.0,0.0,0.904795,0.204695,0.350174,-0.12971
812115.0,2.670599,0.139511,0.769472,2.119029,0.662109,3.127643,1.572556,0.427723,1.731117,-19.812748,-2.121092,0.0,0.0,0.0,0.0,0.864586,0.35458,0.32524,-0.144858
812218.0,5.677888,0.387828,1.135991,2.4816,0.857957,3.428573,1.757468,0.567278,1.842871,-20.626743,-2.020773,0.0,0.0,0.0,0.0,0.724813,0.608506,0.263473,-0.186947
812320.0,3.633933,-0.379419,1.186693,3.086494,1.198992,3.768957,2.138536,0.821006,1.977458,-20.688402,-3.347788,0.0,0.0,0.0,0.0,0.562975,0.783722,0.179389,-0.191465
812420.0,2.144338,0.692344,1.42829,3.876124,1.865949,4.135175,2.666974,1.358417,2.129342,-21.475012,-1.076303,0.0,0.0,0.0,0.0,0.419521,0.887232,0.099087,-0.164326
812523.0,2.795826,0.74274,1.253278,4.806103,2.570754,4.47164,3.250235,1.860922,2.233193,-21.875435,3.80258,0.0,0.0,0.0,0.0,0.26885,0.953986,0.014228,-0.132018
812628.0,5.524867,0.245801,1.802445,5.988169,3.335246,4.954596,3.986645,2.359343,2.448824,-10.371814,5.178536,0.0,0.0,0.0,0.0,0.060048,0.991735,-0.079917,-0.080425
814174.0,-0.492767,-0.017481,-1.721331,9.653293,6.3548,6.646852,7.363178,5.172751,3.962932,-3.360022,2.484172,0.0,0.0,0.0,0.0,-0.016215,0.990745,-0.10782,-0.080848
814275.0,2.045378,0.341707,-1.387798,24.037462,22.305908,13.568618,19.902189,19.357059,9.902436,0.99926,-0.59214,0.0,0.0,0.0,0.0,-0.041837,0.996277,-0.030842,-0.068779
814380.0,9.44265,-0.222427,-0.925984,26.627562,25.153618,15.037345,20.373318,20.12458,10.300723,1.185684,-1.270336,0.0,0.0,0.0,0.0,-0.344083,0.937424,0.011535,-0.052063
814481.0,9.997316,-1.166824,0.237103,27.943155,26.461983,15.168675,19.693161,19.460804,9.476776,1.071113,-2.414502,0.0,0.0,0.0,0.0,-0.754166,0.651048,0.019224,-0.083672
814583.0,8.670516,-1.138419,0.857132,28.990883,27.518484,14.787224,18.827024,18.624086,8.268534,1.063045,-0.592014,0.0,0.0,0.0,0.0,-0.968316,0.204691,0.003194,-0.143025
814684.0,1.987346,-1.002502,0.856521,29.830208,28.493551,14.417178,17.85054,17.790739,7.176226,1.050881,-0.707237,0.0,0.0,0.0,0.0,-0.97985,-0.05484,0.01151,-0.191713
814786.0,-2.791758,-1.325039,0.376381,30.992277,29.825514,14.264537,17.253853,17.355743,6.377797,0.846113,-0.429324,0.0,0.0,0.0,0.0,-0.97324,-0.012533,0.082119,-0.214249
814887.0,0.017,-1.560222,0.168686,32.048161,30.971191,13.934329,16.620228,16.794485,5.497048,1.513332,-0.892532,0.0,0.0,0.0,0.0,-0.958384,0.061766,0.173783,-0.217912
814988.0,2.606763,-1.635969,0.535511,32.978325,31.94875,13.578162,15.934794,16.136272,4.672929,2.092283,-0.29663,0.0,0.0,0.0,0.0,-0.93802,-0.051345,0.227283,-0.256565
815089.0,0.605569,-1.635969,0.525737,33.686161,32.969444,13.249486,15.105375,15.575578,3.945717,4.170714,-0.986422,0.0,0.0,0.0,0.0,-0.902094,-0.134502,0.286659,-0.293193
815190.0,0.067702,-1.717519,0.333315,34.302185,33.99052,13.006034,13.912673,14.854964,3.149305,6.832685,-0.304283,0.0,0.0,0.0,0.0,-0.865776,-0.170643,0.359764,-0.303123
815291.0,2.287281,-1.668345,0.769167,35.323139,35.214882,12.611656,13.559162,14.599313,2.486174,10.244869,0.846899,0.0,0.0,0.0,0.0,-0.817253,-0.21838,0.42534,-0.321705
815392.0,1.663587,-0.144541,0.494583,36.681911,36.677876,12.860799,13.559162,14.599313,2.486174,10.75924,2.238214,0.0,0.0,0.0,0.0,-0.792472,-0.281861,0.371968,-0.39266
815493.0,-2.94875,-1.747146,3.454836,37.010979,37.174702,11.657716,12.685041,13.776678,1.265253,13.548619,2.725607,0.0,0.0,0.0,0.0,-0.740711,-0.232668,0.466507,-0.423773
815595.0,-0.89044,-3.509798,2.754479,38.294567,38.568745,11.785748,12.685041,13.776678,1.265253,10.200135,3.790133,0.0,0.0,0.0,0.0,-0.691594,-0.124145,0.563344,-0.434661
815696.0,4.763117,-2.300285,3.83907,39.577805,39.962406,11.913743,12.685041,13.776678,1.265253,6.84377,5.321181,0.0,0.0,0.0,0.0,-0.492104,-0.154468,0.623456,-0.587602
815797.0,5.476913,0.992279,3.591975,40.85836,41.353161,12.041471,12.685041,13.776678,1.265253,3.347698,6.355205,0.0,0.0,0.0,0.0,-0.285681,-0.169498,0.473464,-0.815775
815898.0,5.370012,2.740575,1.253278,40.202335,41.695942,10.568398,11.15452,12.947288,0.009449,2.318833,7.520855,0.0,0.0,0.0,0.0,-0.174241,-0.087438,0.231619,-0.953073
815998.0,5.684913,2.802273,-1.336791,41.323704,42.997524,10.569347,11.15452,12.947288,0.009449,3.600248,8.612299,0.0,0.0,0.0,0.0,-0.183126,0.010775,-0.063494,-0.980978
816099.0,8.516885,0.953489,-3.314162,41.110996,43.74984,9.850021,9.995385,12.467427,-0.603503,6.022141,7.88113,0.0,0.0,0.0,0.0,-0.29638,0.06139,-0.396764,-0.866585
816202.0,7.173286,-2.305477,-2.940618,41.595783,44.239922,9.31029,10.386725,12.840165,-1.11318,4.516487,8.232509,0.0,0.0,0.0,0.0,-0.314908,0.047137,-0.422177,-0.84875
816302.0,8.389824,-3.303631,-0.618719,42.910622,45.693707,8.551106,10.662892,13.013296,-1.737296,3.600991,5.783463,0.0,0.0,0.0,0.0,-0.441479,-0.17066,-0.639993,-0.605293
816407.0,4.764339,-3.171989,0.475952,43.887062,46.305855,7.536521,10.522297,12.300225,-2.508284,5.246045,4.954932,0.0,0.0,0.0,0.0,-0.463244,-0.404361,-0.71987,-0.322001
816509.0,4.981807,-2.520196,1.521448,44.737972,46.616291,5.998196,10.327229,11.457933,-3.652892,2.291924,4.363153,0.0,0.0,0.0,0.0,-0.429183,-0.590412,-0.676952,-0.094613
816610.0,0.586937,-1.814952,0.982359,45.15358,47.144516,4.621618,9.776099,10.905688,-4.535546,-0.238621,6.119707,0.0,0.0,0.0,0.0,-0.409268,-0.689758,-0.596401,0.032248
816710.0,-2.536111,-1.864127,0.085914,45.334721,47.58392,3.580835,9.064016,10.321461,-5.047287,-1.24647,7.808104,0.0,0.0,0.0,0.0,-0.500253,-0.674382,-0.540389,0.054186
816812.0,-5.833868,-1.386125,-2.107092,45.880219,48.069351,1.912461,8.72914,9.818521,-6.069198,2.133291,8.761106,0.0,0.0,0.0,0.0,-0.673612,-0.518507,-0.526059,0.025672
816913.0,-5.533016,-0.387971,-3.279953,46.311741,48.460247,0.0474,8.326056,9.280811,-7.173357,1.216036,9.591599,0.0,0.0,0.0,0.0,-0.817208,-0.195197,-0.541901,-0.020294
817014.0,-4.039756,0.66852,-2.589065,46.558285,48.969715,-1.510173,7.79597,8.899086,-7.907491,2.393156,8.151075,0.0,0.0,0.0,0.0,-0.824757,0.073854,-0.560481,-0.013526
817115.0,-5.861051,1.068942,-1.366112,46.900917,49.217628,-3.563255,7.398449,8.317409,-9.014969,2.721389,6.364706,0.0,0.0,0.0,0.0,-0.752624,0.320663,-0.571993,-0.059639
817218.0,-6.186337,0.588191,-0.430572,47.205948,49.462753,-5.168391,6.788887,7.501637,-9.85723,3.880827,6.114144,0.0,0.0,0.0,0.0,-0.58798,0.566449,-0.542753,-0.197064
817319.0,-6.458477,2.880463,-0.839547,47.494602,49.564129,-7.19147,6.438161,6.922476,-10.784493,17.41238,34.928631,0.0,0.0,0.0,0.0,-0.494789,0.650543,-0.467198,-0.3372
817421.0,9.951806,-1.971945,-1.027999,47.644707,49.531651,-9.175335,6.017601,6.307936,-11.534081,-2.08957,10.799706,0.0,0.0,0.0,0.0,-0.610922,0.568725,-0.507946,-0.212875
817521.0,2.805905,1.209747,0.328733,48.115654,49.953106,-10.703159,5.901817,6.125321,-11.839234,-1.778402,2.962657,0.0,0.0,0.0,0.0,-0.765773,0.339325,-0.545437,0.030815
817622.0,1.934506,-0.039167,-0.79251,48.231884,49.858826,-11.792389,5.495103,5.520773,-11.750671,-11.599051,25.55822,0.0,0.0,0.0,0.0,-0.776498,0.239601,-0.582655,0.012451
817723.0,0.568001,-0.011678,0.169603,48.360878,49.831264,-13.005411,5.130218,5.019393,-11.773992,-0.81902,8.554037,0.0,0.0,0.0,0.0,-0.775349,0.248455,-0.580567,0.006796
817824.0,-0.183364,0.012146,0.034602,48.500648,49.674458,-13.882904,4.80447,4.448466,-11.507277,-1.161604,8.176854,0.0,0.0,0.0,0.0,-0.776511,0.244774,-0.580483,0.012482
817925.0,-0.124415,-0.003126,0.029104,48.519154,49.497639,-14.328889,4.401171,3.907528,-10.894976,-1.734297,8.411454,0.0,0.0,0.0,0.0,-0.777154,0.24301,-0.580323,0.014267
818026.0,-0.043781,-0.001904,0.005891,48.467022,49.1171,-14.513837,3.971515,3.236883,-10.111107,-1.704956,8.332448,0.0,0.0,0.0,0.0,-0.777243,0.242722,-0.580319,0.014509
818127.0,0.014862,-0.000377,-0.002967,48.408337,48.702969,-14.698355,3.572193,2.593413,-9.392071,-1.79941,8.348732,0.0,0.0,0.0,0.0,-0.777347,0.242456,-0.580283,0.014785
818228.0,-0.002242,0.000234,8.8e-05,48.096233,48.174744,-14.158611,3.243726,2.068966,-8.803661,-1.81416,8.346525,0.0,0.0,0.0,0.0,-0.777343,0.242464,-0.580285,0.014779
818333.0,0.00295,-7.2e-05,8.8e-05,48.280773,48.035702,-14.903234,3.081932,1.702097,-8.623989,-1.825403,8.337191,0.0,0.0,0.0,0.0,-0.777369,0.242402,-0.580275,0.014826
818438.0,0.001423,-0.000377,0.000393,48.13781,47.502766,-15.337239,2.662672,1.063472,-8.200137,-1.831717,8.333066,0.0,0.0,0.0,0.0,-0.77739,0.242362,-0.580262,0.014878
818539.0,0.002339,-0.000377,-0.000523,48.02943,47.05761,-15.789642,2.3359,0.584525,-7.877309,-1.840184,8.337075,0.0,0.0,0.0,0.0,-0.777412,0.24228,-0.580264,0.014967
818640.0,0.001728,-0.001294,8.8e-05,47.891533,46.634468,-16.108856,2.009993,0.164139,-7.465794,-1.836573,8.338457,0.0,0.0,0.0,0.0,-0.777455,0.242205,-0.580236,0.015047
818742.0,0.001118,0.001455,8.8e-05,47.824184,47.012108,-15.387557,1.771892,0.481256,-6.185416,-1.839929,8.335011,0.0,0.0,0.0,0.0,-0.777491,0.242142,-0.580213,0.015099
818843.0,0.001423,-7.2e-05,-0.000523,47.762341,47.521633,-14.288528,1.562019,0.881771,-4.70176,-1.839274,8.333797,0.0,0.0,0.0,0.0,-0.777513,0.242099,-0.5802,0.015147
818944.0,0.001728,-0.001599,-0.000523,47.707127,47.854126,-13.3759,1.377093,1.093094,-3.509807,-1.836033,8.335545,0.0,0.0,0.0,0.0,-0.777546,0.242036,-0.580181,0.015213
819045.0,0.00295,-0.000683,-0.000523,47.663708,48.107571,-12.701635,1.218273,1.216777,-2.625823,-1.846074,8.329086,0.0,0.0,0.0,0.0,-0.777565,0.241966,-0.580183,0.015253
819146.0,0.002645,0.000845,-0.001134,47.635571,48.294243,-12.189332,1.087597,1.271866,-1.961323,-1.843802,8.33105,0.0,0.0,0.0,0.0,-0.777584,0.241908,-0.58018,0.015294
819248.0,0.000201,0.00115,-0.000523,47.565189,48.382702,-11.707674,0.873622,1.223508,-1.188472,-1.841658,8.334996,0.0,0.0,0.0,0.0,-0.777583,0.241877,-0.580194,0.015306
819349.0,0.002339,-7.2e-05,-0.000218,47.574436,48.497196,-11.520176,0.803596,1.215374,-0.909601,-1.850918,8.325322,0.0,0.0,0.0,0.0,-0.777609,0.241816,-0.580184,0.015355
819451.0,0.002645,-0.000683,-0.000523,47.543068,48.58963,-11.235398,0.712141,1.190346,-0.602021,-1.849182,8.328307,0.0,0.0,0.0,0.0,-0.777628,0.241765,-0.580179,0.015407
819552.0,-0.000104,0.000539,-0.000523,47.550674,48.673534,-11.003994,0.659537,1.160444,-0.365362,-1.851325,8.328734,0.0,0.0,0.0,0.0,-0.777628,0.241742,-0.580187,0.015434
819653.0,-0.000104,0.000539,0.000393,47.538895,48.755878,-10.77691,0.595354,1.131942,-0.151205,-1.852431,8.326783,0.0,0.0,0.0,0.0,-0.777632,0.241738,-0.580183,0.015457
819754.0,0.000201,-0.001294,0.000393,47.526611,48.809036,-10.587705,0.535527,1.081397,0.01599,-1.852243,8.32908,0.0,0.0,0.0,0.0,-0.777652,0.241711,-0.580167,0.01546
819855.0,0.001118,0.000845,-0.000218,47.515427,48.860321,-10.418056,0.481084,1.032918,0.154309,-1.854764,8.327053,0.0,0.0,0.0,0.0,-0.777673,0.241708,-0.58014,0.015456
819956.0,0.001118,-0.000377,8.8e-05,47.50449,48.900249,-10.255259,0.431046,0.978718,0.276552,-1.852485,8.320909,0.0,0.0,0.0,0.0,-0.777691,0.241674,-0.58013,0.015466
820058.0,0.000812,-0.000377,-0.000218,47.49403,48.939526,-10.110811,0.38532,0.928161,0.373891,-1.855939,8.321368,0.0,0.0,0.0,0.0,-0.77772,0.241636,-0.580106,0.015505
820159.0,0.000507,0.001455,-0.000218,47.49514,48.968224,-9.99217,0.353248,0.87297,0.441695,-1.859713,8.32183,0.0,0.0,0.0,0.0,-0.777703,0.241641,-0.580126,0.015521
820261.0,0.000812,-0.000683,-0.000523,47.457066,48.929638,-9.857779,0.314272,0.828817,0.562328,-1.859934,8.320107,0.0,0.0,0.0,0.0,-0.777706,0.241639,-0.580123,0.015524
820371.0,0.000812,-0.000377,-0.000218,47.456383,48.943672,-9.782077,0.279834,0.753525,0.575905,-1.857947,8.324456,0.0,0.0,0.0,0.0,-0.777738,0.24159,-0.5801,0.015563
820472.0,0.001118,-7.2e-05,-0.001134,47.457409,48.968254,-9.719378,0.254606,0.705697,0.579801,-1.862785,8.321773,0.0,0.0,0.0,0.0,-0.777754,0.241582,-0.580082,0.015582
820573.0,0.000812,0.000234,-0.001134,47.458469,48.983692,-9.642698,0.232305,0.655236,0.59627,-1.86968,8.319507,0.0,0.0,0.0,0.0,-0.777777,0.241546,-0.580064,0.015632
820674.0,0.000812,-0.000683,8.8e-05,47.452785,49.014286,-9.572532,0.205818,0.622976,0.605342,-1.868059,8.322982,0.0,0.0,0.0,0.0,-0.777787,0.241525,-0.580059,0.015661
820775.0,-0.001326,-0.000377,0.000699,47.446583,49.026264,-9.499004,0.181059,0.576223,0.616543,-1.865487,8.320185,0.0,0.0,0.0,0.0,-0.777785,0.241522,-0.580062,0.015684
820876.0,0.000507,-0.000377,0.000699,47.445614,49.046829,-9.423869,0.163305,0.54148,0.62808,-1.870005,8.319321,0.0,0.0,0.0,0.0,-0.777811,0.241502,-0.580034,0.015693
820977.0,-0.001326,0.00115,-0.000523,47.439999,49.078468,-9.346072,0.142885,0.520118,0.641046,-1.868165,8.319959,0.0,0.0,0.0,0.0,-0.777819,0.241502,-0.580024,0.015703
821078.0,0.002034,0.000234,-0.000218,47.434776,49.104038,-9.260431,0.12479,0.495274,0.660014,-1.872596,8.317087,0.0,0.0,0.0,0.0,-0.777805,0.241506,-0.580041,0.015691
821179.0,0.001118,-0.000683,-0.000218,47.433804,49.125729,-9.186213,0.112363,0.469404,0.667012,-1.86874,8.31758,0.0,0.0,0.0,0.0,-0.777829,0.241466,-0.580025,0.015716
821282.0,-0.000715,-0.001294,-0.000523,47.434025,49.148762,-9.11047,0.095221,0.431113,0.676581,-1.873683,8.319212,0.0,0.0,0.0,0.0,-0.777892,0.241416,-0.579961,0.015766
821383.0,0.001118,-0.000377,8.8e-05,47.432461,49.166176,-9.054255,0.085255,0.407802,0.665354,-1.866582,8.315813,0.0,0.0,0.0,0.0,-0.777899,0.241393,-0.579959,0.015775
821484.0,-0.00041,-7.2e-05,0.00192,47.438358,49.182247,-8.987419,0.082939,0.386431,0.665019,-1.858376,8.314035,0.0,0.0,0.0,0.0,-0.777913,0.241354,-0.579957,0.015812
821585.0,-0.001631,-0.000377,-0.000829,47.433468,49.192814,-8.913729,0.07165,0.362249,0.670636,-1.871377,8.315495,0.0,0.0,0.0,0.0,-0.777922,0.241316,-0.579959,0.015847
821686.0,-0.001326,0.000539,0.000699,47.432758,49.203121,-8.834609,0.064799,0.339608,0.680504,-1.871108,8.317895,0.0,0.0,0.0,0.0,-0.777941,0.241286,-0.579947,0.015857
821787.0,-0.00041,0.000539,-0.000829,47.432487,49.213436,-8.76869,0.058817,0.318581,0.678045,-1.873255,8.316966,0.0,0.0,0.0,0.0,-0.777955,0.241281,-0.579929,0.01588
821888.0,0.000201,-0.000988,0.000393,47.427071,49.223976,-8.692539,0.048778,0.299385,0.684552,-1.87741,8.316482,0.0,0.0,0.0,0.0,-0.777964,0.241288,-0.579915,0.015869
821989.0,-0.001326,0.000234,-0.000523,47.431602,49.234428,-8.628929,0.048424,0.281775,0.679686,-1.877987,8.320024,0.0,0.0,0.0,0.0,-0.777966,0.241298,-0.579907,0.015868
822090.0,0.000812,-7.2e-05,-0.000829,47.431892,49.244877,-8.567907,0.044297,0.26561,0.672919,-1.875352,8.313735,0.0,0.0,0.0,0.0,-0.777957,0.241291,-0.579921,0.015883
822191.0,0.002034,-0.001599,-0.000218,47.432053,49.257069,-8.49354,0.04046,0.252589,0.678738,-1.870496,8.323016,0.0,0.0,0.0,0.0,-0.777985,0.241269,-0.579893,0.015878
822298.0,0.000201,0.00115,-0.000218,47.430767,49.267948,-8.460497,0.038799,0.260966,0.704329,-1.871876,8.322113,0.0,0.0,0.0,0.0,-0.777982,0.241268,-0.579897,0.015881
822402.0,-0.001631,0.000234,-0.000523,47.437099,49.290962,-8.379241,0.041023,0.257031,0.712072,-1.877501,8.313505,0.0,0.0,0.0,0.0,-0.777981,0.241293,-0.579889,0.015874
822503.0,0.00295,-7.2e-05,0.000699,47.432472,49.3027,-8.306074,0.032859,0.243771,0.713159,-1.88112,8.311559,0.0,0.0,0.0,0.0,-0.77799,0.24125,-0.579895,0.01589
822604.0,0.001423,-0.001904,0.000393,47.44241,49.313297,-8.244783,0.038726,0.231404,0.703859,-1.876399,8.309603,0.0,0.0,0.0,0.0,-0.777998,0.241222,-0.579895,0.015914
822705.0,0.000201,-0.001294,0.000393,47.443497,49.33572,-8.186238,0.036227,0.230609,0.692993,-1.877823,8.314896,0.0,0.0,0.0,0.0,-0.778012,0.241213,-0.579879,0.01591
822806.0,0.000201,-0.000683,0.000699,47.443405,49.347427,-8.118666,0.032877,0.220227,0.690677,-1.881725,8.315186,0.0,0.0,0.0,0.0,-0.778019,0.241202,-0.579874,0.015929
822907.0,-0.00102,0.000234,-0.000829,47.443237,49.36861,-8.050039,0.029778,0.21927,0.689634,-1.881245,8.312546,0.0,0.0,0.0,0.0,-0.778015,0.241167,-0.579894,0.015962
823008.0,0.001118,0.001761,-0.000523,47.443096,49.380249,-7.985425,0.02696,0.209874,0.685164,-1.878626,8.309143,0.0,0.0,0.0,0.0,-0.778014,0.24118,-0.579889,0.015981
823109.0,0.001728,-0.000988,-0.000218,47.442955,49.390949,-7.913988,0.024386,0.20046,0.687138,-1.879452,8.314659,0.0,0.0,0.0,0.0,-0.778041,0.241146,-0.579866,0.01602
823210.0,0.000812,-0.000988,-0.00144,47.437653,49.402809,-7.847685,0.017449,0.193008,0.684548,-1.876956,8.313426,0.0,0.0,0.0,0.0,-0.778057,0.241158,-0.579839,0.016019
823313.0,0.000812,-7.2e-05,8.8e-05,47.441517,49.407024,-7.799503,0.020993,0.166106,0.6494,-1.879943,8.312982,0.0,0.0,0.0,0.0,-0.778069,0.241123,-0.579837,0.016039
823414.0,-0.00041,0.000234,-0.000523,47.437588,49.432106,-7.722869,0.015557,0.173497,0.659814,-1.880131,8.310886,0.0,0.0,0.0,0.0,-0.778089,0.241112,-0.579814,0.016055
823515.0,0.001728,0.001455,0.000699,47.436905,49.445721,-7.657554,0.013824,0.170515,0.65887,-1.882869,8.306231,0.0,0.0,0.0,0.0,-0.778109,0.241099,-0.579792,0.016063
823616.0,-0.00102,0.000845,8.8e-05,47.43684,49.457851,-7.59153,0.012709,0.166649,0.658661,-1.885056,8.310627,0.0,0.0,0.0,0.0,-0.778129,0.241095,-0.579768,0.01608
823717.0,-0.001937,0.000539,-0.000218,47.431431,49.468792,-7.520355,0.007424,0.162021,0.662414,-1.881959,8.312429,0.0,0.0,0.0,0.0,-0.778141,0.241069,-0.579761,0.016089
823818.0,0.000201,-0.000377,8.8e-05,47.436195,49.479633,-7.484974,0.010672,0.157528,0.636927,-1.881468,8.307437,0.0,0.0,0.0,0.0,-0.778141,0.241104,-0.579747,0.016086
823919.0,-0.00041,-7.2e-05,-0.000523,47.431252,49.479885,-7.461875,0.005708,0.144588,0.603062,-1.883722,8.310185,0.0,0.0,0.0,0.0,-0.778137,0.241113,-0.579749,0.016075
824020.0,0.000507,-0.000377,-0.001134,47.43074,49.479141,-7.426469,0.004786,0.131732,0.581855,-1.880397,8.310672,0.0,0.0,0.0,0.0,-0.778156,0.24113,-0.579717,0.016073
824121.0,-0.00041,-0.001904,-0.001134,47.430683,49.489773,-7.393655,0.00433,0.129468,0.56012,-1.878279,8.318609,0.0,0.0,0.0,0.0,-0.778186,0.241124,-0.579679,0.016076
824222.0,-0.002242,-0.000683,-0.000829,47.430637,49.490021,-7.360842,0.003926,0.118594,0.540235,-1.873215,8.307784,0.0,0.0,0.0,0.0,-0.778204,0.241135,-0.57965,0.01608
824322.0,-0.001631,-0.000377,0.000699,47.435898,49.498848,-7.332348,0.009786,0.114882,0.510787,-1.880214,8.310843,0.0,0.0,0.0,0.0,-0.778201,0.24112,-0.57966,0.016072
824428.0,0.001423,-0.001294,-0.000829,47.431244,49.500111,-7.304743,0.004943,0.105635,0.487823,-1.879903,8.308237,0.0,0.0,0.0,0.0,-0.77821,0.241113,-0.579651,0.016095
824528.0,0.000812,-0.000683,0.000393,47.441463,49.510887,-7.274715,0.013199,0.10574,0.471581,-1.883609,8.309422,0.0,0.0,0.0,0.0,-0.778219,0.241113,-0.579639,0.016095
824630.0,0.000507,0.000234,-0.000829,47.442539,49.511345,-7.244423,0.012979,0.097338,0.457339,-1.880775,8.31189,0.0,0.0,0.0,0.0,-0.778234,0.241099,-0.579623,0.016141
824731.0,0.000201,0.000845,-0.001134,47.447979,49.510777,-7.215396,0.016392,0.088698,0.443142,-1.881919,8.309877,0.0,0.0,0.0,0.0,-0.77824,0.241118,-0.579606,0.016149
824832.0,0.000812,0.000234,0.001309,47.453938,49.521389,-7.175464,0.019989,0.090089,0.439163,-1.881801,8.308243,0.0,0.0,0.0,0.0,-0.778247,0.241101,-0.579605,0.01613
824933.0,-0.00102,0.001455,8.8e-05,47.459755,49.532043,-7.139274,0.0232,0.091411,0.432305,-1.88383,8.315787,0.0,0.0,0.0,0.0,-0.778258,0.241094,-0.579592,0.016163
825034.0,0.000201,-0.000683,-0.000523,47.460297,49.533081,-7.096086,0.021678,0.084446,0.431899,-1.884272,8.317404,0.0,0.0,0.0,0.0,-0.77827,0.241074,-0.579584,0.01618
825135.0,-0.000715,-0.000377,-0.000523,47.471119,49.543358,-7.06093,0.029055,0.085932,0.424764,-1.886661,8.31169,0.0,0.0,0.0,0.0,-0.778279,0.241077,-0.57957,0.016187
825236.0,0.000812,-0.000988,-0.000829,47.477474,49.543766,-7.029054,0.031988,0.078819,0.415353,-1.880852,8.309465,0.0,0.0,0.0,0.0,-0.778292,0.24108,-0.579551,0.016203
825337.0,0.000201,-0.001294,-0.000218,47.476093,49.538929,-7.005805,0.02527,0.060175,0.389611,-1.876666,8.310264,0.0,0.0,0.0,0.0,-0.778321,0.241043,-0.579526,0.016256
825438.0,0.000507,-0.001294,-0.000218,47.482189,49.551346,-6.962852,0.028559,0.066047,0.393041,-1.877373,8.311171,0.0,0.0,0.0,0.0,-0.778362,0.241057,-0.579466,0.016268
825539.0,0.002034,0.000234,-0.001134,47.48864,49.553375,-6.927383,0.031268,0.062533,0.389785,-1.876122,8.312123,0.0,0.0,0.0,0.0,-0.778374,0.241034,-0.579457,0.016306
825640.0,0.000812,0.00115,-0.000218,47.494705,49.56424,-6.880157,0.033482,0.065997,0.395834,-1.877518,8.30885,0.0,0.0,0.0,0.0,-0.778395,0.240993,-0.579445,0.016353
825741.0,0.000201,0.000845,-0.000523,47.500561,49.564915,-6.842919,0.035404,0.061336,0.393675,-1.872373,8.302747,0.0,0.0,0.0,0.0,-0.778402,0.240959,-0.579448,0.01638
825842.0,-0.000715,0.001455,0.000393,47.5009,49.575344,-6.798225,0.032852,0.0647,0.397622,-1.875742,8.311202,0.0,0.0,0.0,0.0,-0.778413,0.240952,-0.579436,0.016413
825943.0,-0.001631,-0.001294,-0.000523,47.511654,49.586727,-6.750281,0.038858,0.068624,0.403853,-1.87649,8.314671,0.0,0.0,0.0,0.0,-0.778411,0.240973,-0.57943,0.016419
826044.0,0.001423,0.001455,-0.000218,47.512463,49.587395,-6.706894,0.036274,0.063451,0.405821,-1.875129,8.312674,0.0,0.0,0.0,0.0,-0.778425,0.240928,-0.579429,0.016446
826146.0,-0.002242,-0.000683,-0.000523,47.52322,49.597813,-6.664574,0.04217,0.066784,0.406891,-1.876425,8.310955,0.0,0.0,0.0,0.0,-0.778429,0.240907,-0.579433,0.016436
826246.0,0.000201,-0.000683,8.8e-05,47.524261,49.598797,-6.620207,0.039479,0.061967,0.40962,-1.877036,8.308612,0.0,0.0,0.0,0.0,-0.778457,0.240882,-0.579405,0.01645
826347.0,-0.002242,-7.2e-05,-0.000829,47.528137,49.60701,-6.586319,0.039369,0.064177,0.401807,-1.875044,8.310418,0.0,0.0,0.0,0.0,-0.778468,0.240881,-0.579391,0.016451
826447.0,0.001118,0.000845,-0.001134,47.534695,49.609295,-6.547118,0.041616,0.060667,0.401008,-1.873353,8.309118,0.0,0.0,0.0,0.0,-0.778482,0.240872,-0.579375,0.01647
826547.0,0.000812,0.000234,8.8e-05,47.5355,49.620178,-6.502073,0.03879,0.064649,0.404899,-1.86533,8.310653,0.0,0.0,0.0,0.0,-0.778482,0.240871,-0.579375,0.016465
826649.0,-0.001631,-7.2e-05,8.8e-05,47.54073,49.631706,-6.454785,0.039855,0.068675,0.410012,-1.869672,8.313502,0.0,0.0,0.0,0.0,-0.778477,0.240848,-0.579391,0.016509
826750.0,-0.000715,0.000539,8.8e-05,47.540958,49.632351,-6.409791,0.03675,0.063514,0.412746,-1.874163,8.313307,0.0,0.0,0.0,0.0,-0.778482,0.240825,-0.579393,0.016535
826851.0,0.000812,0.000845,-0.000523,47.546204,49.642792,-6.364571,0.038015,0.066833,0.415604,-1.86825,8.309303,0.0,0.0,0.0,0.0,-0.778495,0.240828,-0.579374,0.01653
826952.0,0.001118,-0.000988,0.000393,47.552181,49.654629,-6.319566,0.03979,0.071051,0.41809,-1.872273,8.314225,0.0,0.0,0.0,0.0,-0.778503,0.240806,-0.579372,0.016539
827053.0,0.001728,-0.000377,0.000393,47.552456,49.666222,-6.27246,0.036656,0.074716,0.422009,-1.871057,8.317056,0.0,0.0,0.0,0.0,-0.778521,0.240794,-0.579353,0.016533
827154.0,0.000812,0.002066,-0.000829,47.557705,49.677685,-6.230464,0.037968,0.078014,0.421499,-1.875432,8.314675,0.0,0.0,0.0,0.0,-0.77852,0.240797,-0.579353,0.01655
827255.0,0.001423,0.000539,8.8e-05,47.557907,49.689125,-6.185016,0.03491,0.081033,0.42398,-1.869495,8.315281,0.0,0.0,0.0,0.0,-0.778533,0.240761,-0.579349,0.01658
827358.0,0.001728,0.000234,-0.000523,47.560295,49.693886,-6.166521,0.0333,0.076232,0.391818,-1.868413,8.316222,0.0,0.0,0.0,0.0,-0.778547,0.240699,-0.579354,0.016644
827459.0,0.000812,-0.000377,8.8e-05,47.56028,49.70372,-6.119266,0.030443,0.077631,0.40058,-1.866356,8.309291,0.0,0.0,0.0,0.0,-0.778555,0.240703,-0.579341,0.016656
827560.0,-0.000715,0.002066,0.001004,47.560265,49.704838,-6.085498,0.027965,0.072235,0.395234,-1.871753,8.311957,0.0,0.0,0.0,0.0,-0.778548,0.240716,-0.579346,0.016655
827661.0,0.000507,-0.000377,8.8e-05,47.560238,49.714993,-6.051644,0.025625,0.074598,0.390285,-1.867706,8.318458,0.0,0.0,0.0,0.0,-0.778559,0.240678,-0.579346,0.016656
827762.0,-0.00041,-0.000988,-0.00144,47.565327,49.715954,-6.018595,0.027744,0.069052,0.385043,-1.866848,8.307969,0.0,0.0,0.0,0.0,-0.778589,0.240659,-0.579314,0.016684
827863.0,-0.001937,0.00115,0.000699,47.565819,49.726093,-5.984039,0.025753,0.071787,0.381375,-1.861807,8.316609,0.0,0.0,0.0,0.0,-0.778599,0.240679,-0.579292,0.01668
827964.0,0.000201,-0.001294,-0.000523,47.565845,49.727058,-5.951619,0.023481,0.066247,0.375996,-1.871568,8.314668,0.0,0.0,0.0,0.0,-0.778624,0.240658,-0.579267,0.016695
828065.0,-0.00102,-0.000683,-0.000523,47.565826,49.737202,-5.921277,0.021348,0.069309,0.369185,-1.870413,8.313908,0.0,0.0,0.0,0.0,-0.778635,0.240663,-0.579249,0.016702
828166.0,0.000201,0.000539,-0.000218,47.571045,49.748676,-5.881237,0.024083,0.073304,0.371578,-1.869681,8.312163,0.0,0.0,0.0,0.0,-0.778631,0.240666,-0.579254,0.016707
828267.0,0.001423,-7.2e-05,0.000393,47.571556,49.749756,-5.841976,0.022364,0.067628,0.373194,-1.864936,8.311264,0.0,0.0,0.0,0.0,-0.778652,0.240656,-0.579229,0.016728
828373.0,-0.000715,-0.000377,0.000393,47.571404,49.756626,-5.816511,0.021976,0.074232,0.394899,-1.866729,8.309931,0.0,0.0,0.0,0.0,-0.778652,0.240658,-0.579228,0.016724
828476.0,-0.00041,0.000539,-0.000523,47.571712,49.761093,-5.779162,0.020042,0.071083,0.391601,-1.863921,8.320824,0.0,0.0,0.0,0.0,-0.778654,0.240638,-0.579233,0.016745
828577.0,-0.001326,-0.001294,8.8e-05,47.571777,49.771969,-5.728027,0.018271,0.074388,0.401899,-1.866164,8.314907,0.0,0.0,0.0,0.0,-0.778649,0.240619,-0.579247,0.01676
828679.0,-0.000715,-0.000988,-0.001134,47.576923,49.78318,-5.689063,0.021224,0.077688,0.400404,-1.866645,8.313195,0.0,0.0,0.0,0.0,-0.778661,0.240626,-0.579228,0.016779
828780.0,-0.00041,0.000539,8.8e-05,47.577381,49.784092,-5.650245,0.019704,0.071444,0.398975,-1.869497,8.317369,0.0,0.0,0.0,0.0,-0.778665,0.240645,-0.579214,0.016791
828880.0,-0.027593,0.00115,0.003753,47.582584,49.794285,-5.613023,0.022604,0.07414,0.396345,-1.893315,8.321353,0.0,0.0,0.0,0.0,-0.778607,0.240819,-0.579222,0.0167
828981.0,0.004172,-0.000377,-0.000829,47.588268,49.805435,-5.570125,0.025685,0.077451,0.398921,-1.84345,8.318962,0.0,0.0,0.0,0.0,-0.778592,0.240913,-0.579205,0.016634
829082.0,-0.005297,-7.2e-05,0.001004,47.593971,49.81662,-5.528851,0.028528,0.080525,0.399808,-1.866194,8.320955,0.0,0.0,0.0,0.0,-0.7786,0.24092,-0.579191,0.016658
829183.0,-0.001326,-0.001599,-0.000523,47.589443,49.818016,-5.493981,0.021774,0.074382,0.394831,-1.866645,8.313613,0.0,0.0,0.0,0.0,-0.778608,0.2409,-0.579187,0.016695
829285.0,0.000812,-7.2e-05,0.000393,47.599358,49.828262,-5.45324,0.028775,0.076854,0.395473,-1.864509,8.322923,0.0,0.0,0.0,0.0,-0.778609,0.240903,-0.579186,0.016686
829389.0,0.001118,-7.2e-05,8.8e-05,47.600056,49.838032,-5.412548,0.023689,0.080595,0.394017,-1.863133,8.324293,0.0,0.0,0.0,0.0,-0.778634,0.240896,-0.579153,0.016714
829491.0,-0.001631,-0.000988,0.000393,47.600342,49.840767,-5.386463,0.021789,0.075736,0.380484,-1.862549,8.313424,0.0,0.0,0.0,0.0,-0.77865,0.240898,-0.579131,0.016692
829592.0,-0.00041,-0.000988,0.000699,47.605473,49.851017,-5.345656,0.023991,0.077687,0.382282,-1.867686,8.313954,0.0,0.0,0.0,0.0,-0.778656,0.240927,-0.579111,0.016699
829693.0,0.001423,-0.000988,8.8e-05,47.605915,49.862133,-5.307234,0.02247,0.080221,0.382201,-1.866279,8.319307,0.0,0.0,0.0,0.0,-0.778678,0.240947,-0.579074,0.016686
829794.0,-0.001937,-0.000988,-0.000218,47.611118,49.862999,-5.270873,0.024806,0.074503,0.380475,-1.862458,8.314384,0.0,0.0,0.0,0.0,-0.778685,0.240954,-0.579062,0.016674
829895.0,0.000507,0.000539,8.8e-05,47.616825,49.873238,-5.23309,0.027411,0.076686,0.379835,-1.860421,8.308638,0.0,0.0,0.0,0.0,-0.77869,0.240972,-0.579048,0.016671
829996.0,-0.00102,0.000234,8.8e-05,47.622723,49.884834,-5.189826,0.029993,0.079879,0.383904,-1.868216,8.308319,0.0,0.0,0.0,0.0,-0.778691,0.240997,-0.579036,0.016665
830097.0,-0.000715,0.00115,-0.000829,47.623211,49.885719,-5.151628,0.027857,0.073836,0.383433,-1.865772,8.314193,0.0,0.0,0.0,0.0,-0.778712,0.241014,-0.579,0.016684
830198.0,-0.00102,-0.000683,8.8e-05,47.628437,49.895935,-5.110314,0.029915,0.076185,0.385575,-1.868505,8.310685,0.0,0.0,0.0,0.0,-0.778709,0.24107,-0.578982,0.016654
830299.0,-0.001937,0.000539,8.8e-05,47.634125,49.907104,-5.074258,0.032214,0.079191,0.383107,-1.872679,8.31716,0.0,0.0,0.0,0.0,-0.778701,0.241047,-0.579003,0.016629
830404.0,0.001423,0.000539,8.8e-05,47.634628,49.90807,-5.031951,0.028333,0.069289,0.385828,-1.867763,8.315334,0.0,0.0,0.0,0.0,-0.778709,0.241044,-0.578994,0.016636
830505.0,-0.00041,-0.000683,-0.00144,47.639874,49.918415,-4.996606,0.030444,0.072242,0.382498,-1.863667,8.319282,0.0,0.0,0.0,0.0,-0.778727,0.241047,-0.578967,0.016656
830606.0,0.000812,0.000234,0.000393,47.640308,49.929646,-4.955918,0.028301,0.075451,0.384226,-1.86614,8.319061,0.0,0.0,0.0,0.0,-0.778731,0.241016,-0.578975,0.016671
830707.0,-0.000715,0.000539,0.000699,47.645691,49.930927,-4.916206,0.030385,0.070267,0.385025,-1.860062,8.311749,0.0,0.0,0.0,0.0,-0.778711,0.241004,-0.579007,0.016677
830808.0,-0.000715,-0.000377,-0.000523,47.651272,49.940784,-4.880857,0.032478,0.072568,0.382042,-1.865698,8.314091,0.0,0.0,0.0,0.0,-0.778706,0.241034,-0.579,0.016665
830909.0,-0.000715,-0.001599,8.8e-05,47.651871,49.952374,-4.842159,0.030199,0.076163,0.382075,-1.864868,8.305315,0.0,0.0,0.0,0.0,-0.778718,0.241006,-0.578996,0.016685
831010.0,-0.000104,-0.00221,0.000393,47.657101,49.953186,-4.803231,0.032063,0.070282,0.382344,-1.867968,8.311245,0.0,0.0,0.0,0.0,-0.778734,0.240993,-0.578979,0.016694
831111.0,0.001423,-7.2e-05,-0.001134,47.657463,49.963451,-4.770303,0.029588,0.073022,0.377535,-1.865281,8.312643,0.0,0.0,0.0,0.0,-0.778733,0.24099,-0.578981,0.016706
831212.0,0.001423,-0.000988,-0.000523,47.662697,49.96413,-4.73332,0.031543,0.067186,0.376513,-1.872639,8.313747,0.0,0.0,0.0,0.0,-0.778742,0.240989,-0.57897,0.016713
831313.0,0.002034,-0.001904,-0.000829,47.668423,49.984985,-4.692065,0.033755,0.079485,0.37928,-1.87083,8.313307,0.0,0.0,0.0,0.0,-0.778748,0.240969,-0.578969,0.016735
831420.0,0.000507,-0.000988,-0.000523,47.667786,49.984211,-4.666014,0.026502,0.063642,0.356602,-1.867552,8.314492,0.0,0.0,0.0,0.0,-0.778802,0.240916,-0.578919,0.016738
831521.0,0.000201,0.000539,0.001309,47.668709,49.996349,-4.629449,0.024891,0.068841,0.357087,-1.863012,8.311523,0.0,0.0,0.0,0.0,-0.778818,0.240894,-0.578906,0.016765
831622.0,-0.000715,-0.000988,8.8e-05,47.674011,49.998119,-4.595641,0.026966,0.06496,0.3553,-1.863388,8.311482,0.0,0.0,0.0,0.0,-0.778829,0.240903,-0.578887,0.016759
831723.0,0.001118,-0.000988,-0.000829,47.674404,50.008492,-4.560215,0.025209,0.067839,0.354985,-1.866683,8.310847,0.0,0.0,0.0,0.0,-0.778821,0.240929,-0.578887,0.016782
831824.0,0.001118,-0.000683,-0.000523,47.679672,50.019772,-4.518302,0.027322,0.071279,0.359703,-1.863708,8.310056,0.0,0.0,0.0,0.0,-0.778828,0.240939,-0.578873,0.01679
831925.0,-0.00102,-0.001294,0.000393,47.680042,50.020504,-4.487198,0.025432,0.066148,0.355606,-1.867086,8.316057,0.0,0.0,0.0,0.0,-0.778843,0.240929,-0.578856,0.016794
832026.0,0.001118,-0.000683,-0.000218,47.685486,50.031258,-4.443306,0.027754,0.069435,0.362001,-1.86413,8.312024,0.0,0.0,0.0,0.0,-0.778849,0.240931,-0.578848,0.016791
832127.0,-0.00102,-7.2e-05,-0.000218,47.68589,50.042641,-4.409946,0.025772,0.073014,0.359312,-1.868479,8.308813,0.0,0.0,0.0,0.0,-0.778835,0.240938,-0.578865,0.016785
832228.0,-0.000715,-0.000377,-0.000523,47.691181,50.054024,-4.372791,0.028011,0.076362,0.36004,-1.871938,8.311479,0.0,0.0,0.0,0.0,-0.77883,0.240939,-0.578869,0.01678
832329.0,-0.001326,-0.000377,0.000393,47.696941,50.054665,-4.33409,0.030494,0.070394,0.361999,-1.870627,8.315007,0.0,0.0,0.0,0.0,-0.778853,0.240947,-0.578836,0.016781
832432.0,0.001728,0.000234,0.000699,47.70097,50.06102,-4.318408,0.031824,0.069116,0.33229,-1.869257,8.311667,0.0,0.0,0.0,0.0,-0.778868,0.240857,-0.578852,0.016807
832533.0,-0.000715,-7.2e-05,-0.000523,47.703327,50.065899,-4.279536,0.031016,0.067124,0.337559,-1.86199,8.314753,0.0,0.0,0.0,0.0,-0.778871,0.240862,-0.578846,0.016832
832634.0,0.000812,-0.001294,-0.000523,47.703243,50.076294,-4.25805,0.028609,0.069817,0.327781,-1.864367,8.312381,0.0,0.0,0.0,0.0,-0.778876,0.240845,-0.578845,0.016848
832735.0,0.000201,0.000234,8.8e-05,47.708447,50.076916,-4.222227,0.030352,0.064976,0.329764,-1.86379,8.310917,0.0,0.0,0.0,0.0,-0.778888,0.240841,-0.578831,0.016836
832836.0,0.002034,0.000539,0.000393,47.708794,50.087273,-4.179241,0.028251,0.067909,0.33724,-1.864899,8.311071,0.0,0.0,0.0,0.0,-0.778902,0.24082,-0.57882,0.016878
832937.0,0.002034,-7.2e-05,-0.000523,47.714066,50.098602,-4.153855,0.030163,0.071445,0.330488,-1.868731,8.307654,0.0,0.0,0.0,0.0,-0.778914,0.240825,-0.578802,0.016882
833038.0,-0.00102,-0.000988,0.000699,47.719833,50.099258,-4.115438,0.032351,0.066137,0.334464,-1.86656,8.31058,0.0,0.0,0.0,0.0,-0.778925,0.240829,-0.578786,0.016863
833139.0,-0.001937,0.000845,0.000393,47.725842,50.110062,-4.071716,0.034585,0.069488,0.342419,-1.861511,8.310064,0.0,0.0,0.0,0.0,-0.778918,0.240847,-0.578787,0.016858
833241.0,-0.000104,-0.000377,8.8e-05,47.731686,50.121479,-4.04009,0.036529,0.073124,0.339982,-1.868886,8.315992,0.0,0.0,0.0,0.0,-0.778903,0.240871,-0.578797,0.016869
833341.0,-0.00041,0.000234,0.001004,47.732006,50.122051,-3.998001,0.033706,0.067447,0.346475,-1.868964,8.313725,0.0,0.0,0.0,0.0,-0.778898,0.240902,-0.578793,0.016824
833446.0,-0.00102,0.000845,-0.000218,47.736519,50.130978,-3.970647,0.034775,0.069473,0.336801,-1.868034,8.31248,0.0,0.0,0.0,0.0,-0.778902,0.240895,-0.57879,0.016821
833548.0,0.001423,-0.000683,8.8e-05,47.74308,50.143986,-3.930063,0.037377,0.074566,0.342459,-1.868869,8.312332,0.0,0.0,0.0,0.0,-0.778906,0.24091,-0.578779,0.016822
833649.0,0.001118,-0.001294,0.000699,47.743584,50.144951,-3.898706,0.034748,0.069286,0.339791,-1.867282,8.311391,0.0,0.0,0.0,0.0,-0.778899,0.240893,-0.578795,0.016816
833749.0,0.001728,0.000845,0.001309,47.748837,50.155315,-3.858573,0.036177,0.07205,0.344623,-1.870071,8.313282,0.0,0.0,0.0,0.0,-0.778908,0.240893,-0.578784,0.016807
833851.0,-0.001937,-0.000683,8.8e-05,47.754608,50.155861,-3.827468,0.037986,0.066297,0.341459,-1.86515,8.306818,0.0,0.0,0.0,0.0,-0.778896,0.240933,-0.578784,0.016787
833952.0,-0.001326,-0.000683,-0.000218,47.760403,50.166225,-3.792439,0.039607,0.069339,0.341887,-1.870698,8.310442,0.0,0.0,0.0,0.0,-0.778904,0.240958,-0.578763,0.016779
834053.0,0.001118,-0.000377,-0.000523,47.766457,50.178078,-3.757134,0.04129,0.073333,0.342498,-1.869353,8.307616,0.0,0.0,0.0,0.0,-0.778894,0.240969,-0.578771,0.016801
834153.0,-0.00041,0.000845,-0.000829,47.772251,50.178646,-3.722117,0.042651,0.067654,0.342931,-1.868074,8.313883,0.0,0.0,0.0,0.0,-0.778889,0.241014,-0.578759,0.016783
834254.0,-0.003158,-0.000683,-0.001134,47.772461,50.200062,-3.684351,0.039229,0.079872,0.345547,-1.872337,8.31099,0.0,0.0,0.0,0.0,-0.778905,0.241045,-0.578726,0.016756
834355.0,-0.001326,0.000539,8.8e-05,47.777683,50.201473,-3.65163,0.040314,0.074303,0.343905,-1.868275,8.31403,0.0,0.0,0.0,0.0,-0.778902,0.241058,-0.578724,0.016766
834459.0,-0.002242,-0.000683,8.8e-05,47.783215,50.207783,-3.634633,0.041795,0.071106,0.318898,-1.86592,8.308178,0.0,0.0,0.0,0.0,-0.778918,0.241044,-0.578708,0.016766
834560.0,-0.002242,-0.000683,-0.000218,47.790623,50.216103,-3.594826,0.044369,0.072013,0.325225,-1.87239,8.310149,0.0,0.0,0.0,0.0,-0.778916,0.241067,-0.578701,0.016773
834661.0,-0.001326,0.000234,-0.00144,47.791344,50.216885,-3.560371,0.041357,0.0668,0.326551,-1.870442,8.313846,0.0,0.0,0.0,0.0,-0.778929,0.241084,-0.578677,0.016758
834762.0,-0.001326,-0.000683,-0.000218,47.795513,50.223602,-3.527558,0.041357,0.0668,0.326551,-1.863846,8.31611,0.0,0.0,0.0,0.0,-0.778936,0.241076,-0.578671,0.01676
834863.0,-0.001326,0.000539,-0.000218,47.802055,50.227966,-3.50041,0.043278,0.064544,0.321867,-1.873116,8.311821,0.0,0.0,0.0,0.0,-0.778936,0.241097,-0.578662,0.016745
834964.0,-0.002242,-0.000988,-0.000218,47.807728,50.238117,-3.457373,0.044403,0.067677,0.330887,-1.880321,8.311348,0.0,0.0,0.0,0.0,-0.778945,0.24112,-0.578641,0.016746
835065.0,0.003866,0.00115,-0.000523,47.813644,50.249592,-3.424653,0.045636,0.071716,0.330236,-1.871572,8.309943,0.0,0.0,0.0,0.0,-0.778929,0.241146,-0.578652,0.016724
835166.0,-0.00102,-0.000988,-0.000523,47.819328,50.250671,-3.390113,0.046584,0.066284,0.331299,-1.875301,8.31477,0.0,0.0,0.0,0.0,-0.778942,0.241082,-0.57866,0.016777
835267.0,0.000812,-0.000683,-0.000218,47.824978,50.260845,-3.358473,0.047431,0.069407,0.329765,-1.864043,8.312675,0.0,0.0,0.0,0.0,-0.778944,0.241099,-0.578651,0.016768
835367.0,-0.001326,-0.001294,8.8e-05,47.825199,50.27153,-3.323398,0.043329,0.072749,0.331449,-1.868493,8.309328,0.0,0.0,0.0,0.0,-0.778967,0.24108,-0.578628,0.016772
835469.0,-0.001937,0.000234,8.8e-05,47.835381,50.282848,-3.291295,0.051539,0.078333,0.329384,-1.87433,8.313229,0.0,0.0,0.0,0.0,-0.778957,0.241099,-0.578634,0.016734
835570.0,-0.00041,-0.00221,-0.000218,47.842171,50.284595,-3.251332,0.052947,0.072841,0.335534,-1.866281,8.314888,0.0,0.0,0.0,0.0,-0.778953,0.24109,-0.578642,0.016753
835671.0,0.000812,-0.000683,-0.000218,47.842766,50.294815,-3.221822,0.048889,0.075276,0.331747,-1.868335,8.313437,0.0,0.0,0.0,0.0,-0.778935,0.241096,-0.578665,0.016734
835772.0,0.000507,-0.000377,-0.001745,47.847908,50.30592,-3.178807,0.049064,0.078295,0.339918,-1.8696,8.307994,0.0,0.0,0.0,0.0,-0.778931,0.241098,-0.57867,0.016737
835873.0,0.000812,-0.000377,-0.000523,47.853512,50.3069,-3.145437,0.049626,0.072258,0.339087,-1.870251,8.307345,0.0,0.0,0.0,0.0,-0.778942,0.241077,-0.578662,0.016767
835974.0,-0.000715,0.002983,-0.000523,47.859142,50.317062,-3.11,0.050176,0.074803,0.340157,-1.869481,8.311172,0.0,0.0,0.0,0.0,-0.778941,0.241092,-0.578658,0.016773
836075.0,0.001118,0.000845,-0.001134,47.86478,50.328156,-3.065016,0.050689,0.07797,0.349611,-1.879402,8.305644,0.0,0.0,0.0,0.0,-0.778914,0.241104,-0.578688,0.016787
836175.0,-0.000715,0.000539,0.000393,47.870422,50.339344,-3.028864,0.051164,0.080959,0.350424,-1.871462,8.305798,0.0,0.0,0.0,0.0,-0.778903,0.241096,-0.578705,0.01681
836276.0,-0.00041,-0.000377,0.000699,47.876064,50.340313,-2.991165,0.051605,0.074443,0.35254,-1.859418,8.310313,0.0,0.0,0.0,0.0,-0.778901,0.241099,-0.578707,0.016823
836377.0,0.000507,-7.2e-05,-0.000523,47.876247,50.350067,-2.94747,0.047033,0.076498,0.359903,-1.870141,8.303397,0.0,0.0,0.0,0.0,-0.778911,0.241099,-0.578694,0.016815
836484.0,0.002645,-7.2e-05,-0.000218,47.881435,50.360775,-2.914263,0.047543,0.08417,0.347785,-1.870214,8.306656,0.0,0.0,0.0,0.0,-0.778947,0.240996,-0.578686,0.016905
836585.0,-0.000715,0.001761,-0.000829,47.887783,50.363602,-2.889761,0.048944,0.079027,0.337113,-1.863531,8.310125,0.0,0.0,0.0,0.0,-0.778957,0.240987,-0.578676,0.016911
836685.0,-0.000104,-7.2e-05,-0.000218,47.888325,50.373833,-2.850702,0.045753,0.080671,0.341129,-1.869133,8.314855,0.0,0.0,0.0,0.0,-0.778969,0.240973,-0.578664,0.016939
836786.0,-0.000104,-0.000988,-0.001134,47.893467,50.384953,-2.821506,0.046142,0.082879,0.337098,-1.8663,8.313087,0.0,0.0,0.0,0.0,-0.77897,0.240983,-0.578659,0.016941
836887.0,-0.003769,0.000234,-0.000218,47.893871,50.385868,-2.780951,0.04288,0.077151,0.342252,-1.870142,8.314624,0.0,0.0,0.0,0.0,-0.778977,0.241009,-0.578639,0.016913
836988.0,0.001118,-0.001294,0.001004,47.898998,50.396038,-2.743238,0.043524,0.079044,0.344831,-1.871198,8.314031,0.0,0.0,0.0,0.0,-0.779006,0.240993,-0.578607,0.016913
837089.0,0.000201,-7.2e-05,0.001309,47.904625,50.407162,-2.70765,0.04453,0.081614,0.34548,-1.870389,8.312179,0.0,0.0,0.0,0.0,-0.77901,0.240987,-0.578605,0.016887
837190.0,0.002034,0.001455,0.000393,47.905067,50.418373,-2.668374,0.041147,0.0841,0.349204,-1.864471,8.309439,0.0,0.0,0.0,0.0,-0.779004,0.240984,-0.578614,0.016885
837291.0,-0.001326,0.001455,-0.00144,47.910461,50.430088,-2.619853,0.042205,0.086835,0.360493,-1.871929,8.308709,0.0,0.0,0.0,0.0,-0.778996,0.241,-0.578619,0.01685
837392.0,-0.000104,-0.001599,-0.000218,47.915882,50.430485,-2.584846,0.043203,0.079634,0.359337,-1.871829,8.310601,0.0,0.0,0.0,0.0,-0.779,0.240986,-0.57862,0.016856
837496.0,-0.000104,0.000234,0.000393,47.921951,50.451347,-2.548311,0.045435,0.09767,0.357871,-1.857172,8.307961,0.0,0.0,0.0,0.0,-0.778983,0.240984,-0.578643,0.016875
837597.0,-0.000104,-7.2e-05,-0.000523,47.927792,50.454105,-2.509228,0.046495,0.091622,0.360441,-1.863373,8.3097,0.0,0.0,0.0,0.0,-0.77898,0.240986,-0.578646,0.01689
837698.0,-0.000715,0.000539,-0.000829,47.928192,50.464428,-2.470194,0.043007,0.092522,0.362704,-1.86331,8.308719,0.0,0.0,0.0,0.0,-0.778969,0.241007,-0.578652,0.016883
837799.0,0.001423,0.000234,-0.001134,47.933357,50.475559,-2.43865,0.04369,0.094005,0.358529,-1.872312,8.304447,0.0,0.0,0.0,0.0,-0.778967,0.241027,-0.578644,0.016922
837900.0,0.001423,-7.2e-05,8.8e-05,47.938972,50.486732,-2.395212,0.044718,0.095425,0.364666,-1.866127,8.308012,0.0,0.0,0.0,0.0,-0.778961,0.241025,-0.578654,0.016918
838001.0,-0.000104,0.000845,8.8e-05,47.944923,50.498501,-2.349025,0.045937,0.097234,0.372553,-1.872736,8.308476,0.0,0.0,0.0,0.0,-0.778974,0.241015,-0.578641,0.016909
838102.0,0.000507,0.001455,0.000699,47.950642,50.509769,-2.3144,0.046872,0.0985,0.370089,-1.873529,8.310081,0.0,0.0,0.0,0.0,-0.778978,0.241006,-0.578639,0.016929
838202.0,-0.000104,0.001455,8.8e-05,47.956326,50.510456,-2.279606,0.047696,0.09048,0.367926,-1.875319,8.309875,0.0,0.0,0.0,0.0,-0.779,0.240994,-0.578615,0.016922
838303.0,-0.000715,-0.000377,0.000699,47.95668,50.531116,-2.229485,0.043793,0.100573,0.379201,-1.86973,8.308367,0.0,0.0,0.0,0.0,-0.778987,0.241022,-0.57862,0.016913
838404.0,0.000507,0.00115,-0.000523,47.966908,50.532181,-2.19526,0.048901,0.092578,0.375687,-1.875006,8.306055,0.0,0.0,0.0,0.0,-0.778988,0.241022,-0.57862,0.016895
838505.0,0.000812,0.002066,-0.000829,47.965935,50.537991,-2.175026,0.047492,0.097387,0.391551,-1.874913,8.308213,0.0,0.0,0.0,0.0,-0.778983,0.241022,-0.578627,0.016903
838608.0,-0.000104,-0.000377,8.8e-05,47.968021,50.543777,-2.133526,0.044859,0.093404,0.392668,-1.874221,8.308194,0.0,0.0,0.0,0.0,-0.778983,0.241029,-0.578624,0.016892
838709.0,-0.000715,0.000234,0.001309,47.973419,50.554714,-2.091966,0.045628,0.094725,0.394322,-1.873233,8.310518,0.0,0.0,0.0,0.0,-0.778981,0.241054,-0.578617,0.016876
838810.0,0.000201,0.000234,-0.000218,47.973732,50.565884,-2.047436,0.04184,0.096147,0.398486,-1.872362,8.312513,0.0,0.0,0.0,0.0,-0.778992,0.241034,-0.57861,0.016894
838910.0,0.000201,-7.2e-05,8.8e-05,47.978901,50.577095,-2.015084,0.042684,0.097481,0.391646,-1.879291,8.31245,0.0,0.0,0.0,0.0,-0.779003,0.241027,-0.578598,0.016892
839011.0,-0.001631,0.000539,-0.001134,47.989891,50.58828,-1.972378,0.048623,0.098695,0.394527,-1.867164,8.313273,0.0,0.0,0.0,0.0,-0.779011,0.241035,-0.578584,0.016892
839112.0,-0.000715,-7.2e-05,8.8e-05,47.990768,50.588917,-1.938616,0.045025,0.09038,0.389158,-1.869333,8.314013,0.0,0.0,0.0,0.0,-0.779004,0.240999,-0.578608,0.016918
839213.0,-0.001631,-0.000377,8.8e-05,47.99596,50.599072,-1.899881,0.045607,0.091298,0.388689,-1.871988,8.306567,0.0,0.0,0.0,0.0,-0.779007,0.240994,-0.578604,0.01695
839314.0,-0.00102,-0.000988,-0.000218,48.006966,50.610207,-1.868622,0.051317,0.093016,0.381655,-1.86889,8.307379,0.0,0.0,0.0,0.0,-0.779034,0.240992,-0.578569,0.016948
839415.0,-0.000104,-0.000988,-0.000218,48.002472,50.621456,-1.82593,0.042696,0.094684,0.385394,-1.87335,8.312982,0.0,0.0,0.0,0.0,-0.77904,0.240979,-0.578566,0.016961
839520.0,-0.000104,0.000845,0.001309,48.012466,50.63282,-1.789419,0.050149,0.096507,0.379972,-1.87452,8.309054,0.0,0.0,0.0,0.0,-0.779038,0.240982,-0.578568,0.016894
839621.0,-0.000715,-0.000683,-0.000218,48.013977,50.634468,-1.75157,0.047028,0.089403,0.379538,-1.873642,8.312232,0.0,0.0,0.0,0.0,-0.779038,0.240992,-0.578564,0.016901
839722.0,0.002034,0.000845,-0.000523,48.019188,50.644672,-1.723139,0.047419,0.090376,0.371329,-1.87209,8.308062,0.0,0.0,0.0,0.0,-0.779027,0.241006,-0.578574,0.01691
839823.0,-0.001326,-0.001599,-0.000218,48.02483,50.645157,-1.690508,0.048139,0.083197,0.367354,-1.875924,8.308187,0.0,0.0,0.0,0.0,-0.779049,0.241003,-0.578543,0.016942
839924.0,-0.00041,-0.000988,-0.000218,48.025116,50.655396,-1.655176,0.044296,0.084733,0.365873,-1.878871,8.305066,0.0,0.0,0.0,0.0,-0.779058,0.240984,-0.578539,0.016956
840025.0,-0.001937,0.000539,0.000393,48.030571,50.667103,-1.621647,0.045121,0.087404,0.363043,-1.870693,8.312685,0.0,0.0,0.0,0.0,-0.779054,0.24101,-0.578534,0.016951
840126.0,-0.001631,-0.000377,-0.000523,48.036236,50.667709,-1.590665,0.046081,0.080406,0.358343,-1.866665,8.308852,0.0,0.0,0.0,0.0,-0.779045,0.241055,-0.578529,0.016916
840227.0,-0.003158,0.000539,-0.000523,48.041958,50.677998,-1.550396,0.04699,0.082261,0.361819,-1.879449,8.310515,0.0,0.0,0.0,0.0,-0.779057,0.24105,-0.578515,0.016907
840327.0,-0.001631,-0.000377,-0.001745,48.047642,50.68922,-1.50751,0.047806,0.084786,0.367286,-1.871761,8.309727,0.0,0.0,0.0,0.0,-0.779062,0.241059,-0.578505,0.016904
840428.0,0.000812,-0.000377,8.8e-05,48.047607,50.70002,-1.472215,0.043589,0.086741,0.365798,-1.866795,8.308373,0.0,0.0,0.0,0.0,-0.779067,0.24105,-0.578501,0.016912
840530.0,0.000812,-0.000683,-0.000218,48.049873,50.705376,-1.455886,0.04535,0.091051,0.37781,-1.872802,8.307014,0.0,0.0,0.0,0.0,-0.77907,0.241048,-0.578499,0.016915
840633.0,-0.001326,-0.000988,-0.000523,48.05825,50.713139,-1.407705,0.048963,0.08947,0.386532,-1.868747,8.312785,0.0,0.0,0.0,0.0,-0.779092,0.241059,-0.578463,0.016914
840734.0,-0.000715,-0.001294,-0.000218,48.06496,50.723705,-1.36157,0.050512,0.090819,0.392734,-1.872194,8.310841,0.0,0.0,0.0,0.0,-0.779089,0.241065,-0.578464,0.016935
840834.0,-0.00102,0.000234,0.000699,48.070728,50.73489,-1.315152,0.051106,0.092591,0.398621,-1.873142,8.306526,0.0,0.0,0.0,0.0,-0.77909,0.241064,-0.578464,0.016919
840935.0,-0.000715,-0.000377,0.001004,48.070934,50.746166,-1.275651,0.046819,0.094269,0.398015,-1.879715,8.30465,0.0,0.0,0.0,0.0,-0.779073,0.241076,-0.578482,0.01692
841036.0,-0.00102,-7.2e-05,0.001004,48.076103,50.757416,-1.241861,0.047212,0.095794,0.392564,-1.87104,8.31059,0.0,0.0,0.0,0.0,-0.779065,0.241096,-0.578485,0.016899
841137.0,-0.000715,0.001455,8.8e-05,48.081764,50.757893,-1.203846,0.047989,0.08777,0.391134,-1.878494,8.309145,0.0,0.0,0.0,0.0,-0.779073,0.241104,-0.578471,0.016893
841238.0,-0.001326,-0.001904,0.000393,48.087761,50.768646,-1.16032,0.048991,0.089433,0.394658,-1.867089,8.308738,0.0,0.0,0.0,0.0,-0.779082,0.241138,-0.578445,0.016885
841339.0,-0.000104,-0.001294,0.000393,48.087944,50.779869,-1.118865,0.044866,0.091376,0.396148,-1.875685,8.306522,0.0,0.0,0.0,0.0,-0.779087,0.241146,-0.578436,0.016875
841440.0,-0.000104,-0.000377,-0.000523,48.092896,50.790661,-1.077851,0.045216,0.09272,0.39692,-1.876722,8.30287,0.0,0.0,0.0,0.0,-0.77908,0.241157,-0.578441,0.016864
841542.0,-0.00102,-0.001904,-0.000218,48.097252,50.788662,-1.056018,0.044906,0.078549,0.37499,-1.873618,8.307506,0.0,0.0,0.0,0.0,-0.779069,0.241142,-0.578462,0.016841
841643.0,0.000507,-0.000683,0.000699,48.104279,50.801064,-1.011371,0.047106,0.082494,0.381086,-1.878677,8.308246,0.0,0.0,0.0,0.0,-0.779064,0.241161,-0.578461,0.016821
841744.0,-0.001631,-0.001904,-0.000829,48.110218,50.812717,-0.967307,0.048082,0.085216,0.38573,-1.876408,8.30842,0.0,0.0,0.0,0.0,-0.779067,0.241182,-0.578448,0.016828
841845.0,-0.001326,0.00115,-0.000523,48.115955,50.8241,-0.934234,0.048798,0.087483,0.380939,-1.873829,8.305647,0.0,0.0,0.0,0.0,-0.779071,0.241217,-0.578429,0.016818
841945.0,0.000812,0.000539,-0.000218,48.121941,50.835938,-0.887377,0.049677,0.089985,0.387878,-1.876244,8.307747,0.0,0.0,0.0,0.0,-0.77907,0.2412,-0.578437,0.01683
842047.0,-0.00041,-0.000683,0.000393,48.122173,50.847363,-0.84746,0.04569,0.091914,0.388425,-1.874433,8.311045,0.0,0.0,0.0,0.0,-0.779081,0.241198,-0.578424,0.016818
842148.0,0.002034,0.000234,-0.000829,48.127323,50.847752,-0.815378,0.046156,0.084482,0.382545,-1.880018,8.302852,0.0,0.0,0.0,0.0,-0.779085,0.241209,-0.578413,0.016809
842248.0,0.000201,-0.000377,-0.000523,48.133018,50.858051,-0.767085,0.047023,0.085967,0.390618,-1.878815,8.305875,0.0,0.0,0.0,0.0,-0.779089,0.2412,-0.578412,0.016822
842556.0,0.001118,-0.000377,8.8e-05,48.140202,50.883884,-0.68262,0.044698,0.092482,0.393455,-1.873396,8.305837,0.0,0.0,0.0,0.0,-0.779098,0.241209,-0.578395,0.016842
842659.0,0.00295,0.000234,0.001004,48.15123,50.905781,-0.619406,0.050924,0.104492,0.414537,-1.879759,8.30992,0.0,0.0,0.0,0.0,-0.779093,0.241197,-0.578407,0.016846
842759.0,0.000507,-0.001904,8.8e-05,48.152,50.917419,-0.581205,0.046898,0.105527,0.411276,-1.876975,8.306125,0.0,0.0,0.0,0.0,-0.779112,0.241208,-0.578377,0.01684
842861.0,-0.00041,-0.000377,-0.000829,48.157154,50.918503,-0.543201,0.047284,0.096597,0.407968,-1.876751,8.309254,0.0,0.0,0.0,0.0,-0.779116,0.241257,-0.578352,0.016804
842961.0,-0.00041,-0.001294,-0.000218,48.157627,50.928627,-0.497924,0.0433,0.096958,0.411794,-1.882471,8.305852,0.0,0.0,0.0,0.0,-0.779133,0.241227,-0.578341,0.016825
843062.0,-0.002242,-0.000377,8.8e-05,48.162754,50.949783,-0.452807,0.044007,0.107568,0.415142,-1.877979,8.310271,0.0,0.0,0.0,0.0,-0.779125,0.241252,-0.578341,0.016804
843163.0,0.000201,0.00115,0.001309,48.168346,50.95182,-0.413443,0.045088,0.099336,0.412824,-1.880445,8.309544,0.0,0.0,0.0,0.0,-0.779113,0.241262,-0.578354,0.016794
843264.0,0.003866,0.000539,-0.000523,48.173988,50.962044,-0.374406,0.046101,0.099512,0.410345,-1.876326,8.305967,0.0,0.0,0.0,0.0,-0.779136,0.241214,-0.578343,0.016823
843364.0,-0.000104,-0.000683,-0.000523,48.174511,50.973087,-0.329765,0.042277,0.100502,0.413526,-1.871406,8.306602,0.0,0.0,0.0,0.0,-0.779147,0.241198,-0.578334,0.016833
843466.0,0.000507,0.000234,0.001004,48.179897,50.984825,-0.284153,0.043316,0.101952,0.416961,-1.875328,8.303442,0.0,0.0,0.0,0.0,-0.779162,0.241205,-0.578312,0.016805
843571.0,0.001728,-0.000377,-0.000829,48.181282,50.996597,-0.244649,0.033921,0.104921,0.406584,-1.874957,8.310609,0.0,0.0,0.0,0.0,-0.779182,0.24118,-0.578292,0.016893
843673.0,-0.00041,0.000539,-0.000218,48.185513,51.007263,-0.215007,0.034628,0.104953,0.395331,-1.874073,8.308535,0.0,0.0,0.0,0.0,-0.779179,0.241171,-0.5783,0.016911
843774.0,0.001728,0.000845,-0.000523,48.186092,51.008804,-0.179947,0.03241,0.098065,0.391401,-1.8764,8.303802,0.0,0.0,0.0,0.0,-0.779181,0.241135,-0.578311,0.016945
843874.0,0.000201,-0.000988,0.000393,48.191235,51.018925,-0.138532,0.033857,0.098244,0.39296,-1.874905,8.306726,0.0,0.0,0.0,0.0,-0.779196,0.241107,-0.578303,0.016958
843975.0,0.000201,0.000234,-0.000218,48.191696,51.04018,-0.090801,0.031493,0.107304,0.399525,-1.87713,8.307878,0.0,0.0,0.0,0.0,-0.779199,0.241119,-0.578294,0.016968
844076.0,0.000812,-0.000988,-0.000523,48.196854,51.052345,-0.045944,0.033111,0.108397,0.403282,-1.876564,8.307675,0.0,0.0,0.0,0.0,-0.779216,0.241108,-0.578274,0.016989
844177.0,-0.00041,-0.00221,-0.000218,48.197506,51.064201,0.004448,0.030853,0.109173,0.411507,-1.878193,8.306775,0.0,0.0,0.0,0.0,-0.779224,0.241122,-0.578257,0.016991
844278.0,-0.001937,0.000539,-0.000523,48.197483,51.07542,0.049099,0.028186,0.109344,0.414193,-1.876028,8.310211,0.0,0.0,0.0,0.0,-0.779223,0.241129,-0.578255,0.017013
844379.0,-0.00041,0.000539,8.8e-05,48.19725,51.096218,0.092867,0.025524,0.117795,0.415908,-1.872803,8.308931,0.0,0.0,0.0,0.0,-0.779222,0.241126,-0.578257,0.017033
844480.0,-0.003158,-7.2e-05,0.001004,48.197334,51.108898,0.142987,0.023334,0.118506,0.423099,-1.877475,8.308503,0.0,0.0,0.0,0.0,-0.779218,0.241119,-0.578264,0.017044
844584.0,-0.00102,0.000539,8.8e-05,48.197369,51.130119,0.187694,0.020069,0.130561,0.423772,-1.874417,8.309237,0.0,0.0,0.0,0.0,-0.779233,0.241128,-0.578242,0.017
844685.0,0.001423,0.000845,-0.000829,48.197308,51.143391,0.232116,0.018266,0.13064,0.425259,-1.871654,8.310133,0.0,0.0,0.0,0.0,-0.779238,0.24113,-0.578234,0.017011
844786.0,0.000201,-0.000377,-0.000829,48.202461,51.154697,0.277139,0.021018,0.129056,0.42698,-1.865704,8.305665,0.0,0.0,0.0,0.0,-0.779244,0.241125,-0.578228,0.017032
844887.0,0.000507,-0.001294,-0.000218,48.197697,51.165779,0.320491,0.015216,0.127431,0.427234,-1.878233,8.300476,0.0,0.0,0.0,0.0,-0.779238,0.241125,-0.578236,0.017054
844988.0,0.002034,-7.2e-05,0.000393,48.197166,51.17683,0.363478,0.013451,0.125897,0.427169,-1.875583,8.299445,0.0,0.0,0.0,0.0,-0.779254,0.241115,-0.578218,0.017044
845089.0,0.002034,-0.000988,-0.000523,48.202305,51.198246,0.409009,0.01674,0.133455,0.429213,-1.876457,8.306938,0.0,0.0,0.0,0.0,-0.779243,0.241122,-0.578229,0.017045
845190.0,0.001423,-0.000377,-0.000523,48.202877,51.21117,0.45901,0.015765,0.132986,0.435013,-1.872472,8.312756,0.0,0.0,0.0,0.0,-0.779263,0.241112,-0.578207,0.017051
845290.0,0.001423,0.000539,8.8e-05,48.202873,51.222385,0.500879,0.014368,0.13106,0.433296,-1.868883,8.309642,0.0,0.0,0.0,0.0,-0.779245,0.241137,-0.578222,0.017034
845391.0,0.001118,0.000845,-0.000218,48.202744,51.243069,0.544687,0.012959,0.137687,0.433382,-1.875499,8.312611,0.0,0.0,0.0,0.0,-0.779244,0.241153,-0.578217,0.017027
845492.0,0.000812,-7.2e-05,8.8e-05,48.208,51.255836,0.592568,0.016491,0.136653,0.436987,-1.872076,8.308637,0.0,0.0,0.0,0.0,-0.779227,0.241187,-0.578225,0.016992
845593.0,-0.000715,-0.000683,-0.000523,48.208271,51.264568,0.626191,0.013716,0.126552,0.418539,-1.869882,8.303754,0.0,0.0,0.0,0.0,-0.779238,0.241231,-0.578193,0.016984
845694.0,-0.00041,-7.2e-05,8.8e-05,48.208447,51.277626,0.665595,0.012643,0.126797,0.415777,-1.877868,8.305799,0.0,0.0,0.0,0.0,-0.779253,0.241229,-0.578174,0.016987
845795.0,0.000812,0.001455,-0.000523,48.208477,51.289642,0.71321,0.011693,0.126211,0.420319,-1.875196,8.306385,0.0,0.0,0.0,0.0,-0.779235,0.24123,-0.578197,0.017013
845896.0,0.001728,-0.000683,0.000393,48.213692,51.300812,0.75812,0.014799,0.124991,0.422232,-1.881969,8.304625,0.0,0.0,0.0,0.0,-0.779229,0.241234,-0.578204,0.016983
845997.0,-0.000715,-0.000988,8.8e-05,48.214161,51.3223,0.797293,0.013978,0.13204,0.419529,-1.872626,8.30483,0.0,0.0,0.0,0.0,-0.77923,0.241253,-0.578196,0.016951
846098.0,0.000201,0.000539,-0.000523,48.214149,51.334396,0.840398,0.012828,0.131046,0.420179,-1.87748,8.307686,0.0,0.0,0.0,0.0,-0.779223,0.241252,-0.578206,0.01694
846199.0,0.001118,-0.001904,0.000393,48.219383,51.34552,0.881689,0.016106,0.129291,0.419241,-1.875643,8.309162,0.0,0.0,0.0,0.0,-0.779224,0.241241,-0.57821,0.016948
846300.0,-0.00041,0.000234,-0.000523,48.219841,51.367008,0.928596,0.01512,0.136434,0.42315,-1.876928,8.310534,0.0,0.0,0.0,0.0,-0.77922,0.24124,-0.578215,0.016947
846400.0,0.001423,0.00115,0.000699,48.225029,51.378315,0.966848,0.01826,0.134344,0.419416,-1.873433,8.30642,0.0,0.0,0.0,0.0,-0.779216,0.241261,-0.578212,0.016934
846501.0,-0.00041,0.001761,8.8e-05,48.225571,51.390141,1.006853,0.017129,0.132831,0.417423,-1.878675,8.309272,0.0,0.0,0.0,0.0,-0.779202,0.241278,-0.578223,0.016933
846601.0,0.001118,0.000539,8.8e-05,48.225632,51.411404,1.053977,0.014813,0.144096,0.424586,-1.878016,8.303568,0.0,0.0,0.0,0.0,-0.779203,0.2413,-0.578213,0.016925
846702.0,-0.000104,0.001761,-0.000523,48.230843,51.414352,1.086363,0.017977,0.134181,0.415297,-1.879073,8.307076,0.0,0.0,0.0,0.0,-0.779188,0.241313,-0.578229,0.016919
846803.0,0.001728,-0.000377,8.8e-05,48.226006,51.434948,1.135585,0.012542,0.139956,0.42137,-1.872687,8.306799,0.0,0.0,0.0,0.0,-0.779184,0.24132,-0.578231,0.016915
846903.0,0.000507,0.001455,-0.000218,48.23077,51.446907,1.176469,0.015433,0.138173,0.420045,-1.873378,8.302687,0.0,0.0,0.0,0.0,-0.779191,0.241317,-0.578223,0.016915
847005.0,-0.00041,0.000845,-0.000523,48.231178,51.468487,1.218224,0.014461,0.144582,0.41945,-1.875975,8.30781,0.0,0.0,0.0,0.0,-0.779176,0.241311,-0.578245,0.016942
847105.0,0.000201,0.000234,-0.000523,48.231155,51.480511,1.256724,0.013197,0.142399,0.416226,-1.880464,8.302573,0.0,0.0,0.0,0.0,-0.779182,0.241314,-0.578236,0.016929
847206.0,0.001423,-7.2e-05,-0.000523,48.231094,51.502064,1.299669,0.011997,0.148608,0.417072,-1.880512,8.302121,0.0,0.0,0.0,0.0,-0.779181,0.241319,-0.578236,0.016932
847307.0,0.000201,0.000234,0.001004,48.231102,51.514961,1.344912,0.010957,0.146814,0.419836,-1.878471,8.310185,0.0,0.0,0.0,0.0,-0.779179,0.241335,-0.578232,0.016894
847408.0,-0.000715,0.000845,-0.000218,48.230984,51.525249,1.376867,0.009893,0.142865,0.410823,-1.873139,8.307807,0.0,0.0,0.0,0.0,-0.779194,0.241313,-0.578221,0.016896
847509.0,-0.000715,-0.000988,8.8e-05,48.230984,51.536983,1.424143,0.009018,0.140493,0.415889,-1.879086,8.305918,0.0,0.0,0.0,0.0,-0.77917,0.241315,-0.578252,0.016907
847612.0,-0.001631,0.000845,8.8e-05,48.235687,51.543056,1.449104,0.015415,0.126355,0.388405,-1.872476,8.307063,0.0,0.0,0.0,0.0,-0.779173,0.241308,-0.578252,0.016851
847712.0,0.000201,-7.2e-05,-0.000829,48.236877,51.548061,1.474149,0.015085,0.11938,0.374661,-1.884228,8.308885,0.0,0.0,0.0,0.0,-0.77917,0.241324,-0.578251,0.016844
847813.0,0.000201,-0.001294,-0.001134,48.236992,51.56921,1.528568,0.014032,0.126271,0.387765,-1.884103,8.301462,0.0,0.0,0.0,0.0,-0.779186,0.24134,-0.578222,0.016846
847914.0,-0.000104,0.000234,-0.000523,48.242195,51.580597,1.561156,0.016941,0.125207,0.382626,-1.879613,8.305419,0.0,0.0,0.0,0.0,-0.779182,0.24136,-0.578219,0.016837
848015.0,0.001728,-0.001904,0.000699,48.242718,51.592442,1.597611,0.016009,0.124604,0.380969,-1.883372,8.304326,0.0,0.0,0.0,0.0,-0.779182,0.24136,-0.57822,0.016824
848116.0,0.001118,0.000234,-0.000218,48.242584,51.602806,1.633136,0.014593,0.122811,0.378621,-1.883809,8.302619,0.0,0.0,0.0,0.0,-0.779186,0.241356,-0.578216,0.01681
848217.0,0.001118,-0.000377,-0.000523,48.242592,51.61454,1.669288,0.013398,0.122262,0.37693,-1.880058,8.304354,0.0,0.0,0.0,0.0,-0.779177,0.241336,-0.578236,0.016843
848318.0,-0.001937,-0.000683,-0.000218,48.24789,51.63623,1.711109,0.01669,0.130087,0.380107,-1.876619,8.30617,0.0,0.0,0.0,0.0,-0.779184,0.24131,-0.578237,0.016873
848419.0,-0.000715,-0.000988,-0.000523,48.248234,51.647591,1.742749,0.015552,0.128584,0.374443,-1.878659,8.307623,0.0,0.0,0.0,0.0,-0.779198,0.241291,-0.578225,0.016879
848520.0,0.000507,0.000234,-0.000523,48.248291,51.669918,1.789072,0.014253,0.136631,0.38174,-1.885554,8.305995,0.0,0.0,0.0,0.0,-0.779193,0.241304,-0.578226,0.016895
848623.0,-0.000715,-0.000683,-0.000829,48.2481,51.680843,1.822431,0.012063,0.132364,0.37405,-1.884746,8.302653,0.0,0.0,0.0,0.0,-0.779237,0.24123,-0.578196,0.016929
848725.0,-0.001937,0.00115,8.8e-05,48.253456,51.693813,1.853378,0.01561,0.131991,0.367897,-1.878476,8.306872,0.0,0.0,0.0,0.0,-0.779226,0.241244,-0.578206,0.016925
848825.0,0.001118,-7.2e-05,8.8e-05,48.254093,51.716373,1.894215,0.014849,0.139399,0.37092,-1.882976,8.303334,0.0,0.0,0.0,0.0,-0.779228,0.241274,-0.57819,0.016914
848926.0,-0.00102,-0.000988,-0.000523,48.253948,51.727654,1.934229,0.013522,0.137148,0.373032,-1.883277,8.304992,0.0,0.0,0.0,0.0,-0.77922,0.241303,-0.57819,0.016916
849027.0,-0.000715,-0.001294,0.000699,48.25396,51.739502,1.972963,0.012408,0.135516,0.373923,-1.885794,8.310172,0.0,0.0,0.0,0.0,-0.779233,0.24128,-0.578181,0.016911
849128.0,-0.000715,-0.000683,-0.000523,48.259289,51.761265,2.009479,0.015797,0.142236,0.37289,-1.879039,8.301852,0.0,0.0,0.0,0.0,-0.779245,0.24129,-0.578162,0.016883
849229.0,0.000507,-0.000683,8.8e-05,48.259735,51.773228,2.040159,0.014826,0.140258,0.36718,-1.88589,8.308956,0.0,0.0,0.0,0.0,-0.779254,0.241281,-0.578154,0.01686
849330.0,-0.00041,-0.000377,-0.000523,48.259655,51.784248,2.081962,0.013496,0.137596,0.371178,-1.879506,8.303852,0.0,0.0,0.0,0.0,-0.779269,0.241281,-0.578134,0.016877
849431.0,0.001118,0.000845,-0.000218,48.264927,51.783653,2.107463,0.016848,0.125193,0.361042,-1.880395,8.308706,0.0,0.0,0.0,0.0,-0.779269,0.241315,-0.578119,0.016887
849531.0,0.002339,-0.000988,8.8e-05,48.26543,51.804989,2.145055,0.015814,0.132734,0.362058,-1.88002,8.311131,0.0,0.0,0.0,0.0,-0.779275,0.241287,-0.578123,0.016919
849637.0,-0.001631,-0.000377,-0.000218,48.269768,51.799843,2.156755,0.019849,0.10366,0.32434,-1.879105,8.304565,0.0,0.0,0.0,0.0,-0.779314,0.241307,-0.578062,0.016881
849738.0,0.000812,-0.000683,0.001004,48.27615,51.814877,2.195502,0.024061,0.108039,0.330446,-1.876491,8.308117,0.0,0.0,0.0,0.0,-0.779333,0.241291,-0.578043,0.016877
849839.0,0.000507,0.000845,0.001004,48.277489,51.83844,2.236192,0.023251,0.117499,0.336168,-1.883807,8.300215,0.0,0.0,0.0,0.0,-0.779351,0.241272,-0.578026,0.0169
849940.0,0.001728,-0.000988,-0.000218,48.277462,51.85088,2.276895,0.021477,0.117932,0.341275,-1.881662,8.301604,0.0,0.0,0.0,0.0,-0.779367,0.24128,-0.578002,0.016891
850041.0,0.001423,-0.000377,0.00192,48.282757,51.86208,2.29565,0.023888,0.117374,0.329194,-1.88387,8.302288,0.0,0.0,0.0,0.0,-0.779348,0.241302,-0.57802,0.016855
850142.0,-0.000104,-0.001599,-0.001134,48.283119,51.873188,2.336298,0.022282,0.116775,0.334961,-1.879398,8.303632,0.0,0.0,0.0,0.0,-0.779348,0.241313,-0.578015,0.016848
850243.0,0.000201,-7.2e-05,-0.000829,48.283009,51.884277,2.36729,0.020389,0.116207,0.332706,-1.88522,8.303718,0.0,0.0,0.0,0.0,-0.779348,0.241295,-0.578021,0.016877
850343.0,0.001118,0.000234,8.8e-05,48.288437,51.896011,2.403235,0.023137,0.116276,0.334796,-1.875867,8.302258,0.0,0.0,0.0,0.0,-0.779355,0.241338,-0.577994,0.016867
850445.0,-0.000715,-0.000988,-0.001745,48.288559,51.916687,2.441277,0.021291,0.123611,0.338112,-1.878953,8.308352,0.0,0.0,0.0,0.0,-0.779343,0.24137,-0.577997,0.01685
850546.0,-0.001631,-7.2e-05,-0.000218,48.294128,51.930092,2.481334,0.024161,0.124381,0.34301,-1.885495,8.300526,0.0,0.0,0.0,0.0,-0.779359,0.241362,-0.577979,0.016853
850652.0,0.000201,-7.2e-05,-0.000829,48.293629,51.93642,2.496659,0.020587,0.11639,0.319445,-1.884486,8.297723,0.0,0.0,0.0,0.0,-0.779336,0.241363,-0.578011,0.016809
850753.0,-0.00102,-0.000377,8.8e-05,48.294334,51.94128,2.524882,0.019395,0.110407,0.315733,-1.88379,8.307818,0.0,0.0,0.0,0.0,-0.779335,0.241381,-0.578006,0.016789
850854.0,-0.001631,-0.000988,8.8e-05,48.299767,51.952003,2.553055,0.022124,0.110069,0.312789,-1.884969,8.303115,0.0,0.0,0.0,0.0,-0.779349,0.241406,-0.577977,0.016769
850955.0,-0.003158,0.000234,-0.000218,48.300163,51.952183,2.581621,0.020673,0.10145,0.310453,-1.880145,8.302849,0.0,0.0,0.0,0.0,-0.779358,0.241397,-0.577968,0.016769
851056.0,-0.000104,-0.000988,-0.000523,48.305553,51.962296,2.615699,0.023325,0.101351,0.312618,-1.885558,8.295987,0.0,0.0,0.0,0.0,-0.779368,0.241395,-0.577956,0.016747
851157.0,0.001118,-7.2e-05,0.001004,48.311455,51.9734,2.632231,0.026206,0.102054,0.300451,-1.88581,8.30964,0.0,0.0,0.0,0.0,-0.779365,0.241359,-0.577975,0.016772
851258.0,-0.001326,0.00115,8.8e-05,48.314655,51.99609,2.673862,0.026857,0.113073,0.310305,-1.881036,8.306792,0.0,0.0,0.0,0.0,-0.77936,0.241337,-0.57799,0.016796
851359.0,-0.000715,0.000539,0.000393,48.317352,52.007446,2.705017,0.026857,0.113073,0.310305,-1.880353,8.302146,0.0,0.0,0.0,0.0,-0.77935,0.241345,-0.578001,0.016799
851460.0,0.001118,-0.001904,0.001004,48.32309,52.008011,2.727134,0.029385,0.103975,0.30264,-1.877352,8.30547,0.0,0.0,0.0,0.0,-0.779365,0.241355,-0.577975,0.016787
851561.0,-0.000715,-0.001599,-0.000523,48.325951,52.019463,2.762905,0.02948,0.104858,0.307277,-1.879323,8.308997,0.0,0.0,0.0,0.0,-0.779389,0.241352,-0.577946,0.01677
851663.0,0.001423,-7.2e-05,0.000393,48.326229,52.026501,2.780619,0.029477,0.111544,0.322203,-1.882584,8.308789,0.0,0.0,0.0,0.0,-0.779391,0.241345,-0.577946,0.016773
851766.0,-0.00041,-7.2e-05,0.000393,48.336891,52.032078,2.807627,0.036675,0.105978,0.316444,-1.877574,8.303062,0.0,0.0,0.0,0.0,-0.779403,0.241316,-0.57794,0.016797
851867.0,0.001423,-7.2e-05,-0.000218,48.337982,52.042564,2.840771,0.034283,0.105796,0.317572,-1.877561,8.302752,0.0,0.0,0.0,0.0,-0.779396,0.241297,-0.577958,0.016828
851967.0,-0.000715,-7.2e-05,-0.000829,48.338036,52.053631,2.867225,0.031166,0.106167,0.312521,-1.879131,8.299791,0.0,0.0,0.0,0.0,-0.779406,0.241302,-0.577942,0.016821
852069.0,-0.001631,-0.002821,0.000393,48.343147,52.064777,2.900646,0.032974,0.106553,0.314199,-1.884614,8.300534,0.0,0.0,0.0,0.0,-0.779416,0.241308,-0.577926,0.016817
852169.0,-0.002242,0.000234,8.8e-05,48.343609,52.07589,2.927087,0.030337,0.106898,0.30944,-1.883034,8.306812,0.0,0.0,0.0,0.0,-0.779402,0.241325,-0.577938,0.016817
852270.0,0.002645,0.000539,0.001309,48.348759,52.087025,2.966223,0.03228,0.10723,0.316712,-1.880579,8.305207,0.0,0.0,0.0,0.0,-0.779413,0.241335,-0.577919,0.016802
852371.0,-0.002548,-0.000683,-0.000218,48.354195,52.097549,2.996369,0.034315,0.106968,0.315099,-1.875177,8.319254,0.0,0.0,0.0,0.0,-0.779427,0.241319,-0.577907,0.016815
852472.0,-0.001326,0.00115,-0.000523,48.354904,52.099144,3.009335,0.031725,0.098333,0.297613,-1.882141,8.312342,0.0,0.0,0.0,0.0,-0.779416,0.241328,-0.577917,0.016823
852573.0,-0.00102,0.000234,0.001615,48.360233,52.119995,3.051974,0.03371,0.108485,0.309195,-1.879669,8.307544,0.0,0.0,0.0,0.0,-0.77941,0.241325,-0.577926,0.016821
852678.0,0.001423,0.00115,-0.000218,48.361004,52.140572,3.090496,0.026358,0.133087,0.322549,-1.882918,8.306414,0.0,0.0,0.0,0.0,-0.779367,0.241338,-0.577979,0.01686
852778.0,0.002034,-7.2e-05,8.8e-05,48.360802,52.155514,3.126254,0.023797,0.134449,0.325755,-1.882373,8.302177,0.0,0.0,0.0,0.0,-0.779366,0.241343,-0.577978,0.016851
852880.0,-0.000715,0.001455,-0.001134,48.365887,52.16703,3.155836,0.025806,0.132894,0.323092,-1.881657,8.305346,0.0,0.0,0.0,0.0,-0.779363,0.241361,-0.577973,0.016866
852980.0,0.001118,0.001455,0.000393,48.36116,52.178143,3.192274,0.02019,0.131139,0.326126,-1.88263,8.308235,0.0,0.0,0.0,0.0,-0.779357,0.241376,-0.577976,0.01685
853081.0,-0.001937,0.000234,0.000699,48.36063,52.19944,3.226714,0.018154,0.137547,0.327391,-1.879096,8.301853,0.0,0.0,0.0,0.0,-0.779351,0.241381,-0.577982,0.016847
853182.0,0.000201,-7.2e-05,-0.000523,48.365826,52.22258,3.258386,0.020887,0.145079,0.326343,-1.878885,8.301327,0.0,0.0,0.0,0.0,-0.779364,0.241405,-0.577956,0.01682
853283.0,0.000201,-0.000377,-0.000829,48.366192,52.234016,3.290197,0.019438,0.142418,0.325414,-1.885472,8.304642,0.0,0.0,0.0,0.0,-0.779368,0.241403,-0.57795,0.016831
853384.0,0.001423,-7.2e-05,0.000393,48.360886,52.254593,3.327997,0.013246,0.147708,0.329666,-1.8819,8.304469,0.0,0.0,0.0,0.0,-0.779381,0.241391,-0.577939,0.016826
853484.0,0.000507,-7.2e-05,-0.000218,48.365612,52.277637,3.361141,0.016182,0.154753,0.329544,-1.882539,8.305485,0.0,0.0,0.0,0.0,-0.779385,0.241379,-0.577939,0.016824
853585.0,-0.00041,-0.000683,8.8e-05,48.366161,52.290829,3.404159,0.015241,0.152656,0.338061,-1.882676,8.303318,0.0,0.0,0.0,0.0,-0.779396,0.241415,-0.577908,0.01681
853686.0,0.000201,0.000845,0.000699,48.371258,52.302139,3.437499,0.019947,0.147388,0.33737,-1.881969,8.301188,0.0,0.0,0.0,0.0,-0.779376,0.241458,-0.577919,0.016755
853786.0,-0.000104,0.000539,-0.000829,48.371788,52.312119,3.46034,0.018666,0.143172,0.327409,-1.87901,8.299496,0.0,0.0,0.0,0.0,-0.779377,0.241478,-0.57791,0.016752
853888.0,-0.00102,-7.2e-05,-0.000523,48.377106,52.334183,3.495636,0.021544,0.149543,0.329263,-1.885309,8.302354,0.0,0.0,0.0,0.0,-0.779374,0.241473,-0.577916,0.016752
853989.0,0.000812,-0.000377,-0.000218,48.382828,52.346363,3.521599,0.024557,0.147054,0.323087,-1.885019,8.305957,0.0,0.0,0.0,0.0,-0.779386,0.24147,-0.5779,0.016747
854089.0,0.000812,-0.000377,0.000393,48.38855,52.367767,3.550593,0.027357,0.152715,0.320006,-1.888755,8.300151,0.0,0.0,0.0,0.0,-0.779403,0.241454,-0.577885,0.016722
854190.0,-0.001631,0.001455,0.001309,48.389217,52.380711,3.583692,0.025528,0.15056,0.320674,-1.893412,8.303244,0.0,0.0,0.0,0.0,-0.77941,0.241451,-0.577878,0.016724
854291.0,0.001423,-0.000377,8.8e-05,48.39444,52.402298,3.615958,0.027838,0.156144,0.320602,-1.878483,8.304444,0.0,0.0,0.0,0.0,-0.779407,0.241458,-0.577878,0.01671
854392.0,-0.00041,-0.000683,-0.000218,48.399975,52.403049,3.641293,0.030249,0.142903,0.314478,-1.885354,8.305608,0.0,0.0,0.0,0.0,-0.779401,0.241482,-0.577877,0.016709
854493.0,-0.000715,0.00115,-0.000218,48.4006,52.424248,3.67278,0.028089,0.148962,0.314297,-1.891131,8.305423,0.0,0.0,0.0,0.0,-0.779385,0.241495,-0.577893,0.016695
854594.0,0.001423,-0.000683,8.8e-05,48.405811,52.446697,3.705529,0.030209,0.155577,0.315175,-1.892681,8.303217,0.0,0.0,0.0,0.0,-0.779388,0.24149,-0.577891,0.016718
854701.0,-0.001937,-0.001904,-0.000523,48.410709,52.456146,3.723037,0.033607,0.141096,0.286488,-1.88857,8.311514,0.0,0.0,0.0,0.0,-0.779421,0.241588,-0.577806,0.016655
854801.0,-0.000104,-0.001294,-0.000218,48.412189,52.460049,3.756389,0.031904,0.131892,0.290828,-1.888562,8.300265,0.0,0.0,0.0,0.0,-0.779423,0.241592,-0.577803,0.01664
854902.0,-0.001631,0.000539,-0.000218,48.417583,52.481117,3.782213,0.033534,0.137685,0.288089,-1.889112,8.29455,0.0,0.0,0.0,0.0,-0.779431,0.241601,-0.577789,0.016615
855003.0,-0.000715,-0.000377,0.000393,48.423302,52.493202,3.805502,0.035305,0.136292,0.283594,-1.89201,8.305071,0.0,0.0,0.0,0.0,-0.779443,0.241589,-0.577779,0.016604
855104.0,-0.000715,-0.000377,0.001004,48.429031,52.504322,3.835058,0.036993,0.134248,0.284349,-1.88467,8.305413,0.0,0.0,0.0,0.0,-0.779451,0.241588,-0.577768,0.016582
855205.0,0.000812,-0.000683,-0.000218,48.434734,52.52578,3.86918,0.038586,0.140626,0.288764,-1.88795,8.30263,0.0,0.0,0.0,0.0,-0.779462,0.241585,-0.577755,0.016587
855306.0,-0.001631,-0.000377,0.001004,48.435158,52.537834,3.896681,0.035734,0.138867,0.287413,-1.887236,8.302016,0.0,0.0,0.0,0.0,-0.779456,0.241611,-0.577753,0.016559
855407.0,0.000507,0.001761,8.8e-05,48.440159,52.558666,3.92482,0.036891,0.14454,0.286651,-1.894332,8.300207,0.0,0.0,0.0,0.0,-0.779442,0.241604,-0.577775,0.016563
855508.0,-0.002242,0.000539,8.8e-05,48.44598,52.571384,3.942437,0.038691,0.142974,0.277119,-1.889747,8.304345,0.0,0.0,0.0,0.0,-0.779423,0.241618,-0.577794,0.016562
855609.0,-0.00102,-0.000683,0.000393,48.446426,52.582531,3.969969,0.035718,0.140146,0.276746,-1.884781,8.303027,0.0,0.0,0.0,0.0,-0.77941,0.241636,-0.577805,0.016531
855710.0,0.000201,-7.2e-05,0.001004,48.451843,52.604839,4.005993,0.038075,0.150843,0.286431,-1.891105,8.300941,0.0,0.0,0.0,0.0,-0.779422,0.241672,-0.577774,0.016516
855811.0,-0.00102,0.00115,8.8e-05,48.457584,52.61718,4.023984,0.0397,0.148357,0.276762,-1.890078,8.301031,0.0,0.0,0.0,0.0,-0.779407,0.24171,-0.577779,0.016505
855912.0,0.001118,-0.000988,0.000699,48.457962,52.628246,4.03205,0.036749,0.145166,0.260406,-1.892187,8.297875,0.0,0.0,0.0,0.0,-0.779412,0.241715,-0.57777,0.016504
856013.0,-0.00102,-0.000683,-0.000523,48.463173,52.628693,4.050258,0.037987,0.133377,0.253702,-1.892991,8.295103,0.0,0.0,0.0,0.0,-0.779423,0.241708,-0.577757,0.016512
856114.0,-0.002548,0.000845,8.8e-05,48.468853,52.659672,4.077201,0.039534,0.148143,0.254818,-1.894034,8.297169,0.0,0.0,0.0,0.0,-0.779415,0.241714,-0.577766,0.016524
856215.0,0.001423,0.000234,0.000699,48.46946,52.662971,4.094593,0.036668,0.138278,0.247838,-1.892231,8.304267,0.0,0.0,0.0,0.0,-0.779418,0.241681,-0.577776,0.016533
856316.0,0.000812,0.000539,0.000699,48.469299,52.67308,4.120522,0.033378,0.135015,0.248666,-1.894732,8.302285,0.0,0.0,0.0,0.0,-0.779412,0.241684,-0.577782,0.016516
856417.0,-0.000104,-0.000683,0.000393,48.479668,52.693813,4.149611,0.039413,0.141138,0.252047,-1.897906,8.299025,0.0,0.0,0.0,0.0,-0.77944,0.241686,-0.577744,0.016504
856518.0,0.001728,0.001761,-0.001134,48.475349,52.706535,4.175799,0.032193,0.13983,0.252727,-1.891716,8.302289,0.0,0.0,0.0,0.0,-0.779431,0.241706,-0.577748,0.016479
856619.0,-0.000715,-0.000988,-0.000523,48.474689,52.717648,4.201869,0.028767,0.137191,0.253195,-1.894866,8.304363,0.0,0.0,0.0,0.0,-0.779418,0.24173,-0.577757,0.01649
856720.0,0.000201,-0.000683,0.000393,48.468159,52.720646,4.207088,0.022262,0.138794,0.255811,-1.894762,8.305707,0.0,0.0,0.0,0.0,-0.77942,0.241728,-0.577754,0.016488
856823.0,-0.000715,0.000845,0.000393,48.468754,52.749241,4.242937,0.020638,0.152441,0.264679,-1.890268,8.300591,0.0,0.0,0.0,0.0,-0.779419,0.241744,-0.57775,0.016449
856923.0,0.001118,-0.000377,8.8e-05,48.47385,52.763672,4.275265,0.023291,0.151615,0.269621,-1.889977,8.302522,0.0,0.0,0.0,0.0,-0.779413,0.241738,-0.57776,0.016455
857024.0,0.000507,-0.000377,8.8e-05,48.474224,52.785545,4.316287,0.021569,0.15738,0.28161,-1.89098,8.3003,0.0,0.0,0.0,0.0,-0.779428,0.241706,-0.577753,0.016467
857125.0,-0.003464,-0.000377,0.000393,48.479679,52.809147,4.344983,0.024427,0.164107,0.281857,-1.89333,8.302638,0.0,0.0,0.0,0.0,-0.779433,0.241733,-0.577736,0.016454
857226.0,-0.000104,-0.000988,0.000393,48.48008,52.821247,4.369661,0.022632,0.160225,0.278624,-1.888127,8.30414,0.0,0.0,0.0,0.0,-0.779437,0.241726,-0.577734,0.01646
857327.0,-0.000104,0.000234,0.000393,48.479977,52.842846,4.39258,0.020537,0.165006,0.274155,-1.89483,8.300115,0.0,0.0,0.0,0.0,-0.779432,0.241728,-0.57774,0.016446
857428.0,0.000507,0.000845,-0.000829,48.485138,52.842934,4.422477,0.023252,0.150483,0.276129,-1.888861,8.30202,0.0,0.0,0.0,0.0,-0.779443,0.241726,-0.577726,0.016462
857528.0,0.001118,-0.000988,-0.001134,48.485489,52.863468,4.443872,0.021488,0.155229,0.270499,-1.898104,8.306437,0.0,0.0,0.0,0.0,-0.779441,0.24173,-0.577726,0.016468
857629.0,-0.001937,0.000234,-0.000523,48.490936,52.865509,4.449685,0.024381,0.143195,0.251743,-1.893436,8.300696,0.0,0.0,0.0,0.0,-0.779419,0.241768,-0.577739,0.016467
857729.0,-0.000104,-0.000377,-0.000523,48.490864,52.872459,4.462595,0.021245,0.134034,0.237266,-1.897994,8.301942,0.0,0.0,0.0,0.0,-0.779408,0.241784,-0.577748,0.01649
857830.0,-0.001937,0.000845,-0.000829,48.496475,52.885845,4.486141,0.024306,0.133898,0.236898,-1.893557,8.304548,0.0,0.0,0.0,0.0,-0.779403,0.241824,-0.577738,0.016466
857931.0,-0.002242,-0.000988,0.001309,48.496975,52.886318,4.503934,0.022696,0.123142,0.231825,-1.894285,8.299571,0.0,0.0,0.0,0.0,-0.77939,0.241846,-0.577746,0.01646
858032.0,-0.00041,0.00115,0.000393,48.502296,52.896278,4.528439,0.025212,0.121089,0.232733,-1.900495,8.300237,0.0,0.0,0.0,0.0,-0.779387,0.241844,-0.577751,0.016454
858133.0,-0.000104,0.00115,0.000699,48.508259,52.897278,4.539214,0.028059,0.111716,0.222223,-1.894293,8.304195,0.0,0.0,0.0,0.0,-0.779412,0.241815,-0.577729,0.016474
858233.0,-0.001326,0.000845,8.8e-05,48.508663,52.907299,4.562282,0.026032,0.110681,0.222794,-1.893599,8.300136,0.0,0.0,0.0,0.0,-0.779409,0.24183,-0.577728,0.01646
858334.0,-0.001631,-0.000377,0.000699,48.513988,52.907513,4.575712,0.028326,0.101372,0.215189,-1.897999,8.295634,0.0,0.0,0.0,0.0,-0.779423,0.241808,-0.577718,0.01643
858435.0,-0.00041,-0.001294,8.8e-05,48.519623,52.917023,4.591402,0.030696,0.100752,0.210065,-1.890878,8.299011,0.0,0.0,0.0,0.0,-0.779445,0.241805,-0.57769,0.016423
858536.0,-0.000715,-0.000377,-0.000523,48.520153,52.928654,4.613357,0.028489,0.10203,0.210734,-1.903703,8.303108,0.0,0.0,0.0,0.0,-0.779445,0.241817,-0.577685,0.016426
858637.0,-0.00041,0.000845,8.8e-05,48.525463,52.91832,4.62321,0.030586,0.084195,0.200964,-1.899888,8.298241,0.0,0.0,0.0,0.0,-0.779424,0.241859,-0.577697,0.016414
858746.0,-0.001326,-0.000683,0.000393,48.523685,52.930962,4.628982,0.028628,0.095379,0.204541,-1.898164,8.299066,0.0,0.0,0.0,0.0,-0.779424,0.241863,-0.577695,0.016408
858849.0,-0.00041,0.000234,-0.001134,48.526119,52.940735,4.658304,0.028096,0.09529,0.212304,-1.897026,8.302972,0.0,0.0,0.0,0.0,-0.779412,0.241884,-0.577703,0.016387
858950.0,-0.00041,0.000234,-0.000218,48.525925,52.940891,4.674263,0.025478,0.087093,0.207555,-1.895561,8.299364,0.0,0.0,0.0,0.0,-0.7794,0.241881,-0.57772,0.016397
859051.0,0.000812,-7.2e-05,-0.001134,48.531219,52.951099,4.697729,0.027818,0.088297,0.209668,-1.896213,8.293626,0.0,0.0,0.0,0.0,-0.779395,0.241889,-0.577723,0.016405
859152.0,0.001728,0.000845,-0.000523,48.537247,52.951942,4.71511,0.03056,0.081386,0.206436,-1.902322,8.297643,0.0,0.0,0.0,0.0,-0.779408,0.241873,-0.577712,0.01642
859253.0,0.000201,-0.001294,0.001004,48.537586,52.962238,4.734442,0.028215,0.083183,0.20519,-1.898584,8.302322,0.0,0.0,0.0,0.0,-0.779401,0.24187,-0.577723,0.016393
859353.0,-0.00041,-0.000988,-0.000218,48.542912,52.973488,4.753267,0.030359,0.085679,0.203703,-1.900098,8.29879,0.0,0.0,0.0,0.0,-0.779399,0.241859,-0.577731,0.016401
859455.0,0.000507,-7.2e-05,-0.00144,48.543011,52.9734,4.765761,0.027804,0.078132,0.196751,-1.897125,8.304649,0.0,0.0,0.0,0.0,-0.779404,0.241833,-0.577734,0.016425
859556.0,-0.000715,-0.001904,8.8e-05,48.548531,52.984211,4.786343,0.030134,0.080638,0.197311,-1.895485,8.302119,0.0,0.0,0.0,0.0,-0.779406,0.241837,-0.577729,0.016429
859657.0,0.001423,-0.000683,8.8e-05,48.554398,52.995602,4.807345,0.032565,0.083426,0.198224,-1.894961,8.29413,0.0,0.0,0.0,0.0,-0.779419,0.241853,-0.577706,0.016394
859759.0,0.000507,0.001455,8.8e-05,48.553223,52.992241,4.807702,0.027344,0.06963,0.176049,-1.90115,8.301741,0.0,0.0,0.0,0.0,-0.779401,0.241865,-0.577726,0.016379
859860.0,-0.00102,0.001455,0.000699,48.557461,53.009834,4.829515,0.028681,0.078865,0.179866,-1.897666,8.297229,0.0,0.0,0.0,0.0,-0.779397,0.24188,-0.577726,0.016347
859961.0,0.001118,-7.2e-05,0.000393,48.562641,53.011028,4.851208,0.030673,0.072946,0.182939,-1.898833,8.301116,0.0,0.0,0.0,0.0,-0.77939,0.241895,-0.577729,0.016352
860062.0,-0.00041,-7.2e-05,0.000393,48.568253,53.021191,4.872399,0.032896,0.075421,0.185304,-1.894808,8.298274,0.0,0.0,0.0,0.0,-0.779381,0.241881,-0.577747,0.016349
860162.0,0.000201,0.000845,-0.000218,48.568787,53.032253,4.887739,0.030423,0.078526,0.182373,-1.897569,8.294235,0.0,0.0,0.0,0.0,-0.779374,0.24188,-0.577757,0.016355
860263.0,0.002339,0.000845,8.8e-05,48.573933,53.033298,4.908476,0.032305,0.072314,0.184474,-1.905771,8.300794,0.0,0.0,0.0,0.0,-0.77938,0.241901,-0.57774,0.016331
860364.0,-0.00102,-0.001294,8.8e-05,48.577171,53.040565,4.927013,0.032305,0.072314,0.184474,-1.901145,8.296768,0.0,0.0,0.0,0.0,-0.779379,0.241897,-0.577744,0.016327
860465.0,-0.00102,-7.2e-05,8.8e-05,48.579525,53.054447,4.939699,0.031706,0.078117,0.179278,-1.900334,8.300708,0.0,0.0,0.0,0.0,-0.779393,0.241865,-0.577738,0.016338
860566.0,-0.00102,-7.2e-05,-0.000218,48.580238,53.056026,4.949171,0.029428,0.072327,0.171434,-1.897723,8.295796,0.0,0.0,0.0,0.0,-0.77938,0.24188,-0.577749,0.016342
860667.0,-0.000104,0.00115,-0.000829,48.580246,53.066204,4.969469,0.026698,0.07497,0.174156,-1.896229,8.300645,0.0,0.0,0.0,0.0,-0.779385,0.24188,-0.577742,0.016333
860830.0,-0.000104,0.000234,0.001004,48.583752,53.073681,4.976065,0.030218,0.08229,0.179142,-1.903937,8.300721,0.0,0.0,0.0,0.0,-0.779385,0.241878,-0.577744,0.01633
860933.0,0.000507,0.00115,-0.000218,48.58271,53.091759,5.00221,0.0261,0.091833,0.186614,-1.901445,8.297148,0.0,0.0,0.0,0.0,-0.779388,0.241878,-0.57774,0.016299
861033.0,0.002339,0.000539,0.001004,48.587261,53.105988,5.023374,0.027784,0.096179,0.188672,-1.900024,8.296769,0.0,0.0,0.0,0.0,-0.779383,0.241876,-0.577748,0.016295
861134.0,-0.00041,-0.000683,0.000393,48.587543,53.106739,5.040186,0.025595,0.088431,0.186774,-1.901006,8.299862,0.0,0.0,0.0,0.0,-0.779397,0.241872,-0.577731,0.016292
861235.0,0.001728,0.000234,0.000699,48.587379,53.116997,5.05442,0.023211,0.08958,0.182795,-1.905255,8.292654,0.0,0.0,0.0,0.0,-0.779396,0.241852,-0.57774,0.016294
861336.0,0.000812,-7.2e-05,0.000393,48.592667,53.128189,5.065522,0.02577,0.091457,0.1765,-1.899002,8.297673,0.0,0.0,0.0,0.0,-0.779392,0.241861,-0.577742,0.01627
861437.0,0.001118,0.000845,-0.000829,48.592865,53.128124,5.082983,0.023671,0.083346,0.17619,-1.902718,8.295448,0.0,0.0,0.0,0.0,-0.779382,0.241865,-0.577754,0.016258
861538.0,0.000507,-0.000377,0.000393,48.598312,53.138847,5.089681,0.026353,0.08537,0.166583,-1.905682,8.297512,0.0,0.0,0.0,0.0,-0.77939,0.241884,-0.577736,0.016237
861639.0,0.001423,0.00115,0.001309,48.598846,53.150635,5.110676,0.024503,0.088147,0.170191,-1.903841,8.295811,0.0,0.0,0.0,0.0,-0.779413,0.241879,-0.577708,0.01624
861740.0,0.000201,0.000845,0.000393,48.598698,53.151173,5.120618,0.022219,0.080861,0.163937,-1.894448,8.288857,0.0,0.0,0.0,0.0,-0.779397,0.241901,-0.57772,0.016242
861844.0,0.000812,0.000539,-0.000829,48.597809,53.158726,5.123603,0.018332,0.07984,0.147611,-1.896457,8.296818,0.0,0.0,0.0,0.0,-0.779404,0.241887,-0.577717,0.016239
861945.0,-0.000104,0.000234,-0.000829,48.6035,53.161842,5.134733,0.021719,0.07547,0.144175,-1.902137,8.297974,0.0,0.0,0.0,0.0,-0.779406,0.241885,-0.577714,0.016261
862046.0,-0.000715,0.000539,-0.000218,48.604248,53.172611,5.151175,0.020542,0.078028,0.145729,-1.906447,8.297646,0.0,0.0,0.0,0.0,-0.779394,0.241915,-0.577719,0.016245
862147.0,-0.000104,-0.001294,-0.001745,48.60965,53.18401,5.163025,0.023238,0.080867,0.143411,-1.902831,8.29673,0.0,0.0,0.0,0.0,-0.779405,0.241939,-0.577693,0.016236
862248.0,0.000507,0.000539,8.8e-05,48.609993,53.184509,5.168635,0.021607,0.074576,0.136209,-1.901659,8.300966,0.0,0.0,0.0,0.0,-0.779406,0.241936,-0.577694,0.016232
862348.0,-0.001631,-0.000988,0.001309,48.609856,53.194809,5.187085,0.019701,0.076921,0.140138,-1.902181,8.296681,0.0,0.0,0.0,0.0,-0.779407,0.241947,-0.577688,0.016242
862449.0,-0.000104,0.000539,-0.000218,48.609577,53.194828,5.188902,0.017797,0.070382,0.129848,-1.897616,8.299405,0.0,0.0,0.0,0.0,-0.779397,0.241954,-0.577697,0.01625
862550.0,0.000812,-0.001599,8.8e-05,48.615025,53.205612,5.206625,0.020892,0.073481,0.133687,-1.907199,8.302107,0.0,0.0,0.0,0.0,-0.779411,0.241954,-0.577679,0.016256
862651.0,-0.002242,-0.000683,-0.000218,48.615566,53.217495,5.221329,0.019564,0.077249,0.134685,-1.9011,8.297882,0.0,0.0,0.0,0.0,-0.779417,0.241936,-0.577679,0.016264
862752.0,0.000507,-0.000377,-0.000218,48.615429,53.218025,5.236385,0.017781,0.071094,0.13592,-1.902479,8.29703,0.0,0.0,0.0,0.0,-0.779432,0.241961,-0.577648,0.01625
862861.0,0.000201,0.000234,8.8e-05,48.613766,53.221561,5.231394,0.01606,0.073771,0.130089,-1.902687,8.299618,0.0,0.0,0.0,0.0,-0.779431,0.24196,-0.577649,0.016251
862964.0,0.000201,-0.000377,0.001004,48.61385,53.222961,5.243229,0.014577,0.067979,0.128631,-1.902387,8.298499,0.0,0.0,0.0,0.0,-0.779419,0.241966,-0.577664,0.016248
863064.0,-0.000715,-0.001904,-0.000218,48.618877,53.232704,5.261814,0.017871,0.070662,0.13379,-1.903192,8.303436,0.0,0.0,0.0,0.0,-0.779423,0.241968,-0.577657,0.016254
863165.0,-0.00102,0.001455,8.8e-05,48.619457,53.234028,5.261919,0.016753,0.065316,0.121585,-1.902046,8.298047,0.0,0.0,0.0,0.0,-0.779401,0.242006,-0.57767,0.016238
863266.0,0.001118,-0.000377,8.8e-05,48.619484,53.234028,5.271389,0.015202,0.059216,0.119032,-1.909764,8.295962,0.0,0.0,0.0,0.0,-0.779394,0.242001,-0.577682,0.016233
863367.0,-0.000104,-0.001294,-0.000218,48.619373,53.253922,5.293802,0.013692,0.072162,0.128627,-1.907152,8.302097,0.0,0.0,0.0,0.0,-0.77941,0.242017,-0.577656,0.016208
863468.0,-0.00041,-0.000377,-0.001745,48.619442,53.246117,5.297077,0.012455,0.058059,0.119632,-1.90397,8.304515,0.0,0.0,0.0,0.0,-0.779417,0.242044,-0.577634,0.016218
863569.0,-0.001326,0.000234,0.000393,48.614269,53.25531,5.316256,0.006456,0.061166,0.126169,-1.906975,8.294068,0.0,0.0,0.0,0.0,-0.779438,0.242031,-0.577611,0.016213
863670.0,-0.000715,-7.2e-05,8.8e-05,48.618885,53.25613,5.326357,0.010163,0.056176,0.12373,-1.903917,8.298774,0.0,0.0,0.0,0.0,-0.779435,0.242048,-0.577609,0.016205
863771.0,0.001118,-7.2e-05,8.8e-05,48.619335,53.2663,5.341254,0.009634,0.060383,0.125961,-1.907893,8.296708,0.0,0.0,0.0,0.0,-0.779434,0.242046,-0.577611,0.016188
863874.0,0.002034,0.000234,-0.000218,48.619541,53.268208,5.351528,0.00724,0.047276,0.119561,-1.909235,8.2963,0.0,0.0,0.0,0.0,-0.779486,0.24198,-0.577567,0.016258
863975.0,-0.002242,-0.001599,-0.000829,48.624535,53.277653,5.363514,0.011071,0.051487,0.119472,-1.90339,8.296176,0.0,0.0,0.0,0.0,-0.779496,0.24197,-0.577557,0.016258
864076.0,0.000507,0.000845,8.8e-05,48.619888,53.288731,5.391159,0.006748,0.055888,0.132035,-1.906616,8.297664,0.0,0.0,0.0,0.0,-0.779487,0.241982,-0.577565,0.016265
864177.0,-0.00102,-0.001294,0.000393,48.619408,53.289753,5.401305,0.005857,0.052361,0.129518,-1.901481,8.302974,0.0,0.0,0.0,0.0,-0.779507,0.241953,-0.57755,0.016268
864278.0,-0.001631,-0.000377,0.000699,48.619385,53.290081,5.412782,0.005376,0.048449,0.128219,-1.900683,8.298224,0.0,0.0,0.0,0.0,-0.779502,0.241972,-0.577548,0.01624
864379.0,-0.001937,0.000234,-0.000523,48.619335,53.299961,5.428143,0.004888,0.052494,0.130198,-1.905928,8.299561,0.0,0.0,0.0,0.0,-0.779499,0.241983,-0.577548,0.016227
864480.0,-0.00041,-0.000988,0.000393,48.614185,53.301121,5.444677,0.000181,0.04906,0.133069,-1.907748,8.297648,0.0,0.0,0.0,0.0,-0.779499,0.241987,-0.577547,0.016213
864581.0,-0.001326,-0.000988,8.8e-05,48.61364,53.311375,5.467542,-0.000289,0.053546,0.141112,-1.904595,8.299433,0.0,0.0,0.0,0.0,-0.779508,0.241968,-0.577543,0.016192
864682.0,0.000201,-0.000683,8.8e-05,48.608379,53.322548,5.490791,-0.004808,0.058513,0.148873,-1.904635,8.297266,0.0,0.0,0.0,0.0,-0.779526,0.241986,-0.577512,0.016189
864783.0,0.000507,0.000539,8.8e-05,48.607861,53.333813,5.522403,-0.004832,0.063189,0.16333,-1.905326,8.300003,0.0,0.0,0.0,0.0,-0.779537,0.241978,-0.5775,0.016185
864889.0,-0.001937,-0.000988,0.000699,48.607773,53.335403,5.536145,-0.004241,0.055973,0.15866,-1.906101,8.296277,0.0,0.0,0.0,0.0,-0.779516,0.242021,-0.577511,0.016147
864989.0,0.000812,0.000539,0.000393,48.607784,53.345657,5.550275,-0.003861,0.059937,0.156972,-1.90573,8.298352,0.0,0.0,0.0,0.0,-0.779517,0.242019,-0.577511,0.016134
865090.0,-0.00041,0.000845,0.001004,48.607796,53.346546,5.569266,-0.003531,0.0557,0.159587,-1.90139,8.294813,0.0,0.0,0.0,0.0,-0.779518,0.242052,-0.577497,0.01612
865191.0,-0.000715,0.00115,0.000699,48.602566,53.356819,5.584172,-0.007589,0.059576,0.158614,-1.908013,8.2942,0.0,0.0,0.0,0.0,-0.779519,0.242055,-0.577494,0.016114
865292.0,-0.001631,-0.000683,8.8e-05,48.602058,53.357643,5.59572,-0.007368,0.055158,0.154843,-1.907537,8.300277,0.0,0.0,0.0,0.0,-0.779493,0.242096,-0.577514,0.016084
865393.0,-0.00102,0.000234,0.000699,48.596821,53.367626,5.611791,-0.011228,0.058941,0.155192,-1.90348,8.300137,0.0,0.0,0.0,0.0,-0.77949,0.242071,-0.577527,0.016091
865494.0,0.000201,0.000234,0.000393,48.596287,53.379089,5.639386,-0.010705,0.063757,0.165538,-1.904321,8.29578,0.0,0.0,0.0,0.0,-0.779496,0.242045,-0.57753,0.016114
865595.0,0.000507,-0.000988,-0.000523,48.591011,53.390446,5.65528,-0.014387,0.068088,0.164849,-1.900565,8.295747,0.0,0.0,0.0,0.0,-0.779505,0.242045,-0.577518,0.016092
865696.0,-0.001937,-0.001294,0.000699,48.590534,53.401737,5.67626,-0.013525,0.072003,0.168643,-1.908476,8.293051,0.0,0.0,0.0,0.0,-0.779509,0.242083,-0.577497,0.016052
865797.0,-0.001326,0.00115,8.8e-05,48.585197,53.413445,5.696594,-0.017054,0.075946,0.171572,-1.909906,8.290339,0.0,0.0,0.0,0.0,-0.779489,0.24207,-0.577531,0.016055
865898.0,-0.000104,0.000845,-0.000218,48.585041,53.422611,5.711257,-0.014106,0.078651,0.166927,-1.909557,8.294288,0.0,0.0,0.0,0.0,-0.779463,0.242079,-0.577561,0.016071
865999.0,0.001118,-0.000377,8.8e-05,48.579678,53.435707,5.726569,-0.017598,0.083229,0.165446,-1.909468,8.291406,0.0,0.0,0.0,0.0,-0.779458,0.242097,-0.577561,0.016065
866100.0,-0.000715,0.000845,0.000699,48.579041,53.436935,5.742272,-0.016725,0.077755,0.164655,-1.90464,8.295609,0.0,0.0,0.0,0.0,-0.779457,0.242085,-0.577567,0.016059
866201.0,0.000201,-7.2e-05,-0.000218,48.579041,53.447178,5.762395,-0.015411,0.079599,0.167378,-1.911935,8.297087,0.0,0.0,0.0,0.0,-0.779463,0.242103,-0.577552,0.016037
866302.0,0.001423,0.000234,0.001004,48.57383,53.45834,5.777517,-0.018318,0.08209,0.165971,-1.913318,8.294312,0.0,0.0,0.0,0.0,-0.779468,0.242084,-0.577554,0.016018
866403.0,-0.000104,-0.000683,8.8e-05,48.573376,53.469585,5.79333,-0.017188,0.084497,0.165189,-1.907447,8.301746,0.0,0.0,0.0,0.0,-0.77949,0.242077,-0.577527,0.016014
866504.0,-0.000104,-0.000683,0.000699,48.573395,53.480804,5.810898,-0.01573,0.086752,0.165948,-1.90403,8.299335,0.0,0.0,0.0,0.0,-0.77949,0.242084,-0.577525,0.015995
866605.0,0.000812,0.000234,-0.000523,48.573357,53.492561,5.823898,-0.014424,0.089281,0.162798,-1.90959,8.296674,0.0,0.0,0.0,0.0,-0.779493,0.242078,-0.577524,0.015974
866706.0,-0.00041,0.000234,8.8e-05,48.568123,53.493347,5.831557,-0.017657,0.082234,0.155334,-1.907408,8.28797,0.0,0.0,0.0,0.0,-0.779478,0.242091,-0.577538,0.015972
866807.0,0.002645,0.000234,-0.001134,48.572987,53.51405,5.852678,-0.011937,0.092932,0.160016,-1.910204,8.297006,0.0,0.0,0.0,0.0,-0.779491,0.242096,-0.57752,0.015953
866912.0,0.000507,0.00115,-0.001134,48.568176,53.527233,5.873721,-0.016649,0.097394,0.16512,-1.912337,8.292479,0.0,0.0,0.0,0.0,-0.779458,0.24211,-0.577558,0.015964
867014.0,0.000812,-0.000683,0.001309,48.567627,53.538261,5.885013,-0.015643,0.098422,0.160221,-1.908862,8.29682,0.0,0.0,0.0,0.0,-0.779462,0.242105,-0.577554,0.015969
867114.0,0.000201,-0.001599,0.000393,48.562229,53.550014,5.903454,-0.018758,0.099918,0.162112,-1.907866,8.298112,0.0,0.0,0.0,0.0,-0.779458,0.242117,-0.577555,0.015951
867215.0,-0.00102,-0.000377,-0.000829,48.561768,53.561272,5.929348,-0.017588,0.100898,0.169942,-1.910423,8.296007,0.0,0.0,0.0,0.0,-0.779457,0.24214,-0.577548,0.015928
867316.0,0.001423,0.000539,-0.000523,48.556438,53.583061,5.943844,-0.020542,0.11058,0.16774,-1.911784,8.302999,0.0,0.0,0.0,0.0,-0.779457,0.242148,-0.577545,0.015914
867417.0,-0.00041,0.000539,0.000393,48.556149,53.583984,5.956826,-0.019034,0.10193,0.164461,-1.909374,8.296207,0.0,0.0,0.0,0.0,-0.779464,0.242139,-0.577538,0.01592
867518.0,0.001728,-7.2e-05,0.000393,48.550743,53.59483,5.977424,-0.022013,0.1024,0.167828,-1.915392,8.29495,0.0,0.0,0.0,0.0,-0.779464,0.242139,-0.577538,0.015929
867619.0,-0.000715,-0.000988,0.001004,48.550301,53.616554,5.997696,-0.020468,0.112251,0.170678,-1.911023,8.292091,0.0,0.0,0.0,0.0,-0.779467,0.242119,-0.577542,0.015939
867719.0,-0.00102,-0.001294,0.001004,48.550365,53.618111,6.009308,-0.018612,0.103793,0.165882,-1.913836,8.291427,0.0,0.0,0.0,0.0,-0.77948,0.242105,-0.577531,0.01593
867820.0,-0.001631,-0.001599,-0.000523,48.539612,53.639595,6.031327,-0.026316,0.113347,0.170415,-1.90683,8.292412,0.0,0.0,0.0,0.0,-0.779482,0.242091,-0.577534,0.015928
867925.0,0.000507,-0.000988,-0.000218,48.544945,53.64629,6.043649,-0.013581,0.105136,0.162234,-1.91781,8.293502,0.0,0.0,0.0,0.0,-0.779519,0.242078,-0.57749,0.01594
868026.0,0.001118,0.000234,-0.000829,48.539993,53.662228,6.06438,-0.01692,0.110123,0.166607,-1.912514,8.290992,0.0,0.0,0.0,0.0,-0.77951,0.242068,-0.577506,0.015939
868127.0,-0.00041,-0.000377,-0.000218,48.539146,53.663876,6.078651,-0.016273,0.10302,0.164636,-1.911023,8.296553,0.0,0.0,0.0,0.0,-0.779504,0.242097,-0.577502,0.015915
868228.0,0.000201,-0.000377,-0.000218,48.533775,53.684738,6.105479,-0.019096,0.110933,0.172393,-1.915768,8.292783,0.0,0.0,0.0,0.0,-0.779525,0.242052,-0.577493,0.015932
868329.0,0.001423,-0.001904,0.000393,48.533348,53.707493,6.129549,-0.017929,0.119941,0.177574,-1.912355,8.297611,0.0,0.0,0.0,0.0,-0.779536,0.242058,-0.577477,0.01591
868430.0,0.002339,-0.000683,0.001004,48.528114,53.719006,6.148658,-0.020664,0.11947,0.178529,-1.914445,8.295334,0.0,0.0,0.0,0.0,-0.77955,0.242037,-0.577467,0.01591
868531.0,0.001728,0.000845,8.8e-05,48.527588,53.730877,6.172143,-0.019386,0.119298,0.182922,-1.914042,8.293825,0.0,0.0,0.0,0.0,-0.77955,0.242043,-0.577464,0.01591
868632.0,0.001728,0.000234,-0.000218,48.527557,53.753437,6.188817,-0.017803,0.127947,0.181455,-1.914895,8.296799,0.0,0.0,0.0,0.0,-0.779553,0.242013,-0.577471,0.015928
868733.0,-0.000104,0.000234,0.001004,48.527683,53.765629,6.2082,-0.016199,0.127354,0.18235,-1.91409,8.294285,0.0,0.0,0.0,0.0,-0.779541,0.242013,-0.577488,0.015911
868834.0,0.001118,0.00115,0.000393,48.527817,53.776737,6.229924,-0.014719,0.125889,0.185116,-1.911939,8.29425,0.0,0.0,0.0,0.0,-0.779548,0.242026,-0.577473,0.015892
868937.0,-0.000715,0.000234,0.001004,48.522942,53.79493,6.247526,-0.01876,0.132137,0.183356,-1.907541,8.301245,0.0,0.0,0.0,0.0,-0.779581,0.242032,-0.577428,0.015866
869038.0,-0.00041,0.00115,8.8e-05,48.521969,53.810299,6.267242,-0.017958,0.13388,0.184425,-1.910669,8.296671,0.0,0.0,0.0,0.0,-0.779609,0.242024,-0.577393,0.015884
869139.0,0.001118,0.000234,0.000699,48.51651,53.822582,6.29178,-0.020865,0.132901,0.189182,-1.907258,8.293694,0.0,0.0,0.0,0.0,-0.779599,0.242044,-0.577398,0.015858
869240.0,0.001118,0.000539,0.000699,48.516079,53.83366,6.305849,-0.019525,0.131032,0.185174,-1.90556,8.295295,0.0,0.0,0.0,0.0,-0.779586,0.242036,-0.577419,0.015858
869341.0,-0.000715,-0.000683,-0.000218,48.516186,53.844627,6.319503,-0.017849,0.129226,0.181154,-1.918006,8.297946,0.0,0.0,0.0,0.0,-0.779599,0.242047,-0.577397,0.015851
869441.0,-0.00041,0.001455,0.000393,48.516418,53.854824,6.337373,-0.016168,0.126892,0.180844,-1.910243,8.291086,0.0,0.0,0.0,0.0,-0.779596,0.242037,-0.577405,0.015864
869543.0,-0.000715,0.00115,-0.000218,48.510986,53.866585,6.355542,-0.019332,0.126009,0.180745,-1.914703,8.289712,0.0,0.0,0.0,0.0,-0.779604,0.242036,-0.577395,0.015849
869644.0,0.000507,-0.000377,-0.000218,48.510559,53.877674,6.369185,-0.018038,0.124592,0.176851,-1.910504,8.293099,0.0,0.0,0.0,0.0,-0.779614,0.242025,-0.577387,0.015845
869745.0,-0.001326,0.00115,-0.000523,48.510559,53.889454,6.38206,-0.016504,0.12391,0.172672,-1.911082,8.298407,0.0,0.0,0.0,0.0,-0.779633,0.24205,-0.577351,0.015833
869846.0,-0.002242,-0.001904,-0.000218,48.50518,53.900558,6.39641,-0.019661,0.122708,0.170072,-1.9136,8.293977,0.0,0.0,0.0,0.0,-0.779629,0.242073,-0.577347,0.015806
869953.0,-0.001631,0.00115,-0.000218,48.506138,53.902706,6.398282,-0.015388,0.107404,0.148501,-1.915327,8.293711,0.0,0.0,0.0,0.0,-0.779658,0.242099,-0.577299,0.015729
870054.0,-0.000715,-0.000988,8.8e-05,48.500793,53.919857,6.428077,-0.019366,0.11401,0.164466,-1.917955,8.295032,0.0,0.0,0.0,0.0,-0.779648,0.242129,-0.5773,0.015709
870155.0,-0.00041,0.001455,-0.000829,48.499073,53.933743,6.43223,-0.01919,0.115785,0.154843,-1.914822,8.293917,0.0,0.0,0.0,0.0,-0.77965,0.242137,-0.577295,0.0157
870256.0,-0.000104,-0.000988,8.8e-05,48.493549,53.945129,6.44928,-0.021848,0.115564,0.155908,-1.915165,8.290123,0.0,0.0,0.0,0.0,-0.779661,0.242134,-0.57728,0.015706
870356.0,-0.001326,-0.001294,-0.000218,48.493179,53.945309,6.459267,-0.020457,0.106864,0.15163,-1.916709,8.297146,0.0,0.0,0.0,0.0,-0.779653,0.242169,-0.577277,0.015683
870457.0,-0.000104,0.000234,8.8e-05,48.493416,53.965649,6.475121,-0.018639,0.114318,0.152027,-1.91511,8.291374,0.0,0.0,0.0,0.0,-0.779656,0.242176,-0.577271,0.015681
870558.0,-0.00041,0.000234,0.001615,48.487976,53.96751,6.485029,-0.021477,0.106596,0.147717,-1.918004,8.296449,0.0,0.0,0.0,0.0,-0.779676,0.242137,-0.57726,0.015673
870659.0,0.000507,-0.000377,0.000393,48.484341,53.98875,6.496189,-0.022895,0.11587,0.144964,-1.920469,8.293135,0.0,0.0,0.0,0.0,-0.779666,0.242147,-0.577269,0.015671
870760.0,0.000201,-0.001294,0.000393,48.48381,53.990917,6.510964,-0.021305,0.107352,0.145107,-1.921013,8.288248,0.0,0.0,0.0,0.0,-0.779665,0.242126,-0.57728,0.015661
870861.0,0.000201,0.000234,-0.000829,48.483776,54.001148,6.516934,-0.019386,0.106787,0.137331,-1.915706,8.293944,0.0,0.0,0.0,0.0,-0.779674,0.242143,-0.577261,0.015642
870966.0,0.000201,0.000539,0.000393,48.483543,54.01284,6.531028,-0.016533,0.107557,0.136866,-1.912818,8.294159,0.0,0.0,0.0,0.0,-0.779686,0.242104,-0.577261,0.015673
871067.0,-0.000104,-0.000988,-0.000829,48.478565,54.013851,6.540772,-0.019459,0.09886,0.133119,-1.912102,8.297861,0.0,0.0,0.0,0.0,-0.7797,0.24214,-0.577226,0.015657
871168.0,-0.001631,-0.000683,8.8e-05,48.478092,54.023964,6.545693,-0.018211,0.098977,0.125882,-1.915237,8.296793,0.0,0.0,0.0,0.0,-0.779701,0.242138,-0.577227,0.015642
871269.0,0.001728,0.000539,-0.000523,48.478069,54.035,6.550499,-0.016666,0.099881,0.119189,-1.91666,8.292726,0.0,0.0,0.0,0.0,-0.779694,0.242135,-0.577238,0.015654
871370.0,-0.00041,0.001455,8.8e-05,48.478184,54.035408,6.567868,-0.015108,0.091472,0.123802,-1.918443,8.294456,0.0,0.0,0.0,0.0,-0.779681,0.242117,-0.577262,0.01566
871471.0,-0.00102,-7.2e-05,-0.001134,48.478111,54.046047,6.570126,-0.013827,0.0927,0.114838,-1.918081,8.296206,0.0,0.0,0.0,0.0,-0.779695,0.242127,-0.57724,0.015652
871571.0,-0.000104,0.00115,-0.000829,48.472916,54.057686,6.593753,-0.0172,0.094741,0.12542,-1.915661,8.296306,0.0,0.0,0.0,0.0,-0.779692,0.242155,-0.577231,0.015643
871673.0,-0.000104,0.000845,8.8e-05,48.472389,54.068939,6.596655,-0.016116,0.096229,0.116774,-1.924407,8.295097,0.0,0.0,0.0,0.0,-0.779687,0.242174,-0.577231,0.01563
871774.0,-0.00102,-0.000988,0.000393,48.467201,54.069859,6.61011,-0.019321,0.088287,0.118253,-1.923471,8.302938,0.0,0.0,0.0,0.0,-0.779701,0.242197,-0.577203,0.015634
871875.0,-0.000104,-7.2e-05,0.000393,48.466713,54.090221,6.624047,-0.017989,0.09866,0.12005,-1.91628,8.297935,0.0,0.0,0.0,0.0,-0.779709,0.242207,-0.577188,0.015625
871977.0,-0.00041,0.000234,0.000393,48.46693,54.090439,6.626865,-0.017587,0.097901,0.121689,-1.917297,8.298158,0.0,0.0,0.0,0.0,-0.779708,0.242208,-0.577189,0.015623
872077.0,-0.001631,-0.001599,8.8e-05,48.461536,54.092823,6.632967,-0.021109,0.090746,0.115899,-1.922625,8.291768,0.0,0.0,0.0,0.0,-0.779711,0.242198,-0.577189,0.01562
872178.0,0.001728,0.000234,-0.000523,48.460934,54.092609,6.649231,-0.019723,0.082279,0.120014,-1.919342,8.294116,0.0,0.0,0.0,0.0,-0.779705,0.242206,-0.577194,0.015626
872279.0,-0.00041,-0.000377,0.000393,48.460918,54.0924,6.648794,-0.017946,0.074613,0.108819,-1.923253,8.289932,0.0,0.0,0.0,0.0,-0.779698,0.242211,-0.577201,0.015606
872380.0,-0.000104,-0.001294,-0.000523,48.461067,54.112309,6.669449,-0.016168,0.085866,0.117529,-1.915372,8.295008,0.0,0.0,0.0,0.0,-0.779706,0.242221,-0.577187,0.015604
872481.0,-0.000715,0.000234,0.000393,48.455837,54.124794,6.691102,-0.019455,0.089355,0.12635,-1.923068,8.291215,0.0,0.0,0.0,0.0,-0.779715,0.242216,-0.577176,0.015606
872683.0,0.000507,-0.000377,-0.000218,48.450127,54.147324,6.721457,-0.021218,0.093251,0.130672,-1.918423,8.297343,0.0,0.0,0.0,0.0,-0.779705,0.242253,-0.577174,0.015599
872787.0,0.000507,0.001761,0.000699,48.444324,54.169353,6.743475,-0.024582,0.104789,0.138457,-1.917915,8.293335,0.0,0.0,0.0,0.0,-0.779711,0.242255,-0.577165,0.015615
872890.0,-0.001326,0.000234,-0.000218,48.443771,54.181763,6.761781,-0.022747,0.106226,0.142071,-1.91384,8.295463,0.0,0.0,0.0,0.0,-0.779714,0.242253,-0.577162,0.015612
872996.0,-0.00041,-0.000377,-0.000523,48.443882,54.182148,6.772789,-0.017278,0.082638,0.134618,-1.919556,8.29177,0.0,0.0,0.0,0.0,-0.779665,0.242239,-0.577234,0.015604
873098.0,0.001423,-7.2e-05,0.000699,48.443741,54.20319,6.782107,-0.015764,0.094252,0.130077,-1.917321,8.292883,0.0,0.0,0.0,0.0,-0.77969,0.242239,-0.577201,0.015591
873201.0,0.001118,0.000845,0.001004,48.438583,54.205513,6.804193,-0.018429,0.08876,0.137043,-1.924478,8.287444,0.0,0.0,0.0,0.0,-0.779687,0.242244,-0.577203,0.015583
873303.0,0.001728,-0.001599,-0.000829,48.432774,54.226688,6.819646,-0.021439,0.09803,0.138192,-1.919424,8.2951,0.0,0.0,0.0,0.0,-0.779696,0.242242,-0.577191,0.015596
873404.0,0.000507,-7.2e-05,-0.000829,48.432373,54.238358,6.834031,-0.020045,0.099372,0.138466,-1.918484,8.294863,0.0,0.0,0.0,0.0,-0.779702,0.242252,-0.57718,0.015555
873507.0,0.000507,-0.000377,-0.000218,48.432281,54.250183,6.851394,-0.018453,0.100677,0.141009,-1.92491,8.293235,0.0,0.0,0.0,0.0,-0.779708,0.242276,-0.577162,0.015548
873610.0,0.000812,0.00115,-0.000523,48.427052,54.271919,6.859309,-0.021209,0.110083,0.135546,-1.919972,8.295818,0.0,0.0,0.0,0.0,-0.779717,0.24228,-0.577148,0.015544
873713.0,0.000507,-0.000683,0.000699,48.426464,54.305817,6.886418,-0.019865,0.12891,0.146485,-1.923748,8.290593,0.0,0.0,0.0,0.0,-0.779714,0.242292,-0.577149,0.015509
873814.0,0.001728,-7.2e-05,8.8e-05,48.421097,54.309353,6.8842,-0.022695,0.120882,0.132171,-1.920051,8.295934,0.0,0.0,0.0,0.0,-0.779715,0.242294,-0.577146,0.015503
873915.0,-0.001326,0.001455,-0.000523,48.415295,54.330162,6.877625,-0.025653,0.128146,0.115465,-1.922868,8.296002,0.0,0.0,0.0,0.0,-0.779714,0.242313,-0.57714,0.015512
874020.0,-0.00041,-0.000377,-0.000218,48.409492,54.331928,6.867407,-0.029396,0.114127,0.09004,-1.922047,8.298384,0.0,0.0,0.0,0.0,-0.779717,0.242381,-0.577107,0.015504
874125.0,0.001118,0.000845,0.001615,48.403442,54.342136,6.855169,-0.031953,0.112511,0.070714,-1.92364,8.293449,0.0,0.0,0.0,0.0,-0.779738,0.242368,-0.577084,0.015514
874232.0,-0.000104,0.000234,0.000393,48.3974,54.353954,6.844088,-0.034266,0.1124,0.054581,-1.917727,8.295941,0.0,0.0,0.0,0.0,-0.779742,0.24239,-0.57707,0.015505
874337.0,-0.002242,-0.000377,0.000699,48.391293,54.35527,6.836435,-0.03641,0.103342,0.043119,-1.922722,8.292884,0.0,0.0,0.0,0.0,-0.779731,0.242392,-0.577083,0.015513
874441.0,0.001118,-7.2e-05,0.000393,48.385532,54.365082,6.831598,-0.038046,0.102553,0.035372,-1.925496,8.293675,0.0,0.0,0.0,0.0,-0.779746,0.242394,-0.577063,0.015507
874543.0,-0.001326,-0.001294,8.8e-05,48.379665,54.376442,6.825369,-0.039783,0.103334,0.026886,-1.925149,8.29461,0.0,0.0,0.0,0.0,-0.779778,0.242355,-0.577035,0.015513
874647.0,-0.000104,-0.000988,-0.000218,48.373737,54.37722,6.817769,-0.041311,0.095017,0.018218,-1.9192,8.296177,0.0,0.0,0.0,0.0,-0.779805,0.242357,-0.576998,0.015509
874750.0,-0.00041,0.000539,-0.000523,48.367695,54.387985,6.812644,-0.042774,0.095788,0.012505,-1.922287,8.300493,0.0,0.0,0.0,0.0,-0.779822,0.242341,-0.576982,0.015519
874853.0,0.001728,-0.000377,8.8e-05,48.361641,54.39975,6.810649,-0.044142,0.09739,0.009836,-1.920847,8.29386,0.0,0.0,0.0,0.0,-0.779826,0.242326,-0.576983,0.015534
874956.0,-0.000715,-0.001599,-0.00144,48.355846,54.400139,6.787959,-0.045172,0.089402,-0.009566,-1.919518,8.290756,0.0,0.0,0.0,0.0,-0.779815,0.242366,-0.576981,0.015516
875062.0,-0.000104,-0.001294,8.8e-05,48.354172,54.398075,6.76187,-0.041051,0.073313,-0.040888,-1.922068,8.285042,0.0,0.0,0.0,0.0,-0.779853,0.242369,-0.576929,0.015492
875165.0,-0.000715,-0.000988,8.8e-05,48.343784,54.402199,6.757933,-0.045959,0.070583,-0.040661,-1.925065,8.289698,0.0,0.0,0.0,0.0,-0.779872,0.242378,-0.5769,0.015472
875268.0,0.000812,-7.2e-05,-0.000523,48.34248,54.402969,6.739943,-0.04325,0.065452,-0.051638,-1.918966,8.295259,0.0,0.0,0.0,0.0,-0.779874,0.24237,-0.5769,0.015478
875370.0,-0.000715,0.000539,8.8e-05,48.337547,54.412678,6.730819,-0.043664,0.067903,-0.054743,-1.922615,8.298091,0.0,0.0,0.0,0.0,-0.779864,0.242389,-0.576907,0.015464
875473.0,-0.00041,-0.001294,-0.000218,48.336563,54.414398,6.713151,-0.040732,0.063509,-0.064664,-1.9274,8.290919,0.0,0.0,0.0,0.0,-0.779868,0.242383,-0.576903,0.015453
875576.0,-0.000104,-0.000377,-0.000523,48.331421,54.414379,6.700443,-0.041542,0.057961,-0.06975,-1.925828,8.291359,0.0,0.0,0.0,0.0,-0.779873,0.242395,-0.576891,0.01546
875679.0,0.000507,0.000539,-0.000218,48.325573,54.414597,6.67797,-0.042901,0.053036,-0.082762,-1.91903,8.290144,0.0,0.0,0.0,0.0,-0.779879,0.242391,-0.576885,0.015465
875782.0,0.000507,-7.2e-05,-0.000829,48.325081,54.414448,6.656116,-0.039474,0.048145,-0.094237,-1.926515,8.293634,0.0,0.0,0.0,0.0,-0.779876,0.242387,-0.576891,0.015461
875885.0,0.000201,0.000845,-0.000829,48.319904,54.414341,6.638688,-0.04045,0.043721,-0.100925,-1.925085,8.290249,0.0,0.0,0.0,0.0,-0.779877,0.242391,-0.576887,0.015458
875986.0,0.000507,0.001455,-0.000218,48.319305,54.414413,6.618566,-0.037371,0.03987,-0.109576,-1.921248,8.297192,0.0,0.0,0.0,0.0,-0.779873,0.242383,-0.576897,0.015488
876088.0,0.000812,0.001455,-0.000218,48.314186,54.404491,6.594059,-0.039112,0.021323,-0.126094,-1.921874,8.293181,0.0,0.0,0.0,0.0,-0.779888,0.242411,-0.576863,0.015487
876189.0,0.000812,-0.001904,8.8e-05,48.308487,54.41301,6.580101,-0.040604,0.026789,-0.127145,-1.928081,8.293973,0.0,0.0,0.0,0.0,-0.779898,0.242401,-0.576855,0.015482
876290.0,-0.000715,-0.001904,-0.000218,48.308033,54.41378,6.560261,-0.037543,0.025164,-0.133007,-1.925985,8.292027,0.0,0.0,0.0,0.0,-0.7799,0.242421,-0.576844,0.015459
876391.0,-0.003158,-7.2e-05,0.001309,48.303089,54.413635,6.535702,-0.038515,0.022884,-0.14237,-1.926865,8.287116,0.0,0.0,0.0,0.0,-0.779903,0.242443,-0.576832,0.015433
876492.0,-0.000715,-0.001294,0.000393,48.297264,54.413719,6.522292,-0.040176,0.020969,-0.141537,-1.928284,8.294964,0.0,0.0,0.0,0.0,-0.779902,0.242463,-0.576825,0.015409
876593.0,-0.001937,0.00115,0.000699,48.296539,54.413784,6.50018,-0.037291,0.019197,-0.14823,-1.924821,8.29328,0.0,0.0,0.0,0.0,-0.779919,0.242462,-0.576804,0.015368
876694.0,-0.001326,-0.000377,-0.000523,48.291386,54.4137,6.478716,-0.038511,0.017418,-0.15386,-1.933067,8.297501,0.0,0.0,0.0,0.0,-0.779918,0.242483,-0.576797,0.015345
876796.0,-0.001326,0.000539,0.000699,48.285717,54.413635,6.454813,-0.040064,0.015802,-0.161083,-1.932424,8.289756,0.0,0.0,0.0,0.0,-0.779908,0.242515,-0.576798,0.015322
876897.0,-0.000104,-7.2e-05,-0.000218,48.279789,54.41367,6.438913,-0.041722,0.014424,-0.16075,-1.925731,8.290483,0.0,0.0,0.0,0.0,-0.779913,0.242496,-0.576798,0.015339
876998.0,0.000507,-7.2e-05,-0.000523,48.274075,54.424061,6.425532,-0.043059,0.022345,-0.158275,-1.923529,8.290772,0.0,0.0,0.0,0.0,-0.779929,0.242497,-0.576777,0.01533
877105.0,-0.001326,-0.000377,-0.000829,48.269527,54.424553,6.414792,-0.042945,0.018737,-0.147769,-1.929929,8.287476,0.0,0.0,0.0,0.0,-0.779922,0.242578,-0.576752,0.015319
877206.0,-0.000104,-0.000683,-0.000829,48.267475,54.435108,6.41135,-0.040857,0.026598,-0.136362,-1.930495,8.285872,0.0,0.0,0.0,0.0,-0.779925,0.242579,-0.576746,0.015335
877307.0,0.000507,0.000539,0.000393,48.267838,54.436462,6.406553,-0.0375,0.025603,-0.129338,-1.93551,8.291677,0.0,0.0,0.0,0.0,-0.779909,0.24258,-0.576768,0.015341
877408.0,0.000201,-0.000683,-0.000523,48.262711,54.446945,6.399305,-0.038504,0.031602,-0.124822,-1.925112,8.290465,0.0,0.0,0.0,0.0,-0.779907,0.242597,-0.576764,0.015329
877509.0,-0.00102,-0.000377,-0.000523,48.256836,54.448059,6.378424,-0.040055,0.029978,-0.131319,-1.92833,8.286974,0.0,0.0,0.0,0.0,-0.779912,0.242647,-0.576736,0.015332
877610.0,-0.001631,-0.000988,-0.000523,48.251099,54.448021,6.368876,-0.041402,0.027524,-0.128355,-1.939986,8.292824,0.0,0.0,0.0,0.0,-0.779917,0.242657,-0.576726,0.015311
877711.0,0.000201,-0.001599,-0.000829,48.245388,54.447887,6.348895,-0.042641,0.025134,-0.134055,-1.931922,8.288463,0.0,0.0,0.0,0.0,-0.779931,0.24266,-0.576706,0.015291
877813.0,0.000507,0.001455,0.001309,48.245014,54.447742,6.330279,-0.039343,0.022897,-0.138239,-1.935193,8.291683,0.0,0.0,0.0,0.0,-0.779927,0.242658,-0.576713,0.015285
877914.0,-0.001937,0.000234,-0.000523,48.239845,54.447624,6.321332,-0.040354,0.020833,-0.134017,-1.934812,8.287754,0.0,0.0,0.0,0.0,-0.779926,0.242674,-0.576708,0.015268
878015.0,0.001118,-0.001294,0.001004,48.233917,54.437092,6.294828,-0.041909,0.010081,-0.144937,-1.933428,8.290099,0.0,0.0,0.0,0.0,-0.779934,0.242661,-0.576702,0.01526
878119.0,0.000507,-7.2e-05,0.000699,48.233658,54.435905,6.284557,-0.03675,0.007258,-0.139249,-1.933842,8.296382,0.0,0.0,0.0,0.0,-0.779966,0.242666,-0.576657,0.015265
878220.0,0.001118,-0.000377,8.8e-05,48.228268,54.456806,6.290722,-0.038167,0.024464,-0.121446,-1.93217,8.289125,0.0,0.0,0.0,0.0,-0.779969,0.242685,-0.576645,0.015231
878321.0,-0.00102,-0.001294,0.000393,48.222546,54.469643,6.293118,-0.039674,0.032841,-0.109498,-1.92689,8.290277,0.0,0.0,0.0,0.0,-0.779976,0.242691,-0.576634,0.015219
878422.0,0.000201,0.00115,-0.000218,48.222435,54.481197,6.298378,-0.036491,0.03959,-0.096208,-1.926645,8.28861,0.0,0.0,0.0,0.0,-0.779972,0.242684,-0.576642,0.015235
878523.0,-0.000104,-7.2e-05,0.000699,48.217037,54.492916,6.302678,-0.037931,0.046028,-0.084668,-1.935074,8.294021,0.0,0.0,0.0,0.0,-0.779987,0.242656,-0.576633,0.015237
878624.0,-0.000104,0.000539,-0.000523,48.216667,54.515221,6.308462,-0.035009,0.060829,-0.072721,-1.939151,8.28886,0.0,0.0,0.0,0.0,-0.779988,0.24269,-0.576618,0.015213
878725.0,0.000201,-0.001599,8.8e-05,48.21125,54.517452,6.314797,-0.036607,0.057504,-0.061217,-1.932937,8.289042,0.0,0.0,0.0,0.0,-0.779986,0.24272,-0.576609,0.015202
878826.0,0.000201,-0.000377,-0.000829,48.210922,54.528011,6.318363,-0.033723,0.061552,-0.052976,-1.936551,8.28707,0.0,0.0,0.0,0.0,-0.780008,0.242718,-0.57658,0.015191
878927.0,0.001118,-0.000683,-0.000523,48.205696,54.539387,6.325518,-0.03529,0.065983,-0.042337,-1.93094,8.283687,0.0,0.0,0.0,0.0,-0.780006,0.242738,-0.576574,0.015185
879028.0,-0.00102,-0.000988,8.8e-05,48.205399,54.561558,6.335046,-0.032465,0.079376,-0.030533,-1.932128,8.287868,0.0,0.0,0.0,0.0,-0.780005,0.242743,-0.576575,0.015169
879130.0,-0.001937,-7.2e-05,-0.000218,48.202602,54.558228,6.344294,-0.034809,0.075515,-0.021665,-1.929398,8.288094,0.0,0.0,0.0,0.0,-0.780003,0.242751,-0.576574,0.015164
879230.0,-0.000104,0.001455,0.000393,48.204311,54.581348,6.349091,-0.029354,0.091834,-0.014743,-1.931088,8.290145,0.0,0.0,0.0,0.0,-0.780007,0.242769,-0.576561,0.015143
879331.0,0.000507,-0.001904,0.000393,48.194885,54.586319,6.351396,-0.034996,0.08803,-0.011416,-1.930964,8.287766,0.0,0.0,0.0,0.0,-0.780019,0.242754,-0.576553,0.01512
879432.0,-0.00041,-7.2e-05,8.8e-05,48.194386,54.596432,6.354652,-0.032366,0.089086,-0.007619,-1.929398,8.289618,0.0,0.0,0.0,0.0,-0.780033,0.242769,-0.576528,0.0151
879533.0,-0.000715,-7.2e-05,0.001309,48.194321,54.608089,6.362143,-0.029572,0.091401,-0.0005,-1.93059,8.282399,0.0,0.0,0.0,0.0,-0.780049,0.242783,-0.5765,0.015093
879634.0,-0.000715,0.000539,-0.000523,48.199795,54.630714,6.390493,-0.022231,0.103024,0.023904,-1.93562,8.289288,0.0,0.0,0.0,0.0,-0.780053,0.242791,-0.576491,0.015084
879735.0,-0.001326,0.000845,8.8e-05,48.189613,54.632339,6.375314,-0.029121,0.095396,0.008796,-1.939378,8.284058,0.0,0.0,0.0,0.0,-0.780044,0.242784,-0.576506,0.015096
879837.0,-0.001326,0.000539,-0.000523,48.19426,54.642605,6.37135,-0.022516,0.095947,0.004619,-1.932928,8.289828,0.0,0.0,0.0,0.0,-0.780053,0.242794,-0.57649,0.015095
879938.0,0.000201,-0.000683,-0.001134,48.183949,54.642948,6.378395,-0.029534,0.08775,0.0103,-1.934154,8.29143,0.0,0.0,0.0,0.0,-0.780052,0.242804,-0.576486,0.015103
880039.0,-0.001326,-0.001599,0.000699,48.182941,54.642918,6.363249,-0.027814,0.079996,-0.003627,-1.93419,8.29251,0.0,0.0,0.0,0.0,-0.780057,0.242818,-0.576475,0.015068
880140.0,-0.000104,-0.000683,-0.000218,48.178551,54.650372,6.360261,-0.029709,0.079213,-0.006644,-1.928034,8.289059,0.0,0.0,0.0,0.0,-0.78008,0.242821,-0.576444,0.01503
880241.0,0.000507,-0.001599,-0.000523,48.177231,54.663799,6.366,-0.028229,0.08402,-0.00084,-1.934423,8.291264,0.0,0.0,0.0,0.0,-0.780102,0.242812,-0.576417,0.015034
880342.0,0.001118,0.001761,0.000699,48.177391,54.675602,6.372036,-0.025792,0.086734,0.004168,-1.93415,8.288715,0.0,0.0,0.0,0.0,-0.7801,0.242799,-0.576426,0.015043
880443.0,0.000507,-0.001599,0.000393,48.166786,54.675709,6.384624,-0.032332,0.079614,0.01406,-1.930156,8.284258,0.0,0.0,0.0,0.0,-0.780108,0.24281,-0.57641,0.015051
880545.0,0.000507,-7.2e-05,8.8e-05,48.16581,54.675674,6.375719,-0.030436,0.072866,0.005549,-1.934209,8.291931,0.0,0.0,0.0,0.0,-0.780101,0.242805,-0.576422,0.015053
880646.0,-0.000104,-0.000377,8.8e-05,48.165737,54.697243,6.389533,-0.027918,0.084676,0.016495,-1.93299,8.284816,0.0,0.0,0.0,0.0,-0.780136,0.242763,-0.576391,0.015082
880747.0,0.000201,0.000234,-0.000829,48.165985,54.709667,6.40374,-0.025346,0.087932,0.026927,-1.931681,8.287196,0.0,0.0,0.0,0.0,-0.780141,0.24276,-0.576385,0.015111
880848.0,-0.000104,-7.2e-05,0.000393,48.166203,54.721096,6.419575,-0.023002,0.090097,0.037874,-1.931211,8.285871,0.0,0.0,0.0,0.0,-0.780138,0.242746,-0.576395,0.015133
880950.0,-0.00102,-0.000988,0.000393,48.166416,54.721546,6.430374,-0.020842,0.082715,0.043713,-1.934856,8.291074,0.0,0.0,0.0,0.0,-0.780126,0.242743,-0.576412,0.015116
881051.0,-0.002548,-0.000377,-0.000218,48.172127,54.74276,6.428627,-0.01416,0.093666,0.038498,-1.929234,8.283234,0.0,0.0,0.0,0.0,-0.78012,0.242763,-0.576412,0.015097
881156.0,0.001118,-0.000377,-0.000218,48.163715,54.726501,6.428189,-0.021954,0.0775,0.037748,-1.932445,8.2885,0.0,0.0,0.0,0.0,-0.780123,0.242759,-0.57641,0.0151
881262.0,0.000201,-7.2e-05,0.000699,48.157951,54.746986,6.447324,-0.024595,0.091283,0.052398,-1.935133,8.286746,0.0,0.0,0.0,0.0,-0.780124,0.242774,-0.576402,0.015083
881362.0,0.000507,-0.001294,-0.001134,48.155483,54.756149,6.45259,-0.024595,0.091283,0.052398,-1.927078,8.285431,0.0,0.0,0.0,0.0,-0.780129,0.242776,-0.576394,0.015081
881464.0,-0.00102,-0.001294,-0.001745,48.156971,54.747768,6.447928,-0.021053,0.075721,0.043413,-1.933604,8.287496,0.0,0.0,0.0,0.0,-0.780144,0.242777,-0.576375,0.015084
881565.0,-0.001631,0.000539,-0.000829,48.156853,54.748165,6.453115,-0.01919,0.068973,0.044118,-1.937615,8.291002,0.0,0.0,0.0,0.0,-0.780143,0.242792,-0.576369,0.015071
881666.0,-0.00102,0.000845,0.000393,48.151733,54.748043,6.463921,-0.022132,0.062398,0.049927,-1.935461,8.288856,0.0,0.0,0.0,0.0,-0.780133,0.242794,-0.576382,0.015055
881767.0,-0.00102,-0.000988,0.000393,48.151253,54.747929,6.461848,-0.020516,0.056479,0.043428,-1.936293,8.291296,0.0,0.0,0.0,0.0,-0.780135,0.242813,-0.576372,0.015039
881868.0,0.001118,0.000234,8.8e-05,48.151234,54.737671,6.453103,-0.018601,0.04165,0.031378,-1.929682,8.287874,0.0,0.0,0.0,0.0,-0.780147,0.242791,-0.576365,0.01505
881970.0,-0.00102,-0.000377,-0.00144,48.146118,54.746731,6.454564,-0.021608,0.046165,0.029804,-1.933749,8.286614,0.0,0.0,0.0,0.0,-0.780149,0.242832,-0.576346,0.015032
882070.0,-0.001631,0.000539,-0.000523,48.145508,54.747845,6.451676,-0.020161,0.042879,0.024402,-1.931421,8.293798,0.0,0.0,0.0,0.0,-0.780159,0.242815,-0.576339,0.015018
882175.0,0.000507,-0.001904,0.000699,48.145199,54.748486,6.45296,-0.015549,0.033018,0.021756,-1.931893,8.295275,0.0,0.0,0.0,0.0,-0.7802,0.242807,-0.576289,0.014978
882276.0,0.000201,0.000234,-0.000218,48.140392,54.747704,6.45525,-0.018425,0.029352,0.021844,-1.942627,8.286331,0.0,0.0,0.0,0.0,-0.780203,0.242813,-0.576283,0.014967
882377.0,-0.00041,-0.000683,0.001004,48.140041,54.757607,6.457191,-0.017267,0.0347,0.021627,-1.940965,8.289565,0.0,0.0,0.0,0.0,-0.780201,0.242841,-0.576274,0.014931
882479.0,-0.00041,0.000539,0.000393,48.134789,54.748589,6.460925,-0.020046,0.024798,0.022872,-1.932626,8.293675,0.0,0.0,0.0,0.0,-0.780196,0.242849,-0.576278,0.014917
882580.0,-0.001326,-0.001294,-0.000218,48.134155,54.7477,6.463391,-0.018922,0.022059,0.023001,-1.941549,8.288629,0.0,0.0,0.0,0.0,-0.780198,0.242846,-0.576276,0.014909
882680.0,-0.00102,-0.000377,-0.000829,48.134144,54.75779,6.472937,-0.017361,0.028547,0.029002,-1.934963,8.291157,0.0,0.0,0.0,0.0,-0.780185,0.242862,-0.576287,0.014906
882782.0,-0.001937,0.000539,0.000393,48.134186,54.758759,6.475599,-0.015841,0.026924,0.028769,-1.934285,8.291971,0.0,0.0,0.0,0.0,-0.780176,0.242882,-0.576292,0.014896
882883.0,0.000201,-0.000377,-0.001134,48.129025,54.758789,6.48186,-0.018899,0.024607,0.031642,-1.931107,8.29053,0.0,0.0,0.0,0.0,-0.78017,0.242902,-0.576292,0.014878
882984.0,-0.00041,-0.001599,-0.000523,48.128445,54.758873,6.476565,-0.017748,0.022521,0.024293,-1.934486,8.28877,0.0,0.0,0.0,0.0,-0.780163,0.242901,-0.576302,0.014864
883085.0,0.001118,-0.000377,0.000393,48.128445,54.758801,6.481175,-0.016171,0.020454,0.026173,-1.937002,8.286651,0.0,0.0,0.0,0.0,-0.780179,0.242899,-0.576281,0.014861
883188.0,0.000812,-0.000988,0.000699,48.128426,54.758816,6.477457,-0.013941,0.017628,0.018093,-1.940004,8.289515,0.0,0.0,0.0,0.0,-0.780172,0.242926,-0.57628,0.014842
883289.0,-0.001631,-0.00221,-0.000218,48.123337,54.768967,6.48443,-0.017125,0.024864,0.022692,-1.942652,8.289285,0.0,0.0,0.0,0.0,-0.780166,0.242942,-0.576281,0.014847
883391.0,-0.000715,0.000845,-0.000829,48.122971,54.769775,6.478921,-0.015988,0.023437,0.016109,-1.937846,8.28976,0.0,0.0,0.0,0.0,-0.780169,0.242943,-0.576276,0.014847
883492.0,0.002645,-0.000377,8.8e-05,48.122772,54.75985,6.478867,-0.014794,0.013027,0.01469,-1.936586,8.291717,0.0,0.0,0.0,0.0,-0.780181,0.242916,-0.576271,0.014863
883593.0,0.000507,-0.001904,8.8e-05,48.117554,54.758644,6.478765,-0.017953,0.010874,0.013344,-1.944545,8.29287,0.0,0.0,0.0,0.0,-0.780192,0.242911,-0.576259,0.014835
883694.0,0.000507,-7.2e-05,8.8e-05,48.1171,54.758484,6.477843,-0.01676,0.009782,0.011387,-1.945446,8.283819,0.0,0.0,0.0,0.0,-0.780204,0.242929,-0.576236,0.014818
883795.0,-0.002242,0.000234,0.001004,48.117119,54.748051,6.480136,-0.015255,-0.000222,0.012374,-1.938672,8.286285,0.0,0.0,0.0,0.0,-0.780197,0.242938,-0.576241,0.014797
883896.0,-0.00102,-0.000683,8.8e-05,48.117168,54.74699,6.478862,-0.013859,-0.001148,0.010169,-1.943395,8.28376,0.0,0.0,0.0,0.0,-0.780209,0.242937,-0.576227,0.014798
883997.0,-0.000104,-0.002515,0.000393,48.117146,54.7365,6.468585,-0.012643,-0.010326,0.000272,-1.939921,8.288427,0.0,0.0,0.0,0.0,-0.780234,0.242925,-0.576197,0.014811
884098.0,-0.001326,-0.000377,-0.000218,48.11721,54.73542,6.464723,-0.011469,-0.010361,-0.003143,-1.943514,8.286224,0.0,0.0,0.0,0.0,-0.780248,0.24294,-0.576172,0.01481
884198.0,0.000507,0.000234,-0.000523,48.112556,54.735538,6.456514,-0.01798,-0.008226,-0.016235,-1.936701,8.289245,0.0,0.0,0.0,0.0,-0.780247,0.242935,-0.576174,0.014847
884299.0,-0.000104,-0.001294,-0.000218,48.116478,54.715298,6.451319,-0.012881,-0.025474,-0.019654,-1.939476,8.286289,0.0,0.0,0.0,0.0,-0.780253,0.24294,-0.576164,0.014844
884400.0,-0.000104,0.000539,0.000699,48.111958,54.712749,6.441789,-0.015361,-0.025457,-0.02567,-1.945311,8.289711,0.0,0.0,0.0,0.0,-0.780233,0.242969,-0.57618,0.014837
884501.0,-0.00041,0.00115,8.8e-05,48.116699,54.712414,6.428254,-0.010426,-0.0237,-0.03431,-1.944065,8.286527,0.0,0.0,0.0,0.0,-0.780213,0.24297,-0.576206,0.014802
884602.0,-0.00041,-7.2e-05,-0.000523,48.117188,54.712334,6.427065,-0.009186,-0.021846,-0.032489,-1.943395,8.287581,0.0,0.0,0.0,0.0,-0.780207,0.242999,-0.576203,0.014788
884703.0,0.002339,0.000845,-0.000829,48.111996,54.701977,6.41686,-0.012659,-0.028491,-0.038121,-1.942812,8.29224,0.0,0.0,0.0,0.0,-0.780202,0.242988,-0.576214,0.014813
884804.0,0.000507,-0.000377,-0.000523,48.11153,54.690563,6.407376,-0.011988,-0.035575,-0.042777,-1.944229,8.294788,0.0,0.0,0.0,0.0,-0.780211,0.242983,-0.576205,0.0148
884905.0,-0.00041,-0.000683,0.000393,48.111538,54.689575,6.403996,-0.010973,-0.033393,-0.042004,-1.941573,8.285841,0.0,0.0,0.0,0.0,-0.780235,0.242974,-0.576175,0.014791
885006.0,-0.000104,-0.000377,-0.000218,48.116882,54.689625,6.409458,-0.005464,-0.030486,-0.033794,-1.944678,8.288872,0.0,0.0,0.0,0.0,-0.780243,0.242973,-0.576165,0.014789
885107.0,-0.00041,0.001761,8.8e-05,48.112114,54.679066,6.38938,-0.009101,-0.036914,-0.048026,-1.942225,8.28585,0.0,0.0,0.0,0.0,-0.780229,0.242966,-0.576187,0.014784
885212.0,0.001118,0.000539,-0.000523,48.111618,54.688354,6.39742,-0.008496,-0.019617,-0.031965,-1.943375,8.285683,0.0,0.0,0.0,0.0,-0.780217,0.242968,-0.576202,0.014815
885313.0,-0.000104,-0.000988,-0.000218,48.116997,54.67955,6.398664,-0.003165,-0.025455,-0.028022,-1.948834,8.285728,0.0,0.0,0.0,0.0,-0.780234,0.242968,-0.57618,0.014791
885414.0,0.000507,-0.000377,-0.000829,48.11224,54.678925,6.400077,-0.006811,-0.023848,-0.024505,-1.938166,8.288976,0.0,0.0,0.0,0.0,-0.780241,0.242973,-0.576167,0.014804
885515.0,-0.000715,0.000234,0.000699,48.117016,54.678673,6.380037,-0.002276,-0.022061,-0.038977,-1.940258,8.284875,0.0,0.0,0.0,0.0,-0.780223,0.242987,-0.576186,0.014814
885616.0,-0.00102,-0.000988,0.001615,48.117577,54.678795,6.399852,-0.001602,-0.020099,-0.019255,-1.938796,8.294294,0.0,0.0,0.0,0.0,-0.780229,0.242996,-0.576175,0.014788
885717.0,-0.001937,-0.000683,0.000699,48.123024,54.66832,6.38507,0.003132,-0.027232,-0.029992,-1.944807,8.293694,0.0,0.0,0.0,0.0,-0.78024,0.243021,-0.57615,0.014754
885818.0,0.001118,0.000539,0.000699,48.118183,54.656803,6.371143,-0.001283,-0.034739,-0.039229,-1.942555,8.289519,0.0,0.0,0.0,0.0,-0.780253,0.243007,-0.576138,0.014771
885919.0,-0.001326,-0.000683,-0.000218,48.123077,54.677052,6.393496,0.003046,-0.014225,-0.016736,-1.937029,8.284,0.0,0.0,0.0,0.0,-0.780249,0.242995,-0.576149,0.014782
886021.0,0.000201,-0.000988,0.000393,48.11821,54.65786,6.384252,-0.00144,-0.029576,-0.023198,-1.947686,8.283808,0.0,0.0,0.0,0.0,-0.780258,0.243036,-0.576119,0.014729
886122.0,0.000812,-0.000377,-0.000829,48.11768,54.645329,6.374709,-0.001774,-0.037869,-0.029385,-1.944144,8.284873,0.0,0.0,0.0,0.0,-0.78026,0.243027,-0.576121,0.014747
886224.0,0.000201,-7.2e-05,-0.001134,48.117718,54.635868,6.361201,-0.001428,-0.04656,-0.044585,-1.940945,8.282374,0.0,0.0,0.0,0.0,-0.780264,0.243052,-0.576104,0.014797
886326.0,0.001118,-0.000683,-0.000218,48.122574,54.632542,6.358614,0.003183,-0.045273,-0.042676,-1.936611,8.287726,0.0,0.0,0.0,0.0,-0.780297,0.243036,-0.576066,0.014781
886427.0,0.001118,-0.000988,8.8e-05,48.11282,54.632851,6.362311,-0.004468,-0.041562,-0.036385,-1.9454,8.281837,0.0,0.0,0.0,0.0,-0.780298,0.243083,-0.576045,0.014754
886528.0,0.001118,0.000234,0.000393,48.111843,54.632576,6.372031,-0.004866,-0.038556,-0.026065,-1.947078,8.281012,0.0,0.0,0.0,0.0,-0.780305,0.243082,-0.576036,0.01474
886629.0,-0.000104,0.000539,0.000699,48.117149,54.643482,6.358935,-0.000315,-0.026989,-0.034225,-1.943679,8.284224,0.0,0.0,0.0,0.0,-0.780303,0.243081,-0.576039,0.01475
886730.0,0.001118,-0.00221,-0.000829,48.112293,54.644737,6.374642,-0.004152,-0.023801,-0.019014,-1.943657,8.283483,0.0,0.0,0.0,0.0,-0.780315,0.243103,-0.576014,0.014741
886831.0,0.001423,-0.000683,8.8e-05,48.106419,54.634335,6.377037,-0.008588,-0.030324,-0.015523,-1.948132,8.288424,0.0,0.0,0.0,0.0,-0.78034,0.243101,-0.575982,0.01473
886932.0,0.000507,-0.001904,-0.000218,48.10585,54.633266,6.378384,-0.008349,-0.028656,-0.013136,-1.950462,8.282214,0.0,0.0,0.0,0.0,-0.780349,0.243121,-0.575961,0.014695
887033.0,-0.002548,-0.000988,-0.000829,48.105846,54.622612,6.374421,-0.00765,-0.035115,-0.01531,-1.943353,8.284494,0.0,0.0,0.0,0.0,-0.780361,0.243161,-0.57593,0.014663
887134.0,0.002339,0.000234,8.8e-05,48.105949,54.632797,6.385206,-0.006922,-0.023547,-0.005002,-1.943887,8.286555,0.0,0.0,0.0,0.0,-0.780371,0.243192,-0.575903,0.014654
887238.0,-0.001937,0.000539,-0.000829,48.100792,54.634315,6.393172,-0.012398,-0.018663,0.004921,-1.945369,8.287032,0.0,0.0,0.0,0.0,-0.780399,0.243194,-0.575863,0.014671
887339.0,-0.001326,0.000234,-0.001134,48.105175,54.634117,6.399986,-0.007514,-0.0172,0.010553,-1.939736,8.285222,0.0,0.0,0.0,0.0,-0.780402,0.24321,-0.575853,0.014677
887440.0,-0.001326,0.000845,-0.000523,48.100441,54.623524,6.392149,-0.010672,-0.024235,0.003401,-1.944094,8.290514,0.0,0.0,0.0,0.0,-0.780384,0.243249,-0.575861,0.014656
887541.0,-0.000104,-0.001294,-0.000829,48.094551,54.622482,6.381074,-0.014551,-0.023105,-0.005737,-1.946309,8.284656,0.0,0.0,0.0,0.0,-0.780399,0.243227,-0.575849,0.014664
887642.0,0.000201,-0.00221,8.8e-05,48.099491,54.622543,6.386647,-0.009339,-0.021153,-0.00078,-1.945989,8.287112,0.0,0.0,0.0,0.0,-0.780398,0.243246,-0.575844,0.014658
887743.0,-0.002548,0.000845,-0.001745,48.094582,54.6227,6.378144,-0.012601,-0.019256,-0.007651,-1.947638,8.280701,0.0,0.0,0.0,0.0,-0.780398,0.243271,-0.575833,0.01464
887844.0,0.002034,-0.000683,0.000699,48.094177,54.622868,6.385266,-0.011873,-0.017491,-0.001133,-1.944422,8.284472,0.0,0.0,0.0,0.0,-0.780411,0.243266,-0.575818,0.014624
887946.0,-0.000104,-0.00221,0.000393,48.099644,54.62291,6.357018,-0.006274,-0.015972,-0.024503,-1.941156,8.288112,0.0,0.0,0.0,0.0,-0.780423,0.2433,-0.575789,0.014588
888047.0,-0.000715,-0.000683,-0.000523,48.100288,54.623051,6.364531,-0.005198,-0.014489,-0.016151,-1.950066,8.285016,0.0,0.0,0.0,0.0,-0.780423,0.243318,-0.575782,0.014563
888148.0,-0.00102,0.00115,-0.000218,48.100395,54.612267,6.361754,-0.004669,-0.022386,-0.017115,-1.939646,8.28771,0.0,0.0,0.0,0.0,-0.780418,0.243342,-0.575778,0.014547
888254.0,0.000201,-7.2e-05,8.8e-05,48.105995,54.623291,6.366657,0.003797,-0.003773,-0.008266,-1.945798,8.28712,0.0,0.0,0.0,0.0,-0.780399,0.243345,-0.575804,0.014527
888354.0,0.000201,0.000234,-0.000523,48.106731,54.631996,6.37233,0.004158,0.005901,-0.001196,-1.941925,8.291196,0.0,0.0,0.0,0.0,-0.780402,0.243367,-0.575791,0.014514
888456.0,-0.000104,-0.000988,-0.001134,48.106853,54.614368,6.363188,0.00394,-0.007686,-0.008156,-1.946727,8.282864,0.0,0.0,0.0,0.0,-0.780384,0.243395,-0.575804,0.014498
888557.0,-0.00041,-0.000377,0.000699,48.101391,54.623417,6.377019,-0.00043,-0.000323,0.002832,-1.943284,8.282948,0.0,0.0,0.0,0.0,-0.780375,0.243412,-0.575808,0.014489
888659.0,0.000201,-0.000377,0.000393,48.101391,54.613361,6.371625,-0.000755,-0.008011,-0.001083,-1.950691,8.28001,0.0,0.0,0.0,0.0,-0.780379,0.243408,-0.575806,0.014462
888760.0,0.000812,0.000234,-0.000829,48.100899,54.61327,6.373544,-0.001127,-0.00739,0.000643,-1.953356,8.28355,0.0,0.0,0.0,0.0,-0.780377,0.243427,-0.575801,0.014445
888861.0,0.001118,0.000539,-0.000218,48.09573,54.613266,6.37638,-0.00553,-0.006737,0.003038,-1.952517,8.288747,0.0,0.0,0.0,0.0,-0.78037,0.243414,-0.575816,0.014458
888962.0,0.000812,0.000539,0.000393,48.100327,54.61327,6.378578,-0.000952,-0.006118,0.004694,-1.948438,8.282289,0.0,0.0,0.0,0.0,-0.780391,0.243393,-0.575796,0.014455
889063.0,-0.001326,0.000845,-0.000523,48.100792,54.613277,6.381463,-0.000425,-0.00555,0.006828,-1.954153,8.281123,0.0,0.0,0.0,0.0,-0.780378,0.24342,-0.575802,0.014452
889164.0,0.000507,-0.000683,0.000393,48.095726,54.613285,6.373849,-0.004955,-0.005033,-0.000604,-1.953286,8.286897,0.0,0.0,0.0,0.0,-0.780369,0.243441,-0.575806,0.014417
889269.0,-0.00041,0.000234,0.000699,48.099979,54.622696,6.371737,0.002645,0.010766,-0.003544,-1.95023,8.280026,0.0,0.0,0.0,0.0,-0.780369,0.243406,-0.575821,0.014433
889370.0,-0.001631,-0.000377,0.000393,48.1008,54.614254,6.377662,0.003136,0.002381,0.002208,-1.946774,8.281508,0.0,0.0,0.0,0.0,-0.780378,0.243417,-0.575804,0.014425
889471.0,-0.00041,0.000539,-0.000829,48.100895,54.623558,6.382869,0.002955,0.010021,0.006452,-1.949654,8.282356,0.0,0.0,0.0,0.0,-0.78036,0.243455,-0.575813,0.014406
889573.0,-0.00041,-0.000377,-0.000218,48.095779,54.624599,6.398686,-0.001648,0.010044,0.01928,-1.951591,8.284531,0.0,0.0,0.0,0.0,-0.780363,0.243446,-0.575812,0.01443
889673.0,-0.001631,0.000845,-0.000218,48.095234,54.624683,6.396181,-0.001965,0.009246,0.015474,-1.952013,8.281864,0.0,0.0,0.0,0.0,-0.780361,0.243443,-0.575815,0.014432
889774.0,-0.001326,-0.000377,0.000393,48.095181,54.614456,6.391504,-0.001846,-0.00048,0.010086,-1.947416,8.283004,0.0,0.0,0.0,0.0,-0.78036,0.243467,-0.575808,0.014407
889875.0,0.000812,0.000845,0.000393,48.084827,54.633865,6.408737,-0.010815,0.016698,0.024258,-1.952726,8.279885,0.0,0.0,0.0,0.0,-0.780342,0.243492,-0.575822,0.0144
889976.0,0.000507,-0.000683,-0.00144,48.083809,54.625568,6.411279,-0.010746,0.007748,0.02434,-1.957839,8.282811,0.0,0.0,0.0,0.0,-0.78036,0.243515,-0.575788,0.014392
890078.0,0.000507,-0.000988,0.001004,48.083729,54.604271,6.401795,-0.009844,-0.012123,0.013696,-1.955772,8.282141,0.0,0.0,0.0,0.0,-0.780386,0.243499,-0.575759,0.014399
890179.0,0.001728,0.000845,8.8e-05,48.068157,54.602066,6.399953,-0.02297,-0.013007,0.010816,-1.950943,8.280849,0.0,0.0,0.0,0.0,-0.780387,0.243512,-0.575752,0.014395
890285.0,0.000812,0.000539,0.000699,48.071293,54.601856,6.399689,-0.009773,-0.010247,0.008012,-1.953446,8.285298,0.0,0.0,0.0,0.0,-0.780382,0.243456,-0.575783,0.014398
890386.0,0.000507,-0.001294,0.000699,48.0723,54.612057,6.409158,-0.008015,-0.000418,0.016349,-1.955011,8.282066,0.0,0.0,0.0,0.0,-0.780395,0.243453,-0.575766,0.01441
890486.0,0.002339,-0.000377,-0.000523,48.072445,54.592758,6.388862,-0.007294,-0.014789,-0.000987,-1.952878,8.284175,0.0,0.0,0.0,0.0,-0.780397,0.243471,-0.575756,0.0144
890588.0,0.001118,-7.2e-05,0.000699,48.067253,54.580517,6.388937,-0.010679,-0.022961,-0.000849,-1.955465,8.283331,0.0,0.0,0.0,0.0,-0.780414,0.243432,-0.575749,0.014412
890689.0,-0.00041,0.000234,-0.001134,48.061523,54.579296,6.380636,-0.014359,-0.022093,-0.007411,-1.948048,8.283726,0.0,0.0,0.0,0.0,-0.780429,0.243447,-0.575723,0.014412
890790.0,-0.00102,-0.000683,8.8e-05,48.060978,54.568916,6.368162,-0.013621,-0.028686,-0.016961,-1.952189,8.282996,0.0,0.0,0.0,0.0,-0.78044,0.243446,-0.575709,0.014386
890891.0,0.000201,-7.2e-05,-0.000523,48.060883,54.567783,6.368957,-0.012556,-0.027222,-0.014884,-1.950035,8.280633,0.0,0.0,0.0,0.0,-0.780436,0.243442,-0.575716,0.014378
890992.0,0.001423,0.000539,-0.000829,48.060928,54.557404,6.358303,-0.011454,-0.033641,-0.022571,-1.949202,8.278579,0.0,0.0,0.0,0.0,-0.780456,0.243432,-0.575693,0.014388
891093.0,-0.000104,-7.2e-05,-0.000523,48.060966,54.546104,6.352069,-0.010439,-0.040394,-0.025939,-1.951123,8.278457,0.0,0.0,0.0,0.0,-0.780472,0.243426,-0.575674,0.014415
891194.0,-0.000715,0.000539,8.8e-05,48.061008,54.534698,6.342517,-0.009492,-0.046712,-0.031887,-1.950086,8.286727,0.0,0.0,0.0,0.0,-0.780466,0.243408,-0.575688,0.014408
891297.0,-0.00102,-0.001294,-0.000523,48.065971,54.534302,6.343312,0.002148,-0.038055,-0.024839,-1.959133,8.286349,0.0,0.0,0.0,0.0,-0.780478,0.243511,-0.575631,0.01435
891398.0,-0.003158,0.00115,8.8e-05,48.056801,54.523804,6.33955,-0.005992,-0.043826,-0.026026,-1.948851,8.28532,0.0,0.0,0.0,0.0,-0.780488,0.243543,-0.575604,0.01434
891499.0,0.000201,-0.000377,0.000393,48.060822,54.522423,6.330374,-0.002544,-0.041561,-0.031139,-1.952924,8.277466,0.0,0.0,0.0,0.0,-0.780479,0.243579,-0.575601,0.014304
891600.0,-0.00102,-0.000377,0.001004,48.061272,54.522438,6.327743,-0.002018,-0.038368,-0.030743,-1.959143,8.277371,0.0,0.0,0.0,0.0,-0.780487,0.243598,-0.575584,0.014265
891701.0,-0.001326,-0.000377,-0.000218,48.050793,54.512192,6.322311,-0.010104,-0.043375,-0.03258,-1.953291,8.280974,0.0,0.0,0.0,0.0,-0.78049,0.243602,-0.575578,0.014271
891802.0,0.001728,-0.001599,8.8e-05,48.060295,54.511314,6.323879,-0.001601,-0.040536,-0.028643,-1.956731,8.27474,0.0,0.0,0.0,0.0,-0.780509,0.243598,-0.575555,0.014261
891903.0,0.001423,0.002372,0.000393,48.05072,54.500717,6.313256,-0.009325,-0.045871,-0.034978,-1.956964,8.279531,0.0,0.0,0.0,0.0,-0.780484,0.243613,-0.575582,0.014259
892004.0,-0.00041,-0.001599,0.000699,48.04974,54.489338,6.305295,-0.009358,-0.051504,-0.038663,-1.954309,8.28354,0.0,0.0,0.0,0.0,-0.780479,0.243599,-0.575595,0.014252
892105.0,0.000812,-7.2e-05,0.001309,48.054981,54.488419,6.303046,-0.004114,-0.047888,-0.037272,-1.957448,8.279739,0.0,0.0,0.0,0.0,-0.780463,0.243602,-0.575614,0.014241
892206.0,-0.001937,-7.2e-05,-0.000218,48.050232,54.467541,6.290039,-0.007823,-0.061625,-0.045133,-1.957743,8.283216,0.0,0.0,0.0,0.0,-0.780475,0.243615,-0.575593,0.014237
892311.0,-0.000104,-7.2e-05,-0.000523,48.049721,54.465225,6.288082,-0.007422,-0.056351,-0.041825,-1.947351,8.284059,0.0,0.0,0.0,0.0,-0.780467,0.243634,-0.575597,0.014236
892413.0,0.000201,0.00115,-0.000218,48.049774,54.465851,6.285863,-0.006739,-0.050974,-0.040063,-1.956627,8.281651,0.0,0.0,0.0,0.0,-0.780472,0.243638,-0.575589,0.014212
892514.0,-0.000104,0.000234,0.000393,48.049767,54.465805,6.294648,-0.006182,-0.046759,-0.029419,-1.957268,8.284594,0.0,0.0,0.0,0.0,-0.780469,0.243657,-0.575585,0.014201
892615.0,0.000812,-0.000988,0.000393,48.055092,54.455227,6.293952,-0.001244,-0.051609,-0.027535,-1.950746,8.275586,0.0,0.0,0.0,0.0,-0.780469,0.243628,-0.575596,0.01422
892716.0,-0.001631,-0.000988,0.001004,48.044945,54.454418,6.294001,-0.00967,-0.047907,-0.025174,-1.952326,8.286344,0.0,0.0,0.0,0.0,-0.780492,0.243627,-0.575567,0.014211
892817.0,-0.00041,-0.000988,0.000699,48.049343,54.454609,6.295018,-0.005115,-0.04366,-0.022185,-1.954749,8.28429,0.0,0.0,0.0,0.0,-0.780522,0.243627,-0.575526,0.014213
892918.0,-0.001326,-7.2e-05,0.001004,48.049805,54.444244,6.288486,-0.004274,-0.048769,-0.025829,-1.955511,8.282928,0.0,0.0,0.0,0.0,-0.780519,0.243615,-0.575534,0.01421
893019.0,-0.001937,-0.001294,-0.000523,48.049885,54.443455,6.289045,-0.00384,-0.045183,-0.023113,-1.950944,8.283815,0.0,0.0,0.0,0.0,-0.780518,0.243636,-0.575527,0.014187
893120.0,0.001118,0.00115,0.000699,48.049896,54.433014,6.286719,-0.003478,-0.050302,-0.0231,-1.951132,8.279295,0.0,0.0,0.0,0.0,-0.78052,0.243639,-0.575524,0.014172
893221.0,-0.000715,0.000845,0.001309,48.044548,54.421329,6.294811,-0.007849,-0.056069,-0.014102,-1.955069,8.281796,0.0,0.0,0.0,0.0,-0.780514,0.243653,-0.575526,0.014171
893379.0,-0.000715,-7.2e-05,8.8e-05,48.044502,54.433407,6.309484,-0.00782,-0.044068,-0.00023,-1.955802,8.287425,0.0,0.0,0.0,0.0,-0.780513,0.243655,-0.575526,0.014169
893480.0,0.000507,-0.000683,0.001004,48.049358,54.433857,6.314638,-0.002309,-0.039279,0.004734,-1.957965,8.284162,0.0,0.0,0.0,0.0,-0.780519,0.243689,-0.575504,0.01414
893581.0,-0.001631,-0.001904,0.001004,48.050026,54.423866,6.3126,-0.001488,-0.044757,0.002463,-1.959509,8.285049,0.0,0.0,0.0,0.0,-0.780537,0.2437,-0.575476,0.014124
893682.0,-0.001937,-0.000988,-0.000523,48.050095,54.433247,6.323834,-0.001289,-0.032141,0.012326,-1.957335,8.280664,0.0,0.0,0.0,0.0,-0.780521,0.243719,-0.57549,0.014105
893783.0,-0.001631,-0.000377,0.000699,48.050106,54.423996,6.334358,-0.001168,-0.037603,0.020677,-1.962162,8.279642,0.0,0.0,0.0,0.0,-0.780497,0.243746,-0.575512,0.014074
893884.0,-0.000104,0.000539,8.8e-05,48.044899,54.422943,6.335671,-0.005797,-0.035103,0.019978,-1.954973,8.28514,0.0,0.0,0.0,0.0,-0.780497,0.243748,-0.575511,0.014047
893985.0,-0.00041,-7.2e-05,0.000393,48.044361,54.422958,6.352586,-0.005759,-0.031858,0.033365,-1.957216,8.280267,0.0,0.0,0.0,0.0,-0.780501,0.243763,-0.5755,0.014032
894086.0,-0.000104,-0.001294,0.001004,48.044323,54.423058,6.360868,-0.005269,-0.028849,0.037782,-1.960602,8.280897,0.0,0.0,0.0,0.0,-0.780495,0.243788,-0.575499,0.014017
894187.0,-0.001326,-7.2e-05,-0.000523,48.049572,54.412815,6.36489,-4e-06,-0.035537,0.037971,-1.964281,8.282102,0.0,0.0,0.0,0.0,-0.780499,0.243815,-0.575483,0.013976
894288.0,-0.000104,-0.000988,-0.000218,48.044865,54.42223,6.386488,-0.004314,-0.023618,0.054025,-1.965299,8.281546,0.0,0.0,0.0,0.0,-0.780489,0.243825,-0.575491,0.013984
894391.0,-0.000715,-7.2e-05,-0.000218,48.044403,54.423126,6.394635,-0.004342,-0.019041,0.057371,-1.968454,8.278168,0.0,0.0,0.0,0.0,-0.780461,0.243871,-0.575511,0.013969
894492.0,0.001728,0.000845,0.000393,48.04435,54.423347,6.408206,-0.004005,-0.017137,0.064502,-1.962625,8.274939,0.0,0.0,0.0,0.0,-0.780469,0.243852,-0.575507,0.013985
894593.0,0.000507,0.001455,-0.000218,48.044353,54.423439,6.409901,-0.003666,-0.015586,0.060394,-1.961748,8.279034,0.0,0.0,0.0,0.0,-0.780475,0.243882,-0.575486,0.013963
894694.0,-0.001631,-0.001904,0.000393,48.039108,54.423496,6.415894,-0.007848,-0.014182,0.060299,-1.96796,8.282085,0.0,0.0,0.0,0.0,-0.780481,0.243886,-0.575477,0.013943
894795.0,0.000201,0.001761,0.000699,48.043861,54.423553,6.416006,-0.003015,-0.012882,0.055145,-1.965479,8.277039,0.0,0.0,0.0,0.0,-0.780477,0.243865,-0.575493,0.01393
894896.0,-0.000104,-0.00221,-0.000523,48.044334,54.423523,6.423636,-0.002332,-0.011765,0.056931,-1.965464,8.281739,0.0,0.0,0.0,0.0,-0.780485,0.243863,-0.575482,0.013922
894997.0,0.000201,-0.000377,-0.000829,48.039108,54.413124,6.420712,-0.006724,-0.019867,0.049342,-1.970019,8.278599,0.0,0.0,0.0,0.0,-0.780498,0.243853,-0.57547,0.013913
895098.0,-0.00041,0.001761,-0.000523,48.038612,54.412167,6.432564,-0.006556,-0.018938,0.055363,-1.963658,8.28044,0.0,0.0,0.0,0.0,-0.780497,0.243868,-0.575464,0.013917
895199.0,-0.000104,0.000845,-0.000218,48.038582,54.412155,6.432137,-0.00599,-0.017262,0.050082,-1.959977,8.278611,0.0,0.0,0.0,0.0,-0.780495,0.243844,-0.575477,0.013925
895301.0,0.003256,-0.000683,0.000393,48.038605,54.412212,6.43691,-0.005416,-0.015645,0.049805,-1.970286,8.281552,0.0,0.0,0.0,0.0,-0.780508,0.243843,-0.575461,0.013915
895402.0,0.000507,0.000539,8.8e-05,48.034176,54.403645,6.439925,-0.00972,-0.02393,0.052242,-1.967114,8.281563,0.0,0.0,0.0,0.0,-0.780507,0.243841,-0.575463,0.013917
895507.0,0.000201,-0.001294,-0.000523,48.032856,54.390942,6.432343,-0.010008,-0.033838,0.0397,-1.965725,8.279935,0.0,0.0,0.0,0.0,-0.780516,0.243861,-0.575442,0.013889
895609.0,-0.00102,-0.000377,0.000699,48.027374,54.399445,6.438566,-0.01399,-0.023195,0.041644,-1.966543,8.283135,0.0,0.0,0.0,0.0,-0.780542,0.243872,-0.575403,0.013864
895710.0,-0.000715,-0.000683,-0.000523,48.026867,54.389942,6.437878,-0.013194,-0.029533,0.037347,-1.962952,8.276755,0.0,0.0,0.0,0.0,-0.780525,0.243914,-0.575409,0.013859
895811.0,0.001728,-0.000377,8.8e-05,48.02689,54.389141,6.449496,-0.011999,-0.027608,0.04422,-1.967384,8.278371,0.0,0.0,0.0,0.0,-0.780554,0.243902,-0.575375,0.013854
895912.0,-0.000104,-0.000988,0.000393,48.026958,54.389202,6.457555,-0.010876,-0.025082,0.047372,-1.967122,8.278011,0.0,0.0,0.0,0.0,-0.78055,0.243912,-0.575375,0.013829
896013.0,-0.002853,0.000539,0.000393,48.02166,54.378757,6.45891,-0.014613,-0.032121,0.044344,-1.963087,8.276011,0.0,0.0,0.0,0.0,-0.780542,0.24391,-0.575388,0.0138
896114.0,-0.001631,-0.001294,8.8e-05,48.021107,54.377674,6.467707,-0.013793,-0.030203,0.048134,-1.967198,8.276756,0.0,0.0,0.0,0.0,-0.780538,0.243931,-0.575385,0.013783
896215.0,-0.000715,-0.000683,-0.000829,48.015743,54.3671,6.470084,-0.017307,-0.03688,0.045939,-1.967652,8.276309,0.0,0.0,0.0,0.0,-0.780553,0.243947,-0.57536,0.013755
896316.0,-0.000715,0.000845,0.000699,48.015308,54.366249,6.471985,-0.016129,-0.034305,0.043528,-1.971894,8.278109,0.0,0.0,0.0,0.0,-0.780579,0.243955,-0.575321,0.013738
896416.0,0.001118,-0.001294,-0.000523,48.01548,54.356251,6.477658,-0.013771,-0.043017,0.045183,-1.967358,8.273111,0.0,0.0,0.0,0.0,-0.780606,0.243963,-0.575281,0.01373
896517.0,0.002645,0.002066,-0.000218,48.010185,54.354771,6.47655,-0.017224,-0.040494,0.040037,-1.974461,8.277548,0.0,0.0,0.0,0.0,-0.780617,0.243979,-0.575259,0.013714
896618.0,-0.00041,0.000234,-0.000829,48.009674,54.344246,6.471713,-0.016192,-0.045814,0.032611,-1.965614,8.279813,0.0,0.0,0.0,0.0,-0.780615,0.243974,-0.575263,0.013729
896719.0,0.000201,-0.000377,0.000393,48.009731,54.343449,6.46626,-0.014777,-0.042595,0.025314,-1.965693,8.281485,0.0,0.0,0.0,0.0,-0.780619,0.243999,-0.575249,0.013712
896820.0,0.000201,-0.000988,-0.000523,48.004345,54.332756,6.456655,-0.018058,-0.047998,0.015138,-1.969892,8.282063,0.0,0.0,0.0,0.0,-0.780628,0.243968,-0.575249,0.013716
896922.0,-0.001631,0.001761,-0.000829,47.998489,54.331902,6.465732,-0.021479,-0.044583,0.021487,-1.967971,8.274083,0.0,0.0,0.0,0.0,-0.780629,0.243985,-0.575241,0.013717
897022.0,-0.00041,0.000539,8.8e-05,47.992645,54.310757,6.460493,-0.024645,-0.05887,0.015201,-1.972507,8.278927,0.0,0.0,0.0,0.0,-0.780625,0.244033,-0.575225,0.013701
897123.0,-0.001937,-7.2e-05,0.000699,47.992214,54.298328,6.450724,-0.022889,-0.064471,0.005557,-1.970403,8.27752,0.0,0.0,0.0,0.0,-0.780617,0.244025,-0.57524,0.013715
897224.0,-0.00102,0.000234,0.000393,47.981483,54.286774,6.440109,-0.030181,-0.068841,-0.004014,-1.970587,8.281854,0.0,0.0,0.0,0.0,-0.780619,0.244052,-0.575226,0.013681
897325.0,-0.00102,-0.000683,-0.000829,47.975182,54.286026,6.46135,-0.033023,-0.063404,0.014691,-1.969393,8.271224,0.0,0.0,0.0,0.0,-0.780614,0.244073,-0.575225,0.013691
897431.0,-0.00041,0.000845,-0.000218,47.971714,54.289871,6.450379,-0.036024,-0.059158,0.004275,-1.971567,8.272362,0.0,0.0,0.0,0.0,-0.780611,0.244075,-0.575228,0.013692
897537.0,-0.000715,-7.2e-05,-0.000218,47.968475,54.276619,6.433708,-0.035425,-0.066406,-0.012631,-1.965895,8.27299,0.0,0.0,0.0,0.0,-0.780613,0.244085,-0.57522,0.013692
897638.0,-0.00102,0.000234,-0.00144,47.968533,54.27433,6.437315,-0.032255,-0.062536,-0.008369,-1.97268,8.274946,0.0,0.0,0.0,0.0,-0.780612,0.244081,-0.575223,0.013697
897739.0,0.001118,-0.000683,-0.00144,47.968792,54.263783,6.4329,-0.029209,-0.066192,-0.011437,-1.968754,8.278355,0.0,0.0,0.0,0.0,-0.780624,0.244095,-0.575201,0.013699
897841.0,0.000507,-0.000683,8.8e-05,47.963352,54.262768,6.434645,-0.031341,-0.061278,-0.008957,-1.971522,8.279949,0.0,0.0,0.0,0.0,-0.780634,0.244112,-0.57518,0.013678
897941.0,-0.001937,0.000234,8.8e-05,47.957554,54.263191,6.447386,-0.033621,-0.055585,0.002691,-1.969637,8.273983,0.0,0.0,0.0,0.0,-0.780627,0.244132,-0.575183,0.013663
898042.0,-0.00041,-0.000988,-0.000218,47.962719,54.263657,6.459569,-0.026217,-0.050331,0.012872,-1.971781,8.273958,0.0,0.0,0.0,0.0,-0.780647,0.24411,-0.575164,0.013673
898144.0,-0.00041,-0.000377,0.000699,47.963436,54.242336,6.444313,-0.02329,-0.064379,-0.001319,-1.97323,8.272847,0.0,0.0,0.0,0.0,-0.780658,0.244133,-0.57514,0.013646
898245.0,0.001728,0.000539,-0.000523,47.958187,54.240673,6.45624,-0.025802,-0.060145,0.009041,-1.97315,8.278254,0.0,0.0,0.0,0.0,-0.780672,0.244126,-0.575124,0.013636
898346.0,-0.00041,-7.2e-05,-0.000218,47.957718,54.262402,6.468194,-0.023964,-0.03607,0.018515,-1.97278,8.278548,0.0,0.0,0.0,0.0,-0.780676,0.244141,-0.575112,0.013642
898448.0,0.000507,-0.001904,0.000699,47.964207,54.266335,6.472478,-0.013375,-0.027035,0.021228,-1.971929,8.278241,0.0,0.0,0.0,0.0,-0.780682,0.244145,-0.575103,0.013602
898549.0,-0.00041,0.000234,-0.000523,47.969547,54.265728,6.482837,-0.007459,-0.025154,0.028661,-1.966893,8.278267,0.0,0.0,0.0,0.0,-0.780686,0.244182,-0.575082,0.013576
898651.0,-0.002548,0.000845,-0.00144,47.970558,54.276867,6.498683,-0.006024,-0.014098,0.039202,-1.97333,8.281727,0.0,0.0,0.0,0.0,-0.780694,0.244182,-0.575072,0.013579
898752.0,0.000201,-0.001294,0.000393,47.976158,54.278,6.509677,-0.000978,-0.012024,0.044848,-1.972748,8.278551,0.0,0.0,0.0,0.0,-0.780688,0.244205,-0.575071,0.013581
898853.0,0.001118,-0.000988,-0.000218,47.982342,54.278236,6.50801,0.004168,-0.010832,0.039804,-1.971426,8.279842,0.0,0.0,0.0,0.0,-0.780688,0.24423,-0.57506,0.013565
898954.0,0.001118,-7.2e-05,0.000699,47.977398,54.278339,6.507328,-0.000286,-0.009834,0.035961,-1.970465,8.278339,0.0,0.0,0.0,0.0,-0.780703,0.244221,-0.575044,0.013541
899055.0,-0.000104,-0.000988,-0.00144,47.982418,54.278461,6.52461,0.00392,-0.008918,0.047197,-1.968622,8.270926,0.0,0.0,0.0,0.0,-0.780719,0.244232,-0.575018,0.013527
899157.0,-0.000104,-0.000377,0.000393,47.982883,54.27853,6.52322,0.003986,-0.008102,0.042075,-1.970677,8.277679,0.0,0.0,0.0,0.0,-0.780721,0.244233,-0.575015,0.013509
899258.0,0.000812,-0.000683,8.8e-05,47.987652,54.290424,6.55369,0.008017,0.002714,0.064674,-1.97411,8.282092,0.0,0.0,0.0,0.0,-0.780722,0.244245,-0.575009,0.013481
899358.0,0.001423,0.000845,0.000393,47.988461,54.290684,6.560178,0.008017,0.002714,0.064674,-1.970543,8.279466,0.0,0.0,0.0,0.0,-0.780708,0.244237,-0.575032,0.013475
899466.0,0.000812,-0.001599,8.8e-05,47.988194,54.300701,6.582458,0.007696,0.012094,0.084729,-1.971149,8.280519,0.0,0.0,0.0,0.0,-0.780713,0.244234,-0.575026,0.013475
899566.0,-0.000104,0.000234,0.000393,47.988285,54.301746,6.603555,0.007046,0.011935,0.096662,-1.970114,8.276284,0.0,0.0,0.0,0.0,-0.780719,0.244256,-0.57501,0.013436
899667.0,-0.00102,-0.000683,-0.000523,47.983128,54.30183,6.617685,0.001641,0.010894,0.100636,-1.973465,8.273978,0.0,0.0,0.0,0.0,-0.780718,0.244257,-0.57501,0.013452
899768.0,-0.00102,-0.000988,-0.000218,47.982609,54.301823,6.642503,0.000996,0.009879,0.113941,-1.972659,8.277636,0.0,0.0,0.0,0.0,-0.780737,0.244275,-0.574978,0.013412
899869.0,-0.000104,0.000234,8.8e-05,47.982552,54.311974,6.661176,0.000832,0.018296,0.120491,-1.975406,8.27633,0.0,0.0,0.0,0.0,-0.780738,0.244268,-0.574979,0.013417
899970.0,0.001118,0.000234,8.8e-05,47.98254,54.312973,6.680267,0.000761,0.017517,0.126819,-1.981382,8.270933,0.0,0.0,0.0,0.0,-0.780724,0.244282,-0.574992,0.013415
900071.0,-0.001326,-0.000377,8.8e-05,47.982544,54.32333,6.70667,0.000707,0.025433,0.139163,-1.976666,8.277508,0.0,0.0,0.0,0.0,-0.78072,0.244298,-0.574992,0.013379
900172.0,-0.000715,-7.2e-05,-0.000523,47.977364,54.324364,6.72158,-0.004149,0.024014,0.139935,-1.975934,8.277214,0.0,0.0,0.0,0.0,-0.780714,0.244314,-0.574993,0.013369
900273.0,0.000812,-0.001599,-0.000523,47.976849,54.334656,6.730778,-0.004227,0.031288,0.135409,-1.98114,8.277561,0.0,0.0,0.0,0.0,-0.780735,0.24431,-0.574967,0.013364
900374.0,-0.001326,0.001455,-0.000829,47.971653,54.345684,6.758937,-0.008632,0.038562,0.148672,-1.979868,8.277897,0.0,0.0,0.0,0.0,-0.780725,0.244354,-0.574964,0.013321
900479.0,0.000201,-0.000377,8.8e-05,47.971046,54.337814,6.758661,-0.008126,0.018425,0.124842,-1.97736,8.273171,0.0,0.0,0.0,0.0,-0.780698,0.244387,-0.574987,0.013273
900580.0,0.000507,0.000845,8.8e-05,47.971088,54.345886,6.780684,-0.007352,0.023994,0.133607,-1.976817,8.273698,0.0,0.0,0.0,0.0,-0.780714,0.244387,-0.574965,0.013252
900682.0,-0.000104,-0.000988,8.8e-05,47.971058,54.346775,6.7846,-0.006741,0.02267,0.125309,-1.97569,8.280804,0.0,0.0,0.0,0.0,-0.780721,0.244409,-0.574947,0.013242
900783.0,0.000812,-0.000988,-0.000829,47.971073,54.357056,6.799812,-0.006136,0.029501,0.127481,-1.976601,8.274844,0.0,0.0,0.0,0.0,-0.780721,0.244419,-0.574942,0.013242
900884.0,-0.002242,-0.002515,-0.000829,47.971054,54.368454,6.809771,-0.005611,0.036768,0.124976,-1.977909,8.271501,0.0,0.0,0.0,0.0,-0.780733,0.244454,-0.574911,0.013217
900985.0,0.001728,-0.001599,-0.000829,47.965851,54.369556,6.823005,-0.009651,0.034486,0.125465,-1.981542,8.281385,0.0,0.0,0.0,0.0,-0.780745,0.244472,-0.574887,0.013209
901086.0,0.000201,-7.2e-05,-0.001134,47.965347,54.369564,6.83521,-0.009237,0.031426,0.125055,-1.981575,8.280903,0.0,0.0,0.0,0.0,-0.780746,0.244495,-0.574878,0.013187
901187.0,0.002034,-0.001294,0.001004,47.960094,54.379799,6.850539,-0.01306,0.037696,0.127442,-1.975274,8.277422,0.0,0.0,0.0,0.0,-0.780769,0.244505,-0.574843,0.013176
901288.0,0.001118,-7.2e-05,0.001615,47.959602,54.391068,6.853164,-0.012313,0.044347,0.118331,-1.980674,8.278013,0.0,0.0,0.0,0.0,-0.780783,0.244489,-0.574831,0.01315
901390.0,0.000812,-0.000683,0.000393,47.95966,54.402161,6.875287,-0.011138,0.050279,0.127364,-1.979349,8.275536,0.0,0.0,0.0,0.0,-0.780784,0.244479,-0.574833,0.013136
901496.0,-0.000104,-7.2e-05,-0.000523,47.959881,54.410404,6.890024,-0.010802,0.058182,0.140597,-1.974286,8.280897,0.0,0.0,0.0,0.0,-0.780785,0.244481,-0.574832,0.013137
901601.0,-0.002853,0.000845,-0.000523,47.959499,54.415283,6.899768,-0.010066,0.05695,0.135699,-1.984032,8.27702,0.0,0.0,0.0,0.0,-0.780798,0.244472,-0.574818,0.013159
901703.0,0.001728,-0.000683,-0.001134,47.954201,54.426228,6.920525,-0.013882,0.061571,0.141956,-1.97838,8.270588,0.0,0.0,0.0,0.0,-0.7808,0.244475,-0.574813,0.013167
901803.0,-0.00102,-0.001294,0.001004,47.953705,54.427067,6.931681,-0.013083,0.056827,0.139179,-1.983051,8.27691,0.0,0.0,0.0,0.0,-0.780805,0.24449,-0.5748,0.013149
901904.0,0.000507,-0.000988,-0.000523,47.953716,54.437405,6.945944,-0.011898,0.060907,0.13937,-1.977575,8.273083,0.0,0.0,0.0,0.0,-0.780796,0.244505,-0.574807,0.013138
902005.0,0.003256,-7.2e-05,8.8e-05,47.948448,54.448677,6.960841,-0.015512,0.065468,0.140119,-1.991587,8.268996,0.0,0.0,0.0,0.0,-0.780807,0.244485,-0.5748,0.013145
902106.0,-0.000104,-0.000377,0.001004,47.94799,54.460041,6.968229,-0.014526,0.06971,0.134172,-1.97796,8.283257,0.0,0.0,0.0,0.0,-0.780819,0.244502,-0.574776,0.013148
902207.0,-0.00041,0.000845,8.8e-05,47.942593,54.461296,6.985063,-0.018031,0.064524,0.13704,-1.982497,8.268346,0.0,0.0,0.0,0.0,-0.780818,0.244509,-0.574774,0.013137
902308.0,-0.001937,0.000234,-0.00144,47.942123,54.471619,7.003937,-0.016819,0.067917,0.141466,-1.985394,8.277152,0.0,0.0,0.0,0.0,-0.780826,0.244527,-0.574757,0.013131
902410.0,0.001423,-7.2e-05,0.000393,47.936909,54.47192,7.019861,-0.019965,0.062029,0.142903,-1.981123,8.270858,0.0,0.0,0.0,0.0,-0.780828,0.244554,-0.574743,0.013112
902514.0,0.000812,0.000845,-0.000218,47.937004,54.480057,7.028878,-0.016033,0.065029,0.133305,-1.97989,8.268687,0.0,0.0,0.0,0.0,-0.780813,0.244527,-0.574774,0.013156
902615.0,0.002339,0.000234,-0.00144,47.936424,54.493618,7.050054,-0.015055,0.07151,0.141043,-1.979129,8.273203,0.0,0.0,0.0,0.0,-0.780813,0.244555,-0.574762,0.013149
902716.0,0.000507,-0.000377,0.000393,47.93121,54.495171,7.081738,-0.017869,0.067203,0.154861,-1.980044,8.275229,0.0,0.0,0.0,0.0,-0.780806,0.244582,-0.57476,0.013132
902817.0,-0.000104,0.000539,8.8e-05,47.925426,54.505524,7.09751,-0.020915,0.069946,0.154984,-1.978437,8.275405,0.0,0.0,0.0,0.0,-0.780825,0.24457,-0.574739,0.013135
902918.0,0.001423,0.00115,-0.000218,47.924942,54.516781,7.122034,-0.019639,0.073246,0.161951,-1.978362,8.276002,0.0,0.0,0.0,0.0,-0.780835,0.244561,-0.574729,0.013138
903019.0,-0.00102,-0.001294,0.000699,47.919651,54.528118,7.139718,-0.022308,0.076417,0.163001,-1.984279,8.279152,0.0,0.0,0.0,0.0,-0.780853,0.244578,-0.574698,0.013118
903120.0,-0.00102,-0.000377,0.000699,47.919094,54.539913,7.161164,-0.020918,0.079751,0.16705,-1.979677,8.27347,0.0,0.0,0.0,0.0,-0.780848,0.244609,-0.574692,0.01309
903222.0,-0.00041,0.000234,8.8e-05,47.913769,54.540668,7.184317,-0.02358,0.073677,0.172178,-1.979557,8.267664,0.0,0.0,0.0,0.0,-0.780852,0.244601,-0.574691,0.01309
903322.0,0.001423,-0.001294,-0.000829,47.907982,54.550957,7.200742,-0.026442,0.076081,0.171395,-1.977187,8.275915,0.0,0.0,0.0,0.0,-0.780864,0.244587,-0.574681,0.013092
903423.0,-0.00041,-0.000377,-0.000218,47.902321,54.561737,7.214062,-0.028989,0.078727,0.168046,-1.982726,8.273929,0.0,0.0,0.0,0.0,-0.780872,0.244587,-0.574669,0.013074
903523.0,0.000812,0.000845,-0.001134,47.902031,54.562103,7.23365,-0.025742,0.069395,0.171339,-1.988702,8.282212,0.0,0.0,0.0,0.0,-0.780877,0.244627,-0.574646,0.013069
903624.0,-0.001326,-0.000377,0.000393,47.901917,54.572865,7.243094,-0.023512,0.072727,0.164096,-1.979107,8.272943,0.0,0.0,0.0,0.0,-0.780885,0.244622,-0.574637,0.013058
903726.0,0.000812,0.001455,8.8e-05,47.896572,54.574032,7.242928,-0.025929,0.067698,0.150346,-1.986371,8.270812,0.0,0.0,0.0,0.0,-0.780895,0.244604,-0.574631,0.013053
903827.0,-0.000104,-0.000377,0.000699,47.896328,54.583981,7.25996,-0.023986,0.070221,0.151818,-1.986919,8.274147,0.0,0.0,0.0,0.0,-0.780897,0.244643,-0.574613,0.01305
903928.0,-0.001326,-0.000683,-0.001134,47.890896,54.585003,7.27188,-0.026478,0.065179,0.148995,-1.987099,8.273045,0.0,0.0,0.0,0.0,-0.780908,0.24464,-0.574599,0.013017
904029.0,-0.000715,-0.000377,0.000699,47.890511,54.595329,7.280954,-0.024571,0.068322,0.144084,-1.984132,8.271731,0.0,0.0,0.0,0.0,-0.780922,0.244658,-0.574573,0.013013
904129.0,-0.000104,-0.001294,0.000393,47.890614,54.606636,7.297392,-0.022388,0.072053,0.145697,-1.983177,8.272482,0.0,0.0,0.0,0.0,-0.78092,0.244643,-0.574582,0.013011
904230.0,-0.000104,0.000845,0.001309,47.885342,54.607327,7.304933,-0.024944,0.066434,0.13964,-1.983153,8.273897,0.0,0.0,0.0,0.0,-0.78093,0.24466,-0.574562,0.012968
904332.0,-0.001631,0.000234,-0.000218,47.884975,54.617699,7.321104,-0.02309,0.069565,0.141387,-1.983692,8.270386,0.0,0.0,0.0,0.0,-0.780921,0.244675,-0.574569,0.01296
904433.0,0.000201,-7.2e-05,-0.000218,47.885239,54.617851,7.326033,-0.02084,0.063607,0.133356,-1.984342,8.271653,0.0,0.0,0.0,0.0,-0.780936,0.244674,-0.574547,0.01297
904539.0,-0.001937,-0.000683,8.8e-05,47.88625,54.635075,7.335227,-0.015764,0.080062,0.126102,-1.976995,8.275679,0.0,0.0,0.0,0.0,-0.780932,0.244752,-0.574522,0.012899
904640.0,-0.00041,0.000845,-0.000523,47.885326,54.633148,7.337099,-0.01509,0.070022,0.114509,-1.991941,8.273932,0.0,0.0,0.0,0.0,-0.780939,0.244731,-0.57452,0.012939
904741.0,0.000507,-0.002515,-0.000829,47.874619,54.641182,7.356014,-0.021931,0.070737,0.12023,-1.985504,8.274969,0.0,0.0,0.0,0.0,-0.780948,0.244738,-0.574506,0.012921
904842.0,0.001423,0.000845,-0.000218,47.873688,54.641499,7.352057,-0.020976,0.065633,0.108088,-1.987788,8.267164,0.0,0.0,0.0,0.0,-0.780946,0.244781,-0.574491,0.012897
904943.0,0.001728,0.000234,-0.00144,47.873718,54.651878,7.360101,-0.019332,0.068502,0.105899,-1.982792,8.272214,0.0,0.0,0.0,0.0,-0.780946,0.244789,-0.574487,0.012891
905045.0,-0.00102,-0.001599,0.001004,47.873859,54.663239,7.381001,-0.017684,0.071975,0.113852,-1.984044,8.274101,0.0,0.0,0.0,0.0,-0.780948,0.244769,-0.574492,0.012904
905146.0,0.000201,-0.00221,-0.000218,47.868404,54.664337,7.397196,-0.020599,0.066994,0.117529,-1.986775,8.273541,0.0,0.0,0.0,0.0,-0.780966,0.244781,-0.574463,0.012902
905247.0,0.000507,-0.000377,8.8e-05,47.87352,54.674736,7.396903,-0.01477,0.069934,0.107738,-1.981559,8.271934,0.0,0.0,0.0,0.0,-0.780989,0.244777,-0.574434,0.012909
905348.0,0.000201,-0.000377,-0.000829,47.868652,54.664303,7.402064,-0.017553,0.055606,0.103135,-1.988901,8.269868,0.0,0.0,0.0,0.0,-0.780994,0.244787,-0.574423,0.012906
905449.0,-0.00041,-0.001294,8.8e-05,47.868393,54.673401,7.417634,-0.016288,0.05848,0.107342,-1.986761,8.268749,0.0,0.0,0.0,0.0,-0.781015,0.244798,-0.574389,0.01292
905553.0,-0.002242,-7.2e-05,-0.000523,47.868996,54.671986,7.430586,-0.013571,0.049633,0.10935,-1.98899,8.271114,0.0,0.0,0.0,0.0,-0.781048,0.244811,-0.57434,0.012883
905654.0,-0.000715,0.000845,-0.001134,47.8685,54.694275,7.467322,-0.012825,0.064556,0.13221,-1.982848,8.270245,0.0,0.0,0.0,0.0,-0.781039,0.244838,-0.57434,0.012871
905755.0,-0.000104,-0.000377,0.001004,47.868607,54.69735,7.461044,-0.011722,0.061878,0.116674,-1.989143,8.269939,0.0,0.0,0.0,0.0,-0.781048,0.244868,-0.574316,0.012833
905856.0,0.000812,0.002066,0.001004,47.868725,54.718994,7.476401,-0.010697,0.074043,0.119501,-1.985227,8.270267,0.0,0.0,0.0,0.0,-0.781047,0.24488,-0.574313,0.012801
905957.0,-0.003158,-0.002515,8.8e-05,47.874359,54.731491,7.497927,-0.005322,0.07807,0.127021,-1.984367,8.27174,0.0,0.0,0.0,0.0,-0.78104,0.244915,-0.574308,0.012775
906058.0,0.000507,0.001455,8.8e-05,47.875965,54.746552,7.503069,-0.003914,0.084143,0.120115,-1.985931,8.281004,0.0,0.0,0.0,0.0,-0.781037,0.244922,-0.574309,0.012785
906159.0,0.002339,-0.000683,-0.000218,47.87558,54.755066,7.515218,-0.003914,0.084143,0.120115,-1.985776,8.26628,0.0,0.0,0.0,0.0,-0.781055,0.244891,-0.574297,0.012856
906261.0,-0.00102,0.002066,-0.00144,47.881069,54.768871,7.512993,0.001038,0.088765,0.108229,-1.993496,8.271436,0.0,0.0,0.0,0.0,-0.781069,0.244919,-0.574265,0.012874
906361.0,0.005088,0.005731,-0.006937,47.881191,54.777775,7.523849,0.001038,0.088765,0.108229,-1.975381,8.311341,0.0,0.0,0.0,0.0,-0.781049,0.244928,-0.574283,0.013078
906462.0,-0.010183,0.006037,-0.02282,47.880577,54.770008,7.499441,0.000801,0.07407,0.077062,-2.071454,8.381942,0.0,0.0,0.0,0.0,-0.780905,0.245189,-0.574359,0.013465
906569.0,0.069229,0.005731,0.012916,47.885052,54.772057,7.50703,0.016477,0.053139,0.075423,-1.953226,8.444609,0.0,0.0,0.0,0.0,-0.781543,0.242999,-0.574387,0.014888
906670.0,-0.0111,-7.2e-05,0.003753,47.891987,54.780396,7.507146,0.021164,0.055743,0.067939,-1.900229,8.323839,0.0,0.0,0.0,0.0,-0.781594,0.242859,-0.574379,0.014795
906772.0,0.000201,-7.2e-05,0.001615,47.892658,54.771015,7.487272,0.020094,0.044843,0.046654,-1.913229,8.305672,0.0,0.0,0.0,0.0,-0.781612,0.242827,-0.574369,0.014774
906873.0,0.000507,-0.000683,0.001004,47.892818,54.770275,7.484324,0.018708,0.040947,0.04068,-1.907479,8.30302,0.0,0.0,0.0,0.0,-0.781625,0.242795,-0.574365,0.01474
906974.0,-0.000715,-7.2e-05,0.000699,47.897949,54.780289,7.474489,0.021192,0.045461,0.029619,-1.914009,8.303524,0.0,0.0,0.0,0.0,-0.781629,0.242795,-0.57436,0.014732
907074.0,-0.00041,-0.001294,-0.000218,47.89843,54.781231,7.479865,0.019879,0.042574,0.031561,-1.91248,8.312293,0.0,0.0,0.0,0.0,-0.781632,0.242757,-0.574372,0.014743
907175.0,-0.002548,0.000234,0.001615,47.898441,54.781242,7.480031,0.018245,0.039063,0.029049,-1.905244,8.313152,0.0,0.0,0.0,0.0,-0.78165,0.242764,-0.574345,0.014726
907276.0,-0.001326,0.000539,0.000393,47.898411,54.791374,7.482465,0.016669,0.044253,0.028623,-1.901018,8.303967,0.0,0.0,0.0,0.0,-0.781641,0.242761,-0.574359,0.014709
907378.0,-0.003769,-7.2e-05,0.001004,47.898285,54.802299,7.490201,0.015113,0.04977,0.032794,-1.913069,8.303995,0.0,0.0,0.0,0.0,-0.781648,0.242733,-0.574361,0.014702
907479.0,-0.00102,-0.001904,-0.000218,47.89843,54.80386,7.489532,0.013914,0.046748,0.029314,-1.912332,8.301406,0.0,0.0,0.0,0.0,-0.781655,0.242742,-0.574348,0.014678
907579.0,-0.002242,-7.2e-05,-0.001134,47.893597,54.813782,7.499986,0.004298,0.054852,0.039964,-1.910764,8.298876,0.0,0.0,0.0,0.0,-0.781672,0.242735,-0.574328,0.014682
907680.0,0.000201,0.000234,8.8e-05,47.897778,54.815102,7.499644,0.00749,0.051265,0.036036,-1.908247,8.305559,0.0,0.0,0.0,0.0,-0.781669,0.24274,-0.574331,0.014659
907781.0,0.000507,0.000234,0.000393,47.892994,54.815128,7.501955,0.002992,0.047087,0.034938,-1.924325,8.302656,0.0,0.0,0.0,0.0,-0.781664,0.242693,-0.574358,0.014667
907882.0,-0.00041,-0.001294,0.000393,47.892506,54.814999,7.50064,0.002331,0.043027,0.030894,-1.914706,8.304254,0.0,0.0,0.0,0.0,-0.781676,0.242699,-0.574338,0.014676
907983.0,0.000201,-7.2e-05,8.8e-05,47.897644,54.825161,7.500289,0.006471,0.047941,0.027955,-1.917245,8.301297,0.0,0.0,0.0,0.0,-0.781683,0.242735,-0.574313,0.014673
908084.0,0.001728,-7.2e-05,0.001309,47.892986,54.826359,7.512691,0.001928,0.044816,0.03612,-1.912825,8.304186,0.0,0.0,0.0,0.0,-0.781683,0.242718,-0.574321,0.014637
908186.0,0.001118,-0.000988,0.001004,47.902943,54.826317,7.508452,0.0104,0.040849,0.029312,-1.916572,8.305823,0.0,0.0,0.0,0.0,-0.781702,0.242668,-0.574317,0.014605
908286.0,0.002645,0.000234,8.8e-05,47.903904,54.846848,7.522534,0.010326,0.055208,0.038985,-1.912201,8.306468,0.0,0.0,0.0,0.0,-0.781705,0.242666,-0.574314,0.014591
908387.0,0.000201,-0.001294,0.000699,47.898693,54.848461,7.533412,0.004808,0.051712,0.045065,-1.914427,8.308921,0.0,0.0,0.0,0.0,-0.781713,0.24267,-0.574303,0.014569
908488.0,-0.00041,-7.2e-05,0.000699,47.887806,54.848812,7.5323,-0.005366,0.047349,0.040047,-1.914974,8.306236,0.0,0.0,0.0,0.0,-0.781708,0.242652,-0.574318,0.014561
908595.0,-0.000715,-0.00221,8.8e-05,47.891533,54.857887,7.546523,0.003939,0.056111,0.058679,-1.916572,8.3019,0.0,0.0,0.0,0.0,-0.781742,0.242695,-0.574255,0.014485
908696.0,0.000201,-7.2e-05,0.000393,47.892467,54.860653,7.551455,0.004423,0.0535,0.057683,-1.920195,8.305704,0.0,0.0,0.0,0.0,-0.781759,0.242673,-0.574241,0.014496
908797.0,-0.00041,0.000539,0.001309,47.882061,54.860638,7.554656,-0.003621,0.049479,0.055621,-1.923203,8.305132,0.0,0.0,0.0,0.0,-0.781762,0.242685,-0.574233,0.014461
908898.0,-0.001631,-7.2e-05,-0.000523,47.88102,54.860443,7.544133,-0.004127,0.045559,0.043183,-1.918798,8.305249,0.0,0.0,0.0,0.0,-0.781775,0.24268,-0.574217,0.014453
908999.0,-0.001326,-0.001294,8.8e-05,47.880939,54.860264,7.540173,-0.003863,0.041828,0.036634,-1.918618,8.309077,0.0,0.0,0.0,0.0,-0.78177,0.242694,-0.574219,0.014431
909100.0,-0.001631,-0.000683,-0.000523,47.880936,54.8601,7.548485,-0.003549,0.038317,0.040343,-1.914357,8.307976,0.0,0.0,0.0,0.0,-0.781779,0.242685,-0.57421,0.014433
909201.0,-0.000715,0.000234,-0.000523,47.880959,54.870346,7.56092,-0.003237,0.04357,0.047218,-1.923413,8.300824,0.0,0.0,0.0,0.0,-0.781772,0.242693,-0.574217,0.014423
909302.0,0.000507,-0.000377,-0.000218,47.880943,54.861065,7.562637,-0.002972,0.03213,0.044658,-1.925885,8.309495,0.0,0.0,0.0,0.0,-0.781784,0.24268,-0.574206,0.014433
909403.0,0.000201,-0.000377,-0.000523,47.875675,54.870216,7.57781,-0.007179,0.037125,0.053649,-1.918651,8.300032,0.0,0.0,0.0,0.0,-0.781806,0.242693,-0.574171,0.014401
909504.0,0.000201,0.000234,-0.000218,47.87516,54.871159,7.581614,-0.00701,0.034721,0.052278,-1.922094,8.305314,0.0,0.0,0.0,0.0,-0.781799,0.242684,-0.574184,0.014411
909610.0,-0.001937,0.000539,0.000699,47.880245,54.881443,7.592044,0.001245,0.044111,0.058715,-1.915437,8.300595,0.0,0.0,0.0,0.0,-0.781845,0.242662,-0.574131,0.014391
909711.0,-0.002853,-7.2e-05,0.001309,47.875824,54.882858,7.59536,-0.002638,0.041523,0.056391,-1.932698,8.311628,0.0,0.0,0.0,0.0,-0.781847,0.242663,-0.574128,0.01438
909812.0,-0.000715,-0.001904,0.000699,47.875362,54.882812,7.59061,-0.002794,0.038132,0.047922,-1.913808,8.310493,0.0,0.0,0.0,0.0,-0.781853,0.24266,-0.574121,0.014367
909913.0,-0.00102,0.000234,0.001004,47.875332,54.882618,7.576652,-0.002588,0.034821,0.032599,-1.91712,8.307916,0.0,0.0,0.0,0.0,-0.781857,0.242663,-0.574115,0.01434
910014.0,0.000507,-0.001599,8.8e-05,47.870003,54.882427,7.585615,-0.0068,0.031731,0.037277,-1.91433,8.303361,0.0,0.0,0.0,0.0,-0.781877,0.242656,-0.574091,0.014331
910115.0,-0.000715,0.000845,-0.000218,47.86945,54.882442,7.57979,-0.006682,0.029065,0.029302,-1.919749,8.300807,0.0,0.0,0.0,0.0,-0.781898,0.242643,-0.574069,0.014331
910216.0,-0.00102,-0.000377,8.8e-05,47.874805,54.882275,7.587785,-0.00157,0.026433,0.033532,-1.927403,8.30727,0.0,0.0,0.0,0.0,-0.781907,0.242619,-0.574064,0.014379
910317.0,-0.002242,-0.000988,-0.000218,47.869984,54.882107,7.584032,-0.005549,0.024009,0.027487,-1.923177,8.307871,0.0,0.0,0.0,0.0,-0.781904,0.242651,-0.574057,0.014367
910418.0,0.000507,-0.001294,-0.001134,47.869556,54.881813,7.591581,-0.005426,0.021677,0.031575,-1.925696,8.301989,0.0,0.0,0.0,0.0,-0.781887,0.242679,-0.574068,0.014342
910518.0,-0.00041,0.000234,-0.000523,47.869514,54.881817,7.595598,-0.004989,0.019779,0.032291,-1.929749,8.304317,0.0,0.0,0.0,0.0,-0.781895,0.2427,-0.574048,0.014329
910625.0,0.000812,0.000234,0.000393,47.86972,54.880989,7.593604,-0.003779,0.014968,0.024076,-1.92679,8.317986,0.0,0.0,0.0,0.0,-0.781965,0.242659,-0.573972,0.014291
910727.0,0.001118,-0.000988,-0.000523,47.869564,54.891289,7.603855,-0.003557,0.023082,0.031863,-1.921275,8.302658,0.0,0.0,0.0,0.0,-0.781967,0.242654,-0.57397,0.014289
910828.0,0.000201,-7.2e-05,8.8e-05,47.87492,54.882675,7.58849,0.000699,0.014924,0.017422,-1.927253,8.300036,0.0,0.0,0.0,0.0,-0.781965,0.242657,-0.573972,0.014309
910929.0,0.001118,0.000539,8.8e-05,47.875511,54.881641,7.600503,0.001085,0.01301,0.025191,-1.923751,8.302363,0.0,0.0,0.0,0.0,-0.781975,0.242653,-0.57396,0.014293
911029.0,0.003256,0.000539,8.8e-05,47.880936,54.881454,7.606186,0.005198,0.011853,0.027618,-1.914076,8.303887,0.0,0.0,0.0,0.0,-0.781967,0.242644,-0.573975,0.014283
911130.0,-0.000715,-0.000683,-0.000218,47.881454,54.881355,7.604565,0.005198,0.010835,0.024149,-1.916595,8.303965,0.0,0.0,0.0,0.0,-0.781962,0.242697,-0.57396,0.01424
911231.0,-0.001937,0.000539,0.000393,47.876087,54.88129,7.60755,0.000424,0.009897,0.024582,-1.931688,8.31053,0.0,0.0,0.0,0.0,-0.781987,0.242691,-0.573928,0.014259
911332.0,0.003256,0.00115,-0.001134,47.875534,54.891911,7.612303,-7.5e-05,0.017838,0.026438,-1.915624,8.302584,0.0,0.0,0.0,0.0,-0.781985,0.24271,-0.573923,0.014266
911433.0,-0.004686,-0.000988,-0.001134,47.875481,54.882168,7.615678,-0.000121,0.008223,0.027019,-1.924876,8.304544,0.0,0.0,0.0,0.0,-0.781985,0.242724,-0.573917,0.014269
911535.0,0.003866,-0.00221,-0.000523,47.880882,54.891899,7.618055,0.004446,0.015723,0.026716,-1.928361,8.293036,0.0,0.0,0.0,0.0,-0.781992,0.242739,-0.573901,0.014275
911639.0,0.002339,-0.000683,-0.000218,47.8708,54.881672,7.62115,-0.010738,-0.001355,0.02715,-1.9317,8.282937,0.0,0.0,0.0,0.0,-0.782016,0.242789,-0.573849,0.014237
911740.0,-0.002548,0.000845,-0.000218,47.873714,54.880592,7.62409,-0.006847,-0.002257,0.027344,-1.870623,8.312592,0.0,0.0,0.0,0.0,-0.781999,0.242845,-0.573845,0.01434
911841.0,0.008448,0.00115,-0.000829,47.874851,54.880314,7.630597,-0.005484,-0.002281,0.030224,-1.929745,8.271702,0.0,0.0,0.0,0.0,-0.782039,0.242777,-0.57382,0.014321
911942.0,0.002645,-0.000683,0.000393,47.875011,54.880329,7.630848,-0.004952,-0.002106,0.028127,-1.923713,8.340154,0.0,0.0,0.0,0.0,-0.782035,0.242803,-0.573816,0.014268
912043.0,0.000201,0.000234,-0.000829,47.875065,54.880341,7.634183,-0.004528,-0.001939,0.028501,-1.914505,8.308619,0.0,0.0,0.0,0.0,-0.78203,0.242822,-0.573816,0.014247
912145.0,-0.000104,-0.001294,-0.000218,47.880543,54.89114,7.642492,0.000154,0.006703,0.032731,-1.919243,8.308873,0.0,0.0,0.0,0.0,-0.782049,0.242802,-0.573796,0.014272
912246.0,0.000201,0.000539,0.001004,47.881107,54.881397,7.638896,0.000593,-0.001594,0.027267,-1.917976,8.303404,0.0,0.0,0.0,0.0,-0.782039,0.242829,-0.573799,0.014256
912347.0,0.004783,0.000845,-0.001134,47.881165,54.880375,7.636123,0.00059,-0.002279,0.022836,-1.92465,8.283642,0.0,0.0,0.0,0.0,-0.782034,0.242819,-0.573812,0.014232
912448.0,0.000201,-7.2e-05,0.000393,47.886669,54.880333,7.642333,0.005074,-0.002134,0.026005,-1.926669,8.309111,0.0,0.0,0.0,0.0,-0.782037,0.242851,-0.573794,0.014206
912549.0,0.001118,0.000234,8.8e-05,47.88718,54.880329,7.642596,0.005077,-0.001967,0.024063,-1.934733,8.304958,0.0,0.0,0.0,0.0,-0.782039,0.242852,-0.573792,0.01415
912649.0,-0.003464,-0.001294,-0.000829,47.887028,54.891121,7.661692,0.004351,0.010157,0.041811,-1.911173,8.30279,0.0,0.0,0.0,0.0,-0.782015,0.242938,-0.573788,0.014164
912751.0,0.005394,-0.000377,0.000393,47.892422,54.88213,7.665696,0.008563,0.001589,0.041603,-1.92924,8.301388,0.0,0.0,0.0,0.0,-0.782009,0.242921,-0.573801,0.014268
912852.0,0.002034,-0.000377,0.000699,47.89312,54.880676,7.662646,0.008434,0.000302,0.035749,-1.918596,8.299366,0.0,0.0,0.0,0.0,-0.782002,0.242903,-0.573819,0.014241
912953.0,-0.003769,-0.000988,0.001004,47.893185,54.891399,7.680327,0.007803,0.008899,0.046977,-1.924874,8.305515,0.0,0.0,0.0,0.0,-0.782011,0.242881,-0.573818,0.014183
913054.0,0.000812,-0.000683,-0.000829,47.898655,54.892464,7.693306,0.011624,0.009039,0.053628,-1.926441,8.307593,0.0,0.0,0.0,0.0,-0.782021,0.242876,-0.573806,0.014145
913155.0,0.000201,0.000539,-0.00205,47.899132,54.892494,7.697209,0.011034,0.008316,0.05239,-1.92112,8.300434,0.0,0.0,0.0,0.0,-0.781997,0.24296,-0.573803,0.014169
913256.0,0.001423,0.000234,-0.000523,47.893524,54.903381,7.710831,0.005457,0.016656,0.059226,-1.936878,8.287412,0.0,0.0,0.0,0.0,-0.781995,0.242977,-0.573799,0.014163
913357.0,0.000507,0.001455,-0.000523,47.898468,54.904343,7.720095,0.009122,0.016053,0.061964,-1.935047,8.30874,0.0,0.0,0.0,0.0,-0.781989,0.242947,-0.57382,0.014196
913459.0,-0.000715,0.000845,-0.000829,47.89867,54.912903,7.729199,0.008091,0.022549,0.064795,-1.932793,8.303691,0.0,0.0,0.0,0.0,-0.781987,0.242953,-0.573819,0.014177
913560.0,-0.000715,0.000539,8.8e-05,47.903267,54.914024,7.726142,0.011574,0.021478,0.056043,-1.92856,8.297672,0.0,0.0,0.0,0.0,-0.781996,0.242957,-0.573807,0.014159
913660.0,0.001423,-0.000377,-0.00144,47.907833,54.914577,7.731291,0.024156,0.015636,0.0549,-1.93827,8.296377,0.0,0.0,0.0,0.0,-0.782023,0.242943,-0.573773,0.014252
913762.0,0.001423,-7.2e-05,-0.003272,47.909378,54.924221,7.730466,0.023328,0.022808,0.048463,-1.909213,8.297545,0.0,0.0,0.0,0.0,-0.782008,0.242976,-0.573776,0.014377
913864.0,-0.001326,-0.000683,8.8e-05,47.909512,54.915089,7.726904,0.021704,0.014486,0.041685,-1.940298,8.276482,0.0,0.0,0.0,0.0,-0.781996,0.243006,-0.57378,0.014369
913965.0,-0.004991,-0.001904,0.000393,47.909645,54.92432,7.732869,0.020165,0.020242,0.043046,-1.919233,8.31718,0.0,0.0,0.0,0.0,-0.781971,0.243134,-0.573758,0.014439
914066.0,0.002339,0.002066,-0.00144,47.909622,54.925282,7.731541,0.018573,0.019407,0.038509,-1.924969,8.281869,0.0,0.0,0.0,0.0,-0.781979,0.24314,-0.573745,0.014441
914168.0,-0.002548,0.000234,-0.000829,47.909588,54.92535,7.735285,0.017033,0.017886,0.038382,-1.926753,8.30378,0.0,0.0,0.0,0.0,-0.781974,0.243187,-0.573733,0.014367
914268.0,-0.00041,-7.2e-05,-0.003883,47.909557,54.925331,7.737588,0.015605,0.01639,0.037072,-1.950935,8.311838,0.0,0.0,0.0,0.0,-0.781978,0.243218,-0.573714,0.014399
914369.0,0.000812,-0.001599,0.001004,47.914585,54.925205,7.737754,0.018516,0.014906,0.034046,-1.921519,8.309613,0.0,0.0,0.0,0.0,-0.781949,0.243317,-0.573712,0.014369
914471.0,0.001423,-0.001294,-0.000218,47.915169,54.925282,7.740404,0.01739,0.013642,0.033327,-1.935658,8.308006,0.0,0.0,0.0,0.0,-0.781978,0.243284,-0.57369,0.014291
914572.0,-0.00102,0.000845,0.001004,47.915192,54.925255,7.742487,0.015869,0.01241,0.032198,-1.925675,8.300897,0.0,0.0,0.0,0.0,-0.78196,0.243292,-0.573712,0.014225
914674.0,-0.001937,-0.000683,0.000393,47.920227,54.925365,7.750754,0.020583,0.010833,0.03862,-1.933131,8.306235,0.0,0.0,0.0,0.0,-0.781943,0.243349,-0.573713,0.014129
914775.0,0.000812,-0.002515,-0.001745,47.920933,54.935493,7.746263,0.019393,0.018633,0.031085,-1.961679,8.304086,0.0,0.0,0.0,0.0,-0.781965,0.243326,-0.573692,0.014133
914875.0,-0.002548,-0.000377,0.000699,47.926132,54.936481,7.753517,0.022108,0.017881,0.034578,-1.916959,8.321879,0.0,0.0,0.0,0.0,-0.78198,0.243341,-0.573668,0.014058
914976.0,-0.00041,-0.000683,-0.00144,47.926617,54.946754,7.760658,0.020619,0.025095,0.037682,-1.938718,8.28956,0.0,0.0,0.0,0.0,-0.782002,0.243304,-0.573653,0.014066
915078.0,-0.00041,-0.000683,-0.001745,47.926636,54.937538,7.761173,0.018818,0.014923,0.034832,-1.92239,8.289912,0.0,0.0,0.0,0.0,-0.781995,0.243364,-0.573637,0.014092
915179.0,-0.004991,-0.000988,-0.000218,47.931877,54.94688,7.763841,0.021732,0.021764,0.03409,-1.940017,8.313185,0.0,0.0,0.0,0.0,-0.782023,0.243364,-0.573599,0.014054
915280.0,-0.00041,-0.000377,-0.00144,47.927166,54.947811,7.767576,0.015628,0.020635,0.034342,-1.929437,8.278193,0.0,0.0,0.0,0.0,-0.782043,0.243399,-0.573557,0.014058
915381.0,-0.002853,0.000539,-0.00144,47.926563,54.947735,7.765521,0.013688,0.018714,0.02947,-1.925996,8.314408,0.0,0.0,0.0,0.0,-0.782027,0.243447,-0.573559,0.014064
915482.0,0.002034,0.000539,-0.00205,47.926563,54.947807,7.775129,0.012446,0.017085,0.035368,-1.939685,8.302068,0.0,0.0,0.0,0.0,-0.782026,0.243478,-0.573547,0.014054
